<?xml version="1.0" encoding="UTF-8"?>
<TEI xml:id="AEHNLICH_Barbara_Das_Th_ringische_Flurnamenportal" xmlns="http://www.tei-c.org/ns/1.0">
    <teiHeader>
        <fileDesc>
            <titleStmt>
                <title>Das Thüringische Flurnamenportal</title>
                <author>
                    <persName>
                        <surname>Aehnlich</surname>
                        <forename>Barbara</forename>
                    </persName>
                    <affiliation>Friedrich-Schiller-Universität Jena, Deutschland</affiliation>
                    <email>barbara.aehnlich@uni-jena.de</email>
                    <idno type="ORCID">0000-0003-1492-7766</idno>
                </author>
                <author>
                    <persName>
                        <surname>Kunze</surname>
                        <forename>Petra</forename>
                    </persName>
                    <affiliation>Thüringer Universitäts- und Landesbibliothek Jena</affiliation>
                    <email>petra.kunze@uni-jena.de</email>
                </author>
            </titleStmt>
            <editionStmt>
                <edition>
                    <date>2022-11-24T13:47:00Z</date>
                </edition>
            </editionStmt>
            <publicationStmt>
                    <publisher>Culture and Computation Lab</publisher>
                    <address>
                        <addrLine>Université du Luxembourg</addrLine>
                        <addrLine>2, Avenue de l'Université</addrLine>
                        <addrLine>L-4365 Esch-sur Alzette</addrLine>
                        <addrLine>Luxembourg</addrLine>
                    </address>
                    <publisher>Luxembourg Centre for Contemporary and Digital History</publisher>
                    <address>
                        <addrLine>Université du Luxembourg</addrLine>
                        <addrLine>2, Avenue de l'Université</addrLine>
                        <addrLine>L-4365 Esch-sur Alzette</addrLine>
                        <addrLine>Luxembourg</addrLine>
                    </address>
                    <publisher>Trier Center for Digital Humanities</publisher>
                    <address>
                        <addrLine>Universität Trier</addrLine>  
                        <addrLine>Universitätsring 15</addrLine>
                        <addrLine>54296 Trier</addrLine>
                        <addrLine>Deutschland</addrLine>
                    </address>
                </publicationStmt>
            <sourceDesc>
                <p>Converted from a Word document</p>
            </sourceDesc>
        </fileDesc>
        <encodingDesc>
            <appInfo>
                <application ident="DHCONVALIDATOR" version="1.22">
                    <label>DHConvalidator</label>
                </application>
            </appInfo>
        </encodingDesc>
        <profileDesc>
            <textClass>
                <keywords scheme="ConfTool" n="category">
                    <term>Paper</term>
                </keywords>
                <keywords scheme="ConfTool" n="subcategory">
                    <term>Posterpräsentation</term>
                </keywords>
                <keywords scheme="ConfTool" n="keywords">
                    <term>Flurnamenforschung</term>
                    <term>Thüringisches Flurnamenportal</term>
                    <term>kulturelles Erbe</term>
                    <term>Citizen Science</term>
                    <term>Open Culture</term>
                    <term>Digitalisierung Flurnamenarchiv</term>
                </keywords>
                <keywords scheme="ConfTool" n="topics">
                    <term>Sammlung</term>
                    <term>Archivierung</term>
                    <term>Community-Bildung</term>
                    <term>Kollaboration</term>
                    <term>Visualisierung</term>
                    <term>Karte</term>
                </keywords>
            </textClass>
        </profileDesc>
    </teiHeader>
    <text>
        <body>
            <p rend="GFN-Absatz mit Einzug">
                <hi style="font-size:12pt" xml:space="preserve">Flurnamen sind Benennungen von Örtlichkeiten der Siedlungsflur, die vor allem der Gliederung der Landschaft dienen. Es handelt sich um die Bezeichnungen für Wälder, Felder, Wiesen, Berge, Gewässer und alle anderen natürlichen oder durch den Menschen beeinflussten Geländegegebenheiten, an denen sich der Mensch in der Landschaft orientiert. Auffallend ist ihr eingeschränkter Kommunikationsradius. Sie werden meist nur von Einheimischen benutzt, gelegentlich auch nur von einzelnen Familien. Flurnamen reagieren stark auf gesellschaftliche Veränderungen sowie Gegebenheiten wie Besitzwechsel oder variierende Bodenbewirtschaftung und sind deshalb nicht so stabil wie andere Örtlichkeitsbezeichnungen. Ihre schriftliche Überlieferung ist mundartlich geprägt. Flurnamen spiegeln das enge Verhältnis der Namengeber zu ihrem Lebens- und Arbeitsumfeld wider. Da es zumeist die bäuerliche Landbevölkerung war, die Flurnamen vergab, wurden diese Bestandteil regionaler Identität. </hi>
            </p>
            <p rend="GFN-Absatz mit Einzug">
                <hi style="font-size:12pt">Flurnamen gehören zum immateriellen Kulturerbe: Ihre Erforschung gibt Aufschluss über die Siedlungsgeschichte und ehemalige Raumstrukturen, sie liefert Erkenntnisse über die Entwicklung der deutschen Sprache und ihrer Dialekte. Viele andere Wissenschaftsbereiche wie die Volkskunde, die Wirtschafts- und Sozialgeschichte, die Rechtsgeschichte sowie die Botanik, Zoologie und Geologie profitieren ebenfalls von den Forschungsergebnissen.</hi>
            </p>
            <p rend="GFN-Absatz" style="text-align: justify; ">
                <hi style="font-size:12pt">In Thüringen wird seit über 110 Jahren Flurnamenforschung betrieben. Dabei wurden insgesamt etwa 200.000 Namen aus Thüringen und dem Süden Sachsen-Anhalts erhoben und in einem Zettelarchiv an der Universität Jena gesammelt. Zusätzlich wurden seit 1999 in einem von Barbara Aehnlich wissenschaftlich betreuten Ehrenamtsprojekt mehr als 500 Sammlungen mit insgesamt rund 40.000 Namen von über 360 aktiven Mitarbeitenden eingereicht. Insgesamt ist mit einem Bestand von 300.000 bis 350.000 Flurnamen für Thüringen zu rechnen.</hi>
            </p>
            <p rend="GFN-Absatz mit Einzug">
                <hi style="font-size:12pt">Die Digitalisierung der umfangreichen Belegsammlung des Flurnamenarchivs wird seit 2019 von der Thüringer Staatskanzlei gefördert und zielt auf die öffentliche Sicht- und Nutzbarkeit des in Kooperation mit der Thüringer Universitäts- und Landesbibliothek (ThULB) entstehenden Portals.</hi><ref n="1" target="ftn1"/>
                <hi style="font-size:12pt">In diesem Digitalisierungsprojekt werden die Belege transkribiert und in die Datenbank Collections@UrMEL</hi><ref n="2" target="ftn2"/>
                <hi style="font-size:12pt" xml:space="preserve"> eingetragen. Abkürzungen und bibliographische Angaben werden dabei nach Möglichkeit aufgelöst. Etwa 72.000 Namenbelege sind bereits im Portal sichtbar.</hi><ref n="3" target="ftn3"/>
                <hi style="font-size:12pt" xml:space="preserve">Parallel zur Abschrift werden die gescannten Belege mit den Gemarkungen verknüpft und in einem gemeinsamen Viewer zur Verfügung gestellt. Außerdem werden die Gemarkungen mit der zugehörigen Orts-ID der Gemeinsamen Normdatei (GND) und künftig die Flurstücke mit den offenen Geodaten des Thüringer Landesamtes für Bodenmanagement und Geoinformation verknüpft. Durch die in diesen Datensätzen enthaltenen Informationen wird eine Präsentation der Gemarkungen und Flurstücke in OpenStreetMap möglich. Das Portal macht also das Datenmaterial sicht- und nutzbar und ergänzt die Gemarkungen mit Kartenmaterial. Es stellt den bisher nur in Zettelform zur Verfügung stehenden Archivbestand dar und ist ein wichtiger Schritt, die Thüringer Flurnamenforschung in die Zukunft zu führen. </hi>
            </p>
            <p rend="Verzeichnis" style="text-align: left; text-align: justify;">
                <hi style="font-size:12pt">Aktuell wird die Zusammenarbeit von Bürger*innen und Wissenschaft intensiviert. In engem Austausch erheben Ehrenamtliche die Flurnamen und erfassen das lokale Wissen ihrer Heimatorte, indem sie die mundartliche Lautung der Namen, Sagen und Legenden sowie Informationen zu landschaftlichen und historischen Gegebenheiten aufzeichnen und private Quellen erschließen. Die Bürger*innen werden durch verschiedene Maßnahmen geschult (Online- und Präsenzveranstaltungen, Flurnamensprechstunden, Workshops), so dass jede Altersgruppe ihren Fähigkeiten entsprechend mitwirken kann. Die Interaktion und der Austausch stehen dabei im Vordergrund. In der ThULB wird derzeit das Datenmodell des Flurnamenportals an diese Datenbestände angepasst und erweitert, damit die Belege passgenau eingegeben und dargestellt werden können. Aktuell wird die webbasierte Eingabemaske so angepasst, dass es in absehbarer Zeit möglich sein wird, dass die Bürger*innen ihre Ergebnisse selbst eintragen und diese nach einer wissenschaftlichen Überprüfung im Portal sichtbar werden. Die Arbeitsschritte im Projekt und deren Erfolge werden im Thüringischen Flurnamenportal, aber auch über Social-Media-Kanäle</hi><ref n="4" target="ftn4"/>
                <hi style="font-size:12pt" xml:space="preserve">und Tagungsbeiträge der Öffentlichkeit vorgestellt. </hi>
            </p>
            <p rend="GFN-Absatz mit Einzug">
                <hi style="font-size:12pt">Langfristig sollen die thüringischen Flurnamen flächendeckend erschlossen sowie sprach- und kulturwissenschaftlich ausgewertet werden. Alle Bestände sollen im Thüringischen Flurnamenportal zusammengeführt werden, um diese Informationen für die interessierte Öffentlichkeit und Forschende gleichermaßen zugänglich zu machen. Die digitale Auswertung und Darstellung des gesammelten sprachlichen Materials im Flurnamenportal verspricht im Sinne von Open Culture Auskünfte über die Geschichte der Orte, frühere Bodennutzungen und Landschaftsgestaltungen, Traditionen und Kultur, Siedlungsströme und Rechtsverhältnisse. Dies großräumig herauszuarbeiten und Verbreitungen auch kartografisch darzustellen, ist das große Ziel des thüringischen Flurnamenprojektes. Das Poster stellt die Arbeitsprozesse bei der Erstellung des Thüringischen Flurnamenportals sowie den bürgerwissenschaftlichen Ansatz vor und zeigt exemplarisch die Herausforderungen und unsere Lösungsansätze. Dabei werden auch der geplante Workflow für die Dateneingabe durch Ehrenamtliche, die Visualisierungsmöglichkeiten, die Social-Media-Aktivitäten und die Nutzung des Portals vorgestellt.</hi>
            </p>
        </body>
        <back>
<div type="notes">
<note rend="footnote text" xml:id="ftn1" n="1">
                    
                        <hi style="font-size:8pt" xml:space="preserve"> http://projekte.thulb.uni-jena.de/flurnamen [letzter Abruf 25.11.2022]. Vgl. dazu ausführlich: Aehnlich (2019, 2021).</hi>
                    
                </note>
<note rend="footnote text" xml:id="ftn2" n="2">
                    
                        <hi style="font-size:8pt" xml:space="preserve"> https://archive.thulb.uni-jena.de/hisbest [letzter Abruf 28.07.2021]. Die Universal Multimedia Electronic Library (UrMEL) ist die zentrale Zugangsplattform der Thüringer Universitäts- und Landesbibliothek (ThULB) für ihre multimedialen Angebote. Dabei handelt es sich um wissenschaftliche Informationsangebote und kulturelle Überlieferungen.</hi>
                    
                </note>
<note rend="footnote text" xml:id="ftn3" n="3">
                    
                        <hi style="font-size:8pt" xml:space="preserve"> Stand: November 2022.</hi>
                    
                </note>
<note rend="footnote text" xml:id="ftn4" n="4">
                    
                        <ref target="https://www.facebook.com/thueringische.flurnamen">
                            <hi style="font-size:8pt">https://www.facebook.com/thueringische.flurnamen</hi>
                        </ref>
                        <hi style="font-size:8pt" xml:space="preserve"> und </hi>
                        <ref target="https://www.instagram.com/thueringische.flurnamen/">
                            <hi style="font-size:8pt">https://www.instagram.com/thueringische.flurnamen/</hi>
                        </ref>
                    
                </note></div>
            <div type="bibliogr">
                <listBibl>
<head>Bibliographie</head>
                    <bibl>
                        <hi style="font-size:12pt" xml:space="preserve">Barbara Aehnlich. 2021. „Das Thüringer Flurnamenportal – Ein Werkstattbericht“ </hi>
                        <hi rend="italic" style="font-size:12pt" xml:space="preserve">Namenkundliche Informationen (NI) </hi>
                        <hi style="font-size:12pt">113: 35–52.</hi>
                    </bibl>
                    <bibl style="text-align: left; ">
                        <hi style="font-size:12pt">Barbara Aehnlich. 2019. „Die thüringische Flurnamenforschung wird digital“</hi>
                        <hi rend="italic" style="font-size:12pt">Heimat Thüringen</hi>
                        <hi style="font-size:12pt">, 26. Jahrgang, Heft 4: 21–24. (https://www.heimatbund-thueringen.de/publikationen/zeitschrift-heimat-thueringen/heimat-thueringen-heft-42019/)</hi>
                    </bibl>
                </listBibl>
            </div>
        </back>
    </text>
</TEI>
