<?xml version="1.0" encoding="UTF-8"?>
<TEI xml:id="ALBANI_Benedetta_From_the_Secret_Archive_to_open_and_fair_ac" xmlns="http://www.tei-c.org/ns/1.0">
    <teiHeader>
        <fileDesc>
            <titleStmt>
                <title>From the Secret Archive to open and fair access. Ways of modelling legal ecclesiastical data from the XVI and XVII centuries</title>
                <author>
                    <persName>
                        <surname>Albani</surname>
                        <forename>Benedetta</forename>
                    </persName>
                    <affiliation>Max Planck Institut for Legal History and Legal Theory, Deutschland</affiliation>
                    <email>albani@lhlt.mpg.de</email>
                </author>
                <author>
                    <persName>
                        <surname>Anokhina</surname>
                        <forename>Alexandra</forename>
                    </persName>
                    <affiliation>Max Planck Institut for Legal History and Legal Theory, Deutschland</affiliation>
                    <email>anokhina@lhlt.mpg.de</email>
                </author>
                <author>
                    <persName>
                        <surname>Park</surname>
                        <forename>Yohan</forename>
                    </persName>
                    <affiliation>Max Planck Institut for Legal History and Legal Theory, Deutschland</affiliation>
                    <email>park@lhlt.mpg.de</email>
                </author>
            </titleStmt>
            <editionStmt>
                <edition>
                    <date>2022-12-15T22:27:00Z</date>
                </edition>
            </editionStmt>
            <publicationStmt>
                    <publisher>Culture and Computation Lab</publisher>
                    <address>
                        <addrLine>Université du Luxembourg</addrLine>
                        <addrLine>2, Avenue de l'Université</addrLine>
                        <addrLine>L-4365 Esch-sur Alzette</addrLine>
                        <addrLine>Luxembourg</addrLine>
                    </address>
                    <publisher>Luxembourg Centre for Contemporary and Digital History</publisher>
                    <address>
                        <addrLine>Université du Luxembourg</addrLine>
                        <addrLine>2, Avenue de l'Université</addrLine>
                        <addrLine>L-4365 Esch-sur Alzette</addrLine>
                        <addrLine>Luxembourg</addrLine>
                    </address>
                    <publisher>Trier Center for Digital Humanities</publisher>
                    <address>
                        <addrLine>Universität Trier</addrLine>  
                        <addrLine>Universitätsring 15</addrLine>
                        <addrLine>54296 Trier</addrLine>
                        <addrLine>Deutschland</addrLine>
                    </address>
                </publicationStmt>
            <sourceDesc>
                <p>Converted from a Word document</p>
            </sourceDesc>
        </fileDesc>
        <encodingDesc>
            <appInfo>
                <application ident="DHCONVALIDATOR" version="1.22">
                    <label>DHConvalidator</label>
                </application>
            </appInfo>
        </encodingDesc>
        <profileDesc>
            <textClass>
                <keywords scheme="ConfTool" n="category">
                    <term>Paper</term>
                </keywords>
                <keywords scheme="ConfTool" n="subcategory">
                    <term>Vortrag</term>
                </keywords>
                <keywords scheme="ConfTool" n="keywords">
                    <term>FAIR data</term>
                    <term>linked data</term>
                    <term>semantic web</term>
                    <term>graph database</term>
                    <term>historical data</term>
                    <term>ontologies</term>
                    <term>visualization</term>
                </keywords>
                <keywords scheme="ConfTool" n="topics">
                    <term>Räumliche Analyse</term>
                    <term>Modellierung</term>
                    <term>Kontextsetzung</term>
                    <term>Theoretisierung</term>
                    <term>Netzwerkanalyse</term>
                    <term>Visualisierung</term>
                </keywords>
            </textClass>
        </profileDesc>
    </teiHeader>
    <text>
        <body>
            <div type="div1" rend="DH-Heading1">
                <head>A complex starting point: from an inaccessible archive to FAIR data approach</head>
            <p>
                <hi style="font-size:12pt" xml:space="preserve">The Vatican Archive is the private archive of the pope. Until 2019 it was called the Vatican Secret Archives and this particular name has given rise to legends, novels, films, rumours... Despite the fact that the archive has been open to the public since 1881 without any restrictions, and although the connotation of 'secret', which has always tickled the fancy of writers and journalists, derives from the ancient meaning of the adjective </hi>
                <hi rend="italic" style="font-size:12pt">secretum</hi>
                <hi style="font-size:12pt">, indicating that the holdings were the pope’s private and personal property,</hi><ref n="1" target="ftn1"/>
                <hi style="font-size:12pt" xml:space="preserve"> this archive and its very rich heritage remain inaccessible to many in several respects. This concerns both the archive holdings as a whole (archival fonds and series) and the historical documents preserved there. </hi>
            </p>
            <p>
                <hi style="font-size:12pt">In contrast to other historical archives whose inventories are based on International Standard Archival Description (International Council on Archives, 2000) that allow for interoperability of data, the Vatican Archive is so immense and complex</hi><ref n="2" target="ftn2"/>
                <hi style="font-size:12pt" xml:space="preserve"> that it has not yet been equipped with a modern archival description system. Bear in mind that there is still no uniform archive guide, no comprehensive inventory, and that researchers often have to consult indexes and handwritten inventories, even dating back to the 14</hi>
                <hi rend="superscript" style="font-size:12pt">th</hi>
                <hi style="font-size:12pt" xml:space="preserve"> century, in order to know the contents of the archive series and select the documents they are interested in. Moreover, for reasons of document ownership and authenticity, the archive's policy is clearly resistant to an open access approach to data: documents cannot be photographed by researchers. Digital reproductions are expensive and can only be used for personal research purposes. Handwriting recognition software,</hi><ref n="3" target="ftn3"/>
                <hi style="font-size:12pt" xml:space="preserve"> which usually foresee the sharing of digitized images with other users, cannot be used to 'read' these documents.</hi><ref n="4" target="ftn4"/>
                <hi style="font-size:12pt" xml:space="preserve"> A final aspect that makes the documents preserved in the Vatican Archives hardly accessible concerns the specific knowledge and skills needed to read, understand and interpret them. Although common to historical research in general, this aspect takes on an important significance in the case of papal documents for the exegesis of which it is necessary to master certain specific disciplines and techniques.</hi><ref n="5" target="ftn5"/>
            </p>
            <p>
                <hi style="font-size:12pt" xml:space="preserve">Among the various scientific objectives of our research project is also to improve the accessibility of data obtained from historical sources held in the Vatican Archive and to offer them to the scientific community according to FAIR principles </hi>
                <hi rend="background(white)" style="font-size:12pt">(Findability, Accessibility, Interoperability, Reuse) (</hi>
                <hi style="font-size:12pt" xml:space="preserve">Wilkinson </hi>
                <hi rend="italic" style="font-size:12pt">et al.</hi>
                <hi style="font-size:12pt">, 2016.</hi>
                <hi rend="background(white)" style="font-size:12pt">)</hi>
                <hi style="font-size:12pt">, thus overcoming the inaccessibility of papal sources through modern technologies. In this paper we describe the methods and tools we are developing to address these challenges.</hi>
            </p>
            <p>
                <hi style="font-size:12pt">Our research project focuses on one of the most active bodies of the Roman Curia – the complex of organs and authorities that constitute the administrative apparatus of the Holy See - between the modern and contemporary ages: the Congregation of the Council, which we affectionately call “SCC”</hi><ref n="6" target="ftn6"/>
                <hi style="font-size:12pt">. This dicastery was appointed for more than 350 years to oversee the correct interpretation and implementation of the Council of Trent</hi><ref n="7" target="ftn7"/>
                <hi style="font-size:12pt" xml:space="preserve"> and the administration of justice around all disciplinary matters contained in the council and later on other papal laws. The Congregation of the Council was composed of cardinals and other personnel and met periodically to discuss and decide legal cases that came to it from all over the Catholic world. It had consultative, judicial and gracious functions and its jurisdiction ideally extended to the whole world. Based on the 1.5 km of the SCC archive, preserved in the Vatican Archive, the group has compiled a dataset describing approximately 35,000 </hi>
                <hi rend="italic" style="font-size:12pt">positiones</hi>
                <hi style="font-size:12pt" xml:space="preserve">, that is judicial cases that took place in front of the SCC between 1564 and 1680 and involved thousands of people and institutions from all over the Catholic world and beyond. </hi>
            </p>
            <p style="text-align: justify;">In this paper we describe how we developed 1) 
                <hi rend="background(white)">modern standards for processing historical data</hi>, 2) the semantic model and 3) visualization strategies for contextualizing data in global history. 
            </p></div>
            <div type="div1" rend="DH-Heading1">
                <head>Establishing modern standards for processing data extracted from historical sources</head>
            <p>
                <hi style="font-size:12pt">Working with early modern sources require a complex approach. Source criticism considers such factors as uncertainty, unclearness, gaps, damaged fragments, mistakes, ambiguities etc. as a natural part of the context, which needs to be considered in the analysis.</hi>
            </p>
            <p>
                <hi style="font-size:12pt">For various reasons, the digitization of the sources covered by the project was never considered either possible or desirable.</hi><ref n="8" target="ftn8"/>
                <hi style="font-size:12pt" xml:space="preserve"> Instead, it was necessary to process the documents using specific techniques of source criticism applied to papal documents: all the data were collected directly from the original documents in accordance with academic standards of archival science, palaeography and papal diplomatics.</hi><ref n="9" target="ftn9"/>
                <hi style="font-size:12pt" xml:space="preserve"> The group can today rely in an orderly and logically organized dataset composed by all of the approximately 35,000 </hi>
                <hi rend="italic" style="font-size:12pt" xml:space="preserve">positiones </hi>
                <hi style="font-size:12pt">processed by the SCC from 1564 to 1680 and which constitute the oldest core of the dicastery's archive.</hi><ref n="10" target="ftn10"/>
                <hi style="font-size:12pt"> Alongside the data collection phase, the group systematized data and defined classes</hi><ref n="11" target="ftn11"/>
                <hi style="font-size:12pt" xml:space="preserve"> in order to build the data model. For certain classes in the dataset the group also elaborated descriptive and structural metadata.</hi><ref n="12" target="ftn12"/>
                <hi style="font-size:12pt" xml:space="preserve"> These processes have been carried out always making the interpretative intervention of the researchers recognizable. Thus, the dataset presents several 'double fields' of which one collects the data as it appears in the document and other the data in its standardized version. This, in order to allow the scientific community to criticize our interpretation and to enrich it with new elements in the future. These resources become the basis for creating the knowledge graph for our data and the visualization application described below.</hi>
            </p>
            <figure>
                <graphic n="1001" width="17.325688888888887cm" height="13.192125cm" url="Pictures/8c5d5e66f04e7492304e6bba7215b7fb.jpeg" rend="inline"/>
                <head>Figure 2: Section of the data model.</head> 
            </figure>
        </div>
        <div type="div1" rend="DH-Heading1">
           <head>Building the semantic model of the SCC administrative structures.</head>
            <p>
                <hi rend="color(444444)" style="font-size:12pt">The research group currently curates and manages the data using a graph database for the purpose of knowledge management. </hi>
                <hi style="font-size:12pt" xml:space="preserve">We choose a NoSQL graph database, i.e. Neo4j, because of its flexibility, which allow to work with </hi>
                <hi rend="background(white)" style="font-size:12pt">unstructured, semi-structured, and structured data</hi>
                <hi style="font-size:12pt">, and create a schema-free model (Zhang, 2017). Figure 3 shows the data schema of</hi>
                <hi rend="apple-converted-space"> </hi>
                <hi rend="italic" style="font-size:12pt">positiones</hi>
                <hi rend="apple-converted-space">
                    <hi rend="italic" style="font-size:12pt"> </hi>
                </hi>
                <hi style="font-size:12pt">built in the Neo4j graph database.</hi>
                <hi rend="apple-converted-space"> The individual nodes represent persons (entitled as Persona), places (entitled as Location), institutions (entitled as Dioceses), 
                    <hi rend="italic" style="font-size:12pt">positiones</hi> (entitled as Positio). The archival sources are modelled with multiple nodes: 
                    <hi rend="italic" style="font-size:12pt">Volumen</hi> (volume for 
                </hi>
                <hi rend="italic" style="font-size:12pt">positiones</hi>
                <hi rend="apple-converted-space">), 
                    <hi rend="italic" style="font-size:12pt">Extra</hi> (extra materials for cases), papal interventions (entitled as Intervention), papal fiat (entitled as 
                    <hi rend="italic" style="font-size:12pt">Fiat</hi>), and 
                    <hi rend="italic" style="font-size:12pt">Nexus</hi> (ID for connecting the different parts of a 
                    <hi rend="italic" style="font-size:12pt">positio</hi> within the same volume and to indicate the links between different volumes. For each volume, a so-called 
                    <hi rend="italic" style="font-size:12pt">Vakat</hi> node is created for collecting information about empty pages. The Node 
                    <hi rend="italic" style="font-size:12pt">Phase</hi> is used to identify up to individual phases that a case may have. The edges represent the relationship structures between the nodes, such as the relations between a petitioner involved in a case and that case. 
                </hi>
            </p>
            <figure>
                <graphic n="1002" width="18.000486111111112cm" height="11.349363888888888cm" url="Pictures/de012f76ea73184e6d80c74c76486dc9.png" rend="inline"/>
                <head><p style="text-align: center;">
                <hi style="font-size:12pt">Figure 3: Data schema of</hi>
                <hi rend="apple-converted-space"> </hi>
                <hi rend="italic" style="font-size:12pt">positiones</hi>
                <hi rend="apple-converted-space">
                    <hi rend="italic" style="font-size:12pt"> </hi>
                </hi>
                <hi style="font-size:12pt" xml:space="preserve">built in the Neo4j graph database.  </hi>
            </p></head>
            </figure>
        </div>
            <div type="div1" rend="DH-Heading1">
                <head>Modelling the legal administrative changes of the dioceses of the Catholic Church</head>
            <p>
                <hi style="font-size:12pt" xml:space="preserve">In addition to usage of the graph database for curation of the </hi>
                <hi rend="italic" style="font-size:12pt">positiones</hi>
                <hi style="font-size:12pt" xml:space="preserve">, the research group is in the process of developing an ontology for modelling the historical changes of the legal administrative institutions, which appear in the data, with special attention to dioceses, which are of fundamental importance in our context as they represent the basic object in legal administrative structure of the Catholic Church. These data will be available as a knowledge graph. Using the Semantic Web technologies, we constructed an event-based ontology with </hi>
                <hi rend="background(white)" style="font-size:12pt" xml:space="preserve">key elements (Event, Time, Place, Institution, Source) </hi>
                <hi style="font-size:12pt" xml:space="preserve">that trace legal administrative events and changes of each diocese quoted in the </hi>
                <hi rend="italic" style="font-size:12pt">positiones</hi>
                <hi style="font-size:12pt" xml:space="preserve">. </hi>
            </p>
            <p>
                <hi style="font-size:12pt" xml:space="preserve">Our </hi>
                <hi rend="background(white)" style="font-size:12pt">model proposes an extension of CIDOC-CRM (Doerr, 2003) through suggesting additional subclasses and object properties. Although CIDOC-CRM provides strong semantic expressiveness, this instrument was designed for modelling within the cultural heritage domain that set semantic limitations for modelling the structures of the administrative acts in historical perspective. Therefore, we proposed additional subclasses and object properties in order to fill a methodological gap.</hi><ref n="13" target="ftn13"/>
                <hi rend="background(white)" style="font-size:12pt"> </hi>
            </p>
            <figure>
                <graphic n="1003" width="11.189977777777777cm" height="8.267372222222223cm" url="Pictures/0b5f5eb57b861f9ac292cf905a8f21d6.png" rend="inline"/>
                <head><p style="text-align: center;">Figure 4: Key elements in our ontology</p></head>
            </figure></div>
            <div type="div1" rend="DH-Heading1">
                <head>Publishing open and FAIR data </head>
            <p>
                <hi style="font-size:12pt" xml:space="preserve">Based on </hi>
                <hi rend="background(white)" style="font-size:12pt">our ontology data model and in accordance with FAIR principles,</hi>
                <hi style="font-size:12pt" xml:space="preserve">we prepare the publication of our data as linked open data </hi>
                <hi rend="background(white)" style="font-size:12pt" xml:space="preserve">by using the combination of Resource Description Framework (RDF) triples and Internationalized Resource Identifiers (IRIs) </hi>
                <hi style="font-size:12pt" xml:space="preserve">which ensures for maintaining the semantic interoperability of data (Berners-Lee, 2009). Since </hi>
                <hi rend="background(white)" style="font-size:12pt" xml:space="preserve">for many of </hi>
                <hi style="font-size:12pt" xml:space="preserve">our actors, places, institutions there </hi>
                <hi rend="background(white)" style="font-size:12pt" xml:space="preserve">are no entries in any authority databases yet, therefore we will assign an URI to each resource and offer our data IDs as authority records for other projects. </hi>
            </p>
            <p>
                <hi style="font-size:12pt" xml:space="preserve">In accordance with FAIR principles, this achieves and guarantees, on the one hand, the findability and accessibility of research data, and on the other hand, it enables researchers to use our data as a reference as well as for their own purposes. This provides also a fundamental framework for reusability of the data. We believe that providing our data in RDF triple format, we fulfil the requirements for interoperability </hi>
                <hi rend="background(white)" style="font-size:12pt">and standardization of data according to the World Wide Web Consortium (W3C) recommendations. To achieve these goals, we currently identify and match entries from our dataset, su</hi>
                <hi style="font-size:12pt">ch as dioceses and other actors, b</hi>
                <hi rend="background(white)" style="font-size:12pt">y using the reconciliation web service API providing OpenRefine that enables to align datasets to entries from the already existing dataset</hi><ref n="14" target="ftn14"/>
                <hi rend="background(white)" style="font-size:12pt" xml:space="preserve"> in OpenRefine (</hi>
                <hi style="font-size:12pt" xml:space="preserve">Thalhath </hi>
                <hi rend="italic" style="font-size:12pt">et al.</hi>
                <hi rend="background(white)" style="font-size:12pt">, 2021). Therefore, we enrich semantically our dataset via authority data and achieve useful degree of interoperability and connectivity between our dataset and external data.</hi>
            </p></div>
            <div type="div1" rend="DH-Heading1">
                <head>Developing open source visualization instruments for contextualizing the SCC data and metadata in history</head>
            <p>
                <hi style="font-size:12pt">We consider that adequate historical contextualisation of data is necessary in order to avoid anachronistic or teleological biases and allow to interpret the results in scientific ways that correspond academic standards of historical research. To contextualize the SCC data and its metadata we developed visualization approaches that allow us to show our data not only as tables but also in interactive graphic format, to improve accessibility from the user perspective. There are various methods for visualizing historical data, focused on modern ideas of time</hi><ref n="15" target="ftn15"/>
                <hi style="font-size:12pt" xml:space="preserve"> and space</hi><ref n="16" target="ftn16"/>
                <hi style="font-size:12pt" xml:space="preserve"> that however don’t count uncertainty, unclearness and incompleteness of historical data</hi>
                <hi rend="footnote_reference">.</hi>
                <hi style="font-size:12pt" xml:space="preserve">We stress on methods of visualization of unclear, uncertain and incomplete data for reducing the impact of modern gaze on time and history. We also aim to remain the complexity of the sources from the perspective of an historian, i.e. preserve the original data as presented in the sources even if unclear, uncertain or incomplete. This part of our project aims to extend the functionality of this kind of instrument with setting up the custom controllers, impossible to maintain in already existed tools and therefore make uncertainty, unclearness and incompleteness visible and accessible as an important specifics of the data. The principal languages we use for this part of the project are R and </hi>
                <hi rend="background(white)" style="font-size:12pt">JavaScript</hi>
                <hi style="font-size:12pt" xml:space="preserve">. </hi>
            </p>
            <p>
                <hi style="font-size:12pt" xml:space="preserve">We developed the </hi>
                <hi rend="italic" style="font-size:12pt">SCC Timeline Explorer</hi>
                <hi style="font-size:12pt" xml:space="preserve"> web app in which the history of the SCC is placed in global historical context. Through the visualization of parallel timelines, this application allows to explore different aspects of the history of the SCC (evolution of competences, turnover of the personnel, frequency of the meetings) within global history (Global Legal History, History of the Roman Curia, Pontificates). We enriched the original data with descriptive metadata, which provide information in case of uncertainty, unclearness and incompleteness of data. Since many inputs have incomplete information, we decided to use vis.js</hi><ref n="17" target="ftn17"/>
                <hi style="font-size:12pt" xml:space="preserve"> and R, for working with both – the data in an advanced way and the graphic visualization in dynamics, which also allows to visualize the uncertainty, unclearness and incompleteness in a functional (R) and aesthetic way (JS + CSS). We also combined the data and controllers, as we want to let users choose the settings. </hi>
            </p>
            <p>Using R we created a reactive dataset, which connects the original dataset and controllers. Since the graphic part of vis.js works only with dd-mm-yyyy format, we added and external CSS file to stylize uncertain entities, which set the uncertainty as semi-transparent elements. For setting the controllers, firstly, in R we wrapped them as a reactive function. In a basic way, this solution uses shiny for calling reactive and dynamic functions inside a server part. Secondly, these functions are visualized in vis.js.</p>
            <figure>
                <graphic n="1004" width="14.34923611111111cm" height="6.905625cm" url="Pictures/7fbe5f2ddc887bb05dee7108b1357a83.png" rend="block"/>
                <head><p style="text-align: center;">Figure 5: A basic example of setting a subset with controllers.</p></head>
            </figure>
            
            <figure>
                <graphic n="1005" width="16.499675cm" height="10.174111111111111cm" url="Pictures/f67f68e4c4ac50c599ebbeb727cc42bf.png" rend="inline"/>
                <head><p style="text-align: center;">Figure 6:
                <hi rend="apple-converted-space"> </hi>A timeline prototype using vis.js and R.
            </p></head>
            </figure>
            <p>Each label has a trigger on click, which shows the information about the event or range, which is based on reactive values. What is unique in this approach is the possibility to set up reactive controllers for groups, custom reactive values, advanced aesthetics, and a way to bypass limits of the vis.js in the case of unclear, uncertain on incomplete information that is essential for historical datasets. </p>
            <p>
                <hi style="font-size:12pt" xml:space="preserve">Products of our development will be published in the format of web applications in the SCC Explorer Platform. The commented code will be available on our GitHub. The results can be validated and repeated with other datasets. R functions are designed universal and scalable for other Digital Humanities requests. </hi>
            </p>
        </div>
        <div type="div1" rend="DH-Heading1">
            <head>Conclusion</head>
            <p>
                <hi style="font-size:12pt">Our research project offers various methods of modelling and visualization of a large scaled database and metadata, considered in a FAIR way with open access, open data and open code. Firstly, we developed a knowledge graph using a semantic data model, which offers a data-centred approach for the Congregation of the Council in global context in the early modern period. Secondly, we created open access research tools for contextualizing historical data, including unclear, uncertain and incomplete information, into a big picture of global legal history, providing a graphic and accessible visualization of the data. For the time being, our data covers the period from 1564 to 1680 and are concentrated on the SCC, but data collection will continue for the later periods and our methods can be profitably applied also to other bodies of the Roman Curia. Therefore, our research and the tools we are developing can be of great importance for the understanding of the administration of justice in the Western World from the Late Middle Ages to Contemporary period.</hi>
            </p></div>
        </body>
        <back>
<div type="notes">
<note rend="footnote text" xml:id="ftn1" n="1">
                    
                        <hi style="font-size:10pt" xml:space="preserve"> On the history and heritage of the Vatican Apostolic Archive there is an extensive, though very fragmentary, bibliography. For an initial overview, see </hi>
                        <hi rend="italic" style="font-size:10pt">Religiosa archivorum custodia. IV Centenario della Fondazione dell’Archivio Segreto Vaticano (1612-2012)</hi>
                        <hi style="font-size:10pt" xml:space="preserve">. 2015. Città del Vaticano: Archivio Segreto Vaticano and Gualdo, Germano. 1989. </hi>
                        <hi rend="italic" style="font-size:10pt">Sussidi per la consultazione dell’Archivio Vaticano</hi>
                        <hi style="font-size:10pt">. Città del Vaticano: Archivio Vaticano.</hi>
                    
                </note>
<note rend="footnote text" xml:id="ftn2" n="2">
                    
                        <hi style="font-size:10pt" xml:space="preserve"> Today, the archive consists of more than 600 archival fonds from different types of institutions and covers approximately 85 linear kilometres of shelving.</hi>
                    
                </note>
<note rend="footnote text" xml:id="ftn3" n="3">
                    
                        <hi style="font-size:10pt" xml:space="preserve"> For example the software </hi>
                        <hi rend="italic" style="font-size:10pt">Transkribus</hi>
                        <hi style="font-size:10pt" xml:space="preserve">: </hi>
                        <ref target="https://readcoop.eu/transkribus/">
                            <hi style="font-size:10pt">https://readcoop.eu/transkribus/</hi>
                        </ref>
                        <hi style="font-size:10pt" xml:space="preserve">. </hi>
                    
                </note>
<note rend="footnote text" xml:id="ftn4" n="4">
                    
                        <hi style="font-size:10pt" xml:space="preserve"> The University of Roma Tre in collaboration with the Vatican Apostolic Archive in the frame of the project </hi>
                        <hi rend="italic" style="font-size:10pt">In codice ratio</hi>
                        <hi style="font-size:10pt" xml:space="preserve"> (</hi>
                        <ref target="http://www.inf.uniroma3.it/db/icr/">
                            <hi style="font-size:10pt">http://www.inf.uniroma3.it/db/icr/</hi>
                        </ref>
                        <hi style="font-size:10pt" xml:space="preserve">) is developing a software for text recognition of the volumes of the </hi>
                        <hi rend="italic" style="font-size:10pt">Registra Vaticana</hi>
                        <hi style="font-size:10pt" xml:space="preserve">. This is an ambitious project, yielding excellent results, but unfortunately, due to the profound differences between medieval, early modern and contemporary writing systems, it will not be applicable to manuscript documents that are not written in the same style as the Vatican Registers. Firmani, Donatella, Paolo Merialdo, Elena Nieddu and Simone Scardapane. 2017. “In Codice Ratio: OCR of Handwritten Latin Documents using Deep Convolutional Networks.” In </hi>
                        <hi rend="italic" style="font-size:10pt">11</hi>
                        <hi rend="italic superscript" style="font-size:10pt">th</hi>
                        <hi rend="italic" style="font-size:10pt" xml:space="preserve"> Italian Workshop on Artificial Intelligence for Cultural Heritage</hi>
                        <hi style="font-size:10pt">; Lastilla, Lorenzo, Serena Ammirati, Donatella Firmani, Nikos Komodakis, Paolo Merialdo, Simone Scardapane. 2022. “Self-supervised learning for medieval handwriting identification: A case study from the Vatican Apostolic Library.” In </hi>
                        <hi rend="italic" style="font-size:10pt">Information Processing and Management</hi>
                        <hi style="font-size:10pt" xml:space="preserve"> 59(3).</hi>
                    
                </note>
<note rend="footnote text" xml:id="ftn5" n="5">
                    
                        <hi style="font-size:10pt" xml:space="preserve"> For example papal diplomatics and specific branches of palaeography, sphragistics, chronology and chronography as well as the history of the Papacy and the Roman Curia.</hi>
                    
                </note>
<note rend="footnote text" xml:id="ftn6" n="6">
                    
                        <hi style="font-size:10pt" xml:space="preserve"> In this paper, we will refer to the Congregation of the Council as 'SCC', an acronym used in specialist literature and derived from the Latin name of the institution: </hi>
                        <hi rend="italic" style="font-size:10pt">Sacra Congregatio Concilii</hi>
                        <hi style="font-size:10pt">.</hi>
                    
                </note>
<note rend="footnote text" xml:id="ftn7" n="7">
                    
                        <hi style="font-size:10pt" xml:space="preserve"> The Council of Trent (1545-1563) was the 19th ecumenical council of the Catholic Church and remained in force until the 19th century. It was of central importance to the history of the Western world and beyond. Politically, the council attempted, unsuccessfully, to settle the rift between Catholics and Protestants that had arisen from Lutheran ideas by addressing important theological and ecclesiological issues (doctrine of justification, role of grace, existence of saints, doctrine of the sacraments, etc.). Within the Catholic world, the council constituted an important point of reference on a pastoral and juridical level. It is the council that remained in force the longest of all the councils recognised by the Catholic Church (307 years) and thus left an important imprint on Catholic societies, an imprint that is still visible today. </hi>
                    
                </note>
<note rend="footnote text" xml:id="ftn8" n="8">
                    
                        <hi style="font-size:10pt">This is due both to the very high costs of such an operation and other factors more related to source criticism such as the fragmentary nature of some of the cases decided by the SCC (some are divided into several phases also preserved in different volumes), the precarious state of preservation of some volumes, the extreme complexity of the structure of the processes (identification of the parties involved, the role of the cardinals who were members of the congregation, the institutions mentioned often related to canon law issues, the locations etc.) and the handwritings with which the documents were written (abbreviations, symbols etc.).</hi>
                    
                </note>
<note rend="footnote text" xml:id="ftn9" n="9">
                    
                        <hi style="font-size:10pt">This phase of the work (2013-2019) was carried out by Dr. Benedetta Albani and Dr. Francesco Russo between 2013 and 2019 and was coordinated and financed by the Max Planck Research Group "</hi>
                        <ref target="https://www.lhlt.mpg.de/research-group/governance-of-the-universal-church-after-the-council-of-trent">
                            <hi style="font-size:10pt">Governance of the Universal Church after the Council of Trent</hi>
                        </ref>
                        <hi style="font-size:10pt">" directed by Dr. Albani.</hi>
                    
                </note>
<note rend="footnote text" xml:id="ftn10" n="10">
                    
                        <hi style="font-size:10pt" xml:space="preserve"> Vatican Apostolic Archive (AAV), </hi>
                        <hi rend="italic" style="font-size:10pt">Congr. Concilio</hi>
                        <hi style="font-size:10pt" xml:space="preserve">, </hi>
                        <hi rend="italic" style="font-size:10pt">Positiones</hi>
                        <hi style="font-size:10pt">, 1-271.</hi>
                    
                </note>
<note rend="footnote text" xml:id="ftn11" n="11">
                    
                        <hi style="font-size:10pt">Actors and their semantic roles (petitioners, members of the dicastery, lawyers and procurators, senders, addressees, sponsors etc.), institutions (dioceses, parishes, bodies of the Roman Curia, secular authorities etc.), places (spatial data, including coordinates, toponyms, etc.), temporal entities (events, dates, time periods), legal procedures, legal subject matters. For the moment, we have evidence of at least 8,000 petitioners, 1.500 places, 900 dioceses, 700 abbeys, 80 religious orders, 130 cardinals, 17 pontificates. These are preliminary results. Definitive data will be provided after the ongoing data cleaning process will be completed.</hi>
                    
                </note>
<note rend="footnote text" xml:id="ftn12" n="12">
                    
                        <hi style="font-size:10pt">Biographical data of persons, metadata on the history of the mentioned institutions (dioceses, religious orders, churches, monasteries, abbeys), geographical coordinates of places and historical evolution of place names, bibliographical references, etc.</hi>
                    
                </note>
<note rend="footnote text" xml:id="ftn13" n="13">
                    
                        <hi style="font-size:10pt" xml:space="preserve"> The limitation of the CIDOC model already shows in mapping on our data model, for example, the class crm: E8 Acquisition did not exactly fit our modelling notion, because the class was primary intended to design the legal process in the museum landscape, such as lending artwork to a gallery.</hi>
                    
                </note>
<note rend="footnote text" xml:id="ftn14" n="14">
                    
                        <hi style="font-size:10pt" xml:space="preserve"> For example, some data were provided by the project </hi>
                        <hi rend="italic" style="font-size:10pt">Monasteries, Collegiate churches, and Convents of the Holy Roman Empire and neighbouring countries</hi>
                        <hi style="font-size:10pt" xml:space="preserve"> (</hi>
                        <hi style="font-size:10pt">https://adw-goe.de/germania-sacra/klosterdatenbank/datenservice/</hi>
                        <hi style="font-size:10pt">), by the Göttingen Academy of Sciences.</hi>
                    
                </note>
<note rend="footnote text" xml:id="ftn15" n="15">
                    
                        <hi style="font-size:10pt" xml:space="preserve"> For example the </hi>
                        <hi rend="italic" style="font-size:10pt">Timeline JS</hi>
                        <hi style="font-size:10pt" xml:space="preserve"> by Northwestern University Knight Lab (</hi>
                        <ref target="http://timeline.knightlab.com">
                            <hi style="font-size:10pt">http://timeline.knightlab.com</hi>
                        </ref>
                        <hi style="font-size:10pt" xml:space="preserve">) or </hi>
                        <hi rend="italic" style="font-size:10pt">MIT HyperStudio's Chronos Timeline</hi>
                        <hi style="font-size:10pt" xml:space="preserve"> (</hi>
                        <ref target="http://hyperstudio.mit.edu/software/chronos-timeline/">
                            <hi style="font-size:10pt">http://hyperstudio.mit.edu/software/chronos-timeline/</hi>
                        </ref>
                        <hi style="font-size:10pt">) cannot visualize unclear and incomplete dates.</hi>
                    
                </note>
<note rend="footnote text" xml:id="ftn16" n="16">
                    
                        <hi style="font-size:10pt" xml:space="preserve">Almost all projects in geo-spatial visualization are based on GIS, which proposes a modern gaze on geography that does not allow to operate with unclear, uncertain and incomplete data in historical sense. For example, </hi>
                        <hi rend="italic" style="font-size:10pt">Esri Story Maps</hi>
                        <hi style="font-size:10pt" xml:space="preserve"> and the </hi>
                        <hi rend="italic" style="font-size:10pt">Digital Humanities</hi>
                        <hi style="font-size:10pt" xml:space="preserve"> projects (</hi>
                        <hi style="font-size:10pt">https://collections.storymaps.esri.com/humanities/</hi>
                        <hi style="font-size:10pt" xml:space="preserve">). On modern geography based visualization in R see Weinberg Eric. 2018. "Using Geospatial Data to Inform Historical Research in R." In </hi>
                        <hi rend="italic" style="font-size:10pt">Programming Historian</hi>
                        <hi style="font-size:10pt" xml:space="preserve"> 7.</hi>
                    
                </note>
<note rend="footnote text" xml:id="ftn17" n="17">
                    
                        <hi style="font-size:10pt" xml:space="preserve"> The official website of vis.js library: </hi>
                        <ref target="https://visjs.org/">
                            <hi style="font-size:10pt">https://visjs.org/</hi>
                        </ref>
                        <hi style="font-size:10pt">.</hi>
                    
                </note></div>
            <div type="bibliogr">
                <listBibl>
<head>Bibliographie</head>
                    <bibl>Berners-Lee, Tim. 2009. “Linked Data - Design Issues.” 
                        <ref target="https://www.w3.org/DesignIssues/LinkedData.html">https://www.w3.org/DesignIssues/LinkedData.html</ref>
                    </bibl>
                    <bibl style="text-align: justify;">Doerr, Martin. 2003. “The CIDOC Conceptual Reference Module: An Ontological Approach to Semantic Interoperability of Metadata.” In 
                        <hi rend="italic">AI Magazine</hi> 24(3): 75. 
                        <ref target="https://doi.org/10.1609/aimag.v24i3.1720">https://doi.org/10.1609/aimag.v24i3.1720</ref>.
                    </bibl>
                    <bibl style="text-align: justify;">Firmani, Donatella, Paolo Merialdo, Elena Nieddu and Simone Scardapane. 2017. “In Codice Ratio: OCR of Handwritten Latin Documents using Deep Convolutional Networks.” In 
                        <hi rend="italic">11</hi>
                        <hi rend="italic superscript">th</hi>
                        <hi rend="italic" xml:space="preserve"> Italian Workshop on Artificial Intelligence for Cultural Heritage</hi>.
                    </bibl>
                    <bibl style="text-align: justify;">Gualdo, Germano. 1989. 
                        <hi rend="italic">Sussidi per la consultazione dell’Archivio Vaticano</hi>. Città del Vaticano: Archivio Vaticano.
                    </bibl>
                    <bibl style="text-align: justify;">International Council on Archives
                        <hi rend="italic">.</hi> 2000. 
                        <hi rend="italic">ISAD(G): General International Standard Archival Description</hi>. Ottawa: International Council on Archives.
                    </bibl>
                    <bibl style="text-align: justify;">Lastilla, Lorenzo, Serena Ammirati, Donatella Firmani, Nikos Komodakis, Paolo Merialdo, Simone Scardapane. 2022. “Self-supervised learning for medieval handwriting identification: A case study from the Vatican Apostolic Library.” In 
                        <hi rend="italic">Information Processing and Management</hi> 59(3). 
                        <ref target="https://doi.org/10.1016/j.ipm.2022.102875">
                            <hi rend="color(0C7DBB)">https://doi.org/10.1016/j.ipm.2022.102875</hi>
                        </ref>.
                    </bibl>
                    <bibl style="text-align: justify;">
                        <hi rend="italic">Religiosa archivorum custodia. IV Centenario della Fondazione dell’Archivio Segreto Vaticano (1612-2012)</hi>. 2015. Città del Vaticano: Archivio Segreto Vaticano.
                    </bibl>
                    <bibl style="text-align: justify;">Thalhath, Nishad, Nagamori, Mitsuharu, Sakaguchi, Tetsuo, and Sugimoto Shigeo. 2021. “Wikidata Centric Vocabularies and URIs for Linking Data in Semantic Web Driven Digital Curation.” In 
                        <hi rend="italic">Metadata and Semantic Research</hi>, ed. Emmanouel Garoufallou and María-Antonia Ovalle-Perandones, 336–344. 
                        <hi rend="color(333333)">Metadata and Semantic Research. MTSR 2020. Communications in Computer and Information Science, vol 1355. Springer, Cham</hi>. 
                        <ref target="https://doi.org/10.1007/978-3-030-71903-6_31">https://doi.org/10.1007/978-3-030-71903-6_31</ref>.
                    </bibl>
                    <bibl style="text-align: justify;">Weinberg Eric. 2018. "Using Geospatial Data to Inform Historical Research in R". In 
                        <hi rend="italic">Programming Historian</hi> 7
                        <hi rend="background(white)" xml:space="preserve">. </hi>
                        <ref target="https://doi.org/10.46430/phen0075">https://doi.org/10.46430/phen0075</ref>
                        <hi rend="color(565656)">.</hi>
                    </bibl>
                    <bibl style="text-align: justify;">Wilkinson Mark D., 
                        <hi rend="color(222222)">Dumontier, Michel, Aalbersberg, I. Jsbrand Jan </hi>
                        <hi rend="italic color(222222)">et al.</hi>
                        <hi rend="color(222222)"> </hi>2016. “The FAIR Guiding Principles for scientific data management and stewardship.” In 
                        <hi rend="italic">Sci Data</hi> 3. 
                        <ref target="https://doi.org/10.1038/sdata.2016.18">https://doi.org/10.1038/sdata.2016.18</ref>
                        <hi rend="color(222222)">.</hi>
                    </bibl>
                    <bibl style="text-align: justify;">Zhang, Zuopeng Justin. 2017. "Graph Databases for Knowledge Management." 
                        <hi rend="italic">IT Professional</hi> 19(6): 26-32. 
                        <ref target="https://doi.org/10.1109/MITP.2017.4241463">https://doi.org/10.1109/MITP.2017.4241463</ref>.
                    </bibl>
                </listBibl>
            </div>
        </back>
    </text>
</TEI>
