<?xml version="1.0" encoding="UTF-8"?>
<TEI xml:id="BAMBERG_Claudia__Zu_Rande_kommen___Ph_nomen_und_Pr_sentation" xmlns="http://www.tei-c.org/ns/1.0">
    <teiHeader>
        <fileDesc>
            <titleStmt>
                <title>‚Zu Rande kommen‘: Phänomen und Präsentation von Randnotizen am Beispiel der digitalen Ferdinand-Tönnies-Briefedition</title>
                <author>
                    <persName>
                        <surname>Bamberg</surname>
                        <forename>Claudia</forename>
                    </persName>
                    <affiliation>Universität Trier, Deutschland</affiliation>
                    <email>bamberg@uni-trier.de</email>
                </author>
                <author>
                    <persName>
                        <surname>Dörk</surname>
                        <forename>Uwe</forename>
                    </persName>
                    <affiliation>Kulturwissenschaftliches Institut, Essen, Deutschland</affiliation>
                    <email>uwe.doerk@uni-due.de</email>
                </author>
                <author>
                    <persName>
                        <surname>Wierzock</surname>
                        <forename>Alexander</forename>
                    </persName>
                    <affiliation>Kulturwissenschaftliches Institut, Essen, Deutschland</affiliation>
                    <email>alexander.wierzock@hu-berlin.de</email>
                </author>
                <author>
                    <persName>
                        <surname>Trautmann</surname>
                        <forename>Tatjana</forename>
                    </persName>
                    <affiliation>Schleswig-Holsteinische Landesbibliothek, Kiel</affiliation>
                    <email>tatjana.trautmann@shlb.landsh.de</email>
                </author>
                <author>
                    <persName>
                        <surname>Burch</surname>
                        <forename>Thomas</forename>
                    </persName>
                    <affiliation>Universität Trier, Deutschland</affiliation>
                    <email>burch@uni-trier.de</email>
                </author>
                <author>
                    <persName>
                        <surname>Petkov</surname>
                        <forename>Radoslav</forename>
                    </persName>
                    <affiliation>Universität Trier, Deutschland</affiliation>
                    <email>petkov@uni-trier.de</email>
                </author>
            </titleStmt>
            <editionStmt>
                <edition>
                    <date>2022-12-15T09:42:00Z</date>
                </edition>
            </editionStmt>
            <publicationStmt>
                    <publisher>Culture and Computation Lab</publisher>
                    <address>
                        <addrLine>Université du Luxembourg</addrLine>
                        <addrLine>2, Avenue de l'Université</addrLine>
                        <addrLine>L-4365 Esch-sur Alzette</addrLine>
                        <addrLine>Luxembourg</addrLine>
                    </address>
                    <publisher>Luxembourg Centre for Contemporary and Digital History</publisher>
                    <address>
                        <addrLine>Université du Luxembourg</addrLine>
                        <addrLine>2, Avenue de l'Université</addrLine>
                        <addrLine>L-4365 Esch-sur Alzette</addrLine>
                        <addrLine>Luxembourg</addrLine>
                    </address>
                    <publisher>Trier Center for Digital Humanities</publisher>
                    <address>
                        <addrLine>Universität Trier</addrLine>  
                        <addrLine>Universitätsring 15</addrLine>
                        <addrLine>54296 Trier</addrLine>
                        <addrLine>Deutschland</addrLine>
                    </address>
                </publicationStmt>
            <sourceDesc>
                <p>Converted from a Word document</p>
            </sourceDesc>
        </fileDesc>
        <encodingDesc>
            <appInfo>
                <application ident="DHCONVALIDATOR" version="1.22">
                    <label>DHConvalidator</label>
                </application>
            </appInfo>
        </encodingDesc>
        <profileDesc>
            <textClass>
                <keywords scheme="ConfTool" n="category">
                    <term>Paper</term>
                </keywords>
                <keywords scheme="ConfTool" n="subcategory">
                    <term>Vortrag</term>
                </keywords>
                <keywords scheme="ConfTool" n="keywords">
                    <term>digitale Briefedition</term>
                    <term>Ferdinand Tönnies</term>
                    <term>Datenmodellierung</term>
                    <term>Randnotizen</term>
                </keywords>
                <keywords scheme="ConfTool" n="topics">
                    <term>Transkription</term>
                    <term>Strukturanalyse</term>
                    <term>Räumliche Analyse</term>
                    <term>Modellierung</term>
                    <term>Annotieren</term>
                    <term>Text</term>
                </keywords>
            </textClass>
        </profileDesc>
    </teiHeader>
    <text>
        <body>
            <div type="div1" rend="DH-Heading1">
                <head>Einleitung</head>
                <p style="text-align: left; ">In den Editionswissenschaften ist nicht unbemerkt geblieben, dass Randnotizen in Briefen (fortan: RN) keineswegs von marginaler Bedeutung sind. Vielmehr können sie aufgrund ihrer Länge, ihres inhaltlichen Gewichts und ihres rezeptionsästhetischen Reizes sogar die Hauptsache eines Briefs darstellen. Und das gilt vor allem für solche, die den Briefschreibenden selbst entstammen.<ref n="1" target="ftn1"/> So wurde zu Theodor Fontanes „Kunst, auf Briefrändern zu schreiben“ etwa bemerkt, dass sie das Ergebnis „intensiver schriftstellerischer Arbeit” seien, deren imposante „Architektur” schwer zu entschlüsseln ist (Erler 1968: 318-319; Gabler 2020: 1239-1240). Damit stellen RN auch die Herstellung eines Transkripts und seiner grafischen Repräsentation vor eine große Herausforderung, die gewichtige editorische und im Fall von digitalen Editionen auch informationstechnologische Entscheidungen verlangt.
                </p>
                <p style="text-align: left; ">Trotzdem spielen RN in den 
                    <hi rend="italic">Digital Humanities</hi> bzw. in digitalen Editionen bisher nur eine marginale Rolle: Die Suche nach Ansätzen, die editorisch und in Bezug auf ein geeignetes Datenmodell bereits bewährte Bau- und Fahrpläne an die Hand geben, erweist sich als eher vergeblich. Bisherige digitale Brief-Editionen geben RN meist konventionell wieder: Diplomatischen Editionskonventionen folgend werden sie topografisch, teils auch zusätzlich farblich abgesetzt präsentiert<ref n="2" target="ftn2"/> oder an der zugehörigen Stelle hinzugefügt;<ref n="3" target="ftn3"/> bisweilen werden auch Arten von Randbeschriftungen unterschieden.<ref n="4" target="ftn4"/> Obgleich alle gesichteten Editionen ihre Transkriptionsregeln explizieren, begründen sie die Art ihres Umgangs mit RN nicht näher. 
                </p>
                <p style="text-align: left; ">In den meisten Fällen ist ein solches Vorgehen ausreichend. Problematisch wird dieses erst, wenn RN mehrere Seiten umgreifen, unterschiedliche Sinneinheiten bilden, deren Abfolge gar schwer durchschaubar bzw. interpretationsbedürftig ist. Eine rein diplomatische Transkription führt dann zu fragmentierten Brieftexten, deren Sinneinheiten im Lesen erst mühsam rekonstruiert werden müssen. Besonders unbefriedigend ist eine solche Präsentationsweise für ‚User’-Kontexte, deren Erkenntnisinteressen sich – wie in dem hier behandelten Fall von Ferdinand Tönnies – primär auf historische, politische, netzwerktheoretische, fach- und theoriegeschichtliche u.ä. Inhalte richten, aber nur selten poetische, literatur- und theorieästhetische Formen in den Blick nehmen. Für solche Fälle bedarf es anderer Lösungen. Wie ein solches hierfür spezifiziertes digitales Design aussehen kann, möchte dieser Vortrag zur Diskussion stellen. Er bezieht sich dabei auf das bereits entwickelte Konzept einer digitalen Edition der Briefe des Soziologen Ferdinand Tönnies. Diese von der DFG geförderte Briefedition entsteht momentan am Kulturwissenschaftlichen Institut Essen, der Schleswig-Holsteinischen Landesbibliothek Kiel und am Trier Center for Digital Humanities (Kompetenzzentrum 2022).</p>
            </div>
            <div type="div1" rend="DH-Heading1">
                <head>Beobachtungen zu Randnotizen in Tönnies-Briefen</head>
                <p style="text-align: left; ">Die Praxis, briefkommunikativ über Bande zu spielen, tritt bei Tönnies nicht durchgängig, sondern nur episodisch in bestimmten, besonders intensiven Beziehungskonstellationen auf. Und genau dann spielen RN – darin mit Fontane vergleichbar – im brieflichen miteinander ‚zu Rande- wird. Kommen‘ keine marginale, sondern eine zentrale Rolle. Wie zu zeigen sein wird, fungierten RN als Mittel einer Inklusionsstrategie, mit der die Intensität einer Freundschaft gesteigert und diese trotz Konflikten, divergierender Interessen oder Gefühlslagen aufrecht und produktiv gehalten </p>
            </div>
            <div type="div1" rend="DH-Heading1">
                <head>Ferdinand Tönnies: Gemeinschaft und Gesellschaft </head>
                <p style="text-align: left; ">Wer war Ferdinand Tönnies? Wissenschaftsgeschichtlich war er von besonderer Bedeutung, da er zu Beginn des 20. Jahrhunderts mit Max Weber, Georg Simmel und anderen die Soziologie als eine eigenständige Disziplin begründete. Sein 1887 erstmals erschienenes Werk „Gemeinschaft und Gesellschaft“ wurde nicht nur für die frühe Soziologie ein gesellschaftstheoretisches Standardwerk, sondern prägte auch die Kultur- und Bildungspolitik der Weimarer Republik. Das dort ausformulierte Konzept der „Gemeinschaft“, das er in Opposition zur strategischen Handlungssphäre der Gesellschaft konstruiert hatte, übte auf die politischen Diskurse der Republik einen großen Einfluss aus. Zugleich beeinflussten 
                    <hi rend="italic">Gemeinschafts-Konzeptionen</hi> auch Tönnies’ epistolare Praxis.
                </p>
                <p style="text-align: left; ">Besonders aufschlussreich ist hierbei die Rolle, die der Soziologe der Sprache attestierte. Er begriff sie nicht nur als Medium von Inhalten, sondern ebenso als das „wahre Organ” von „Verständnis“ (Tönnies 2019: 144). Sprache lasse die Äußerung tiefer Gefühle zu. Gemütserregungen wie Schmerz, Lust, Furcht und Wunsch würden in Laute übersetzt, so dass Menschen aufgrund ihrer anthropologischen Befähigung zur „lebhafte
                    <hi style="font-size:10pt">[</hi>n
                    <hi style="font-size:10pt">]</hi> Sympathie“ zu einem wechselseitig „intimen Verständnis“ und zur gemeinschaftlichen „Übereinstimmung” gelangen könnten (Tönnies 2009: 147). In dem von Tönnies besonders geschätzten Fall des intellektuellen Austauschs unter Freunden übersteigerte er das Übereinstimmen sogar zu einer „Art von unsichtbarer Ortschaft, eine[r] mystische[n] Stadt und Versammlung“, die er als geistige Gemeinschaft von anderen Vergemeinschaftungen abgrenzte (Tönnies 2019: 139, 137). Gerade die Briefe, in denen er intensiv RN gebrauchte, waren von dieser übersteigerten Gemeinschaftserwartung getragen. Um diesen bislang unbekannten Zusammenhang sichtbar zu machen, musste auch für die digitale Edition eine spezifische Umsetzung gefunden werden.
                </p>
            </div>
            <div type="div1" rend="DH-Heading1">
                <head>Tönnies als Briefschreiber</head>
                <p style="text-align: left; ">Tönnies wurde am 26. Juli 1855 in eine Welt der voll entfalteten modernen Postinfrastruktur hineingeboren. Die Epochensignatur der Beschleunigung prozessierte gerade in der hochgradig brieflich geprägten Schriftkultur, wie sie für das Bürgertum des 19. und frühen 20. Jahrhunderts typisch war. In seiner „Kritik der öffentlichen Meinung“ von 1922 schrieb Tönnies: „In unendlichen Mengen schwirren heute Briefe […] hin und her, am meisten innerhalb eines Landes, noch intensiver in engeren Gebieten, aber auch über die Grenzen von allen Orten, zu allen Orten des Erdballes“ (Tönnies 2002: 370). Das galt auch für Tönnies selbst, der im damaligen Wissenschaftsbetrieb bis zur Etablierung von Soziologie eine periphere Stellung einnahm und seine globalen wie lokalen Wissenschaftsbeziehungen primär über Briefe pflegte.</p>
                <p style="text-align: left; ">Die hohe Abhängigkeit vom Medium des Briefes schlug sich auch in einer permanenten Reflexion über Möglichkeiten und Grenzen dieser Kommunikationsform nieder, zumal Tönnies den Brief für ein unvollkommenes Surrogat der Kommunikation unter Anwesenden hielt. Trotzdem schrieb er fast täglich Briefe, da diese nicht nur Mittel zum Austausch mit Kollegen waren, sondern zugleich ein Medium zur Stiftung und Pflege sozialer Verbindungen im obigen Sinne.</p>
            </div>
            <div type="div1" rend="DH-Heading1">
                <head>Phänomen und Bedeutung von RN in Tönnies-Briefen </head>
                <p style="text-align: left; ">Das Aufkommen von RN lässt sich bei Tönnies ausschließlich in vertrauten Kommunikationssituationen beobachten. Nur nach einer Serie von Briefwechseln, nur nach wiederholten persönlichen Treffen in physischer Anwesenheit, nur nach oder einhergehend mit – diskret oder explizit – bekundeter Sympathie griff er auf dieses Stilmittel zurück. Je persönlicher und intensiver die Korrespondenz wurde, desto häufiger und komplexer setzte er RN ein. Kühlte die Beziehung wieder ab, wurden sie seltener und weniger komplex. Komplexität bezeichnet dabei das Maß an gleichzeitiger Rekursivität und Unübersichtlichkeit, wenn RN sich über mehrere Seiten hinweg erstrecken, in wechselnde Sinneinheiten und in unterschiedliche Arten untergliedern (z.B. fortlaufende Textabschnitte mit Apposition, Unterbrechung, Stern-Kommentar und Fußnotenzitat).</p>
                <figure>
                    <graphic n="1001" width="10.945086111111111cm" height="17.123333333333335cm" url="Pictures/ab47d233fba254608bb8ff188b7fbd33.png" rend="inline"/>
                    <head>Beispiel für einen Brief mit mehreren RN (Tönnies 1879: 3)</head>
                </figure>
                
                <figure>
                    <graphic n="1002" width="14.685258333333334cm" height="10.000538888888888cm" url="Pictures/4ac584e7ed0ee680451a4bb0bdc2bc52.png" rend="inline"/>
                    <head>Beispiel für eine Postkarte mit mehreren RN (Tönnies 1881: 2)</head>
                </figure>
                <p style="text-align: left; ">Der Effekt für die Lesenden bestand zunächst darin, dass sie, bei gleichzeitig undeutlich werdender Schrift, eine Übersicht gewinnen, Reihenfolgen bilden und voneinander abgegrenzte Sinneinheiten und Verweiszusammenhänge rekonstruieren müssen. Systematisch zusammengefasst sind mit RN noch weitere kommunikativen Effekte verbunden:</p>
                <p style="text-align: left; ">A) Zunächst führt das Hinausschieben des Briefendes zu einer Verlängerung der Produktionssituation, wodurch die briefliche Gemeinschaft mit der adressierten Person prolongiert wird.</p>
                <p style="text-align: left; ">B) Sodann bedingt der Zwang, die im Vergleich zum Kerntext i.d.R. schwerer lesbaren Randnotate zu entziffern und zu ordnen, eine längere Lesezeit und damit die Prolongierung der Rezeptionssituation. </p>
                <p style="text-align: left; ">C) RN setzen Impulse zur Anschlusskommunikation. Das gilt sowohl für den Schreibenden, der sich selbst durch RN zur Abfassung neuer RN oder zur Eröffnung neuer Briefseiten reizt, als auch für die Brieflesenden, die mit zusätzlichem Material für weitere Anschlusskommunikationen ‚gefüttert‘ werden. Diese Wirkung verstärkt sich durch eine spezifische Themenwahl. So streute Tönnies in RN bevorzugt Nachrichten aus dem geteilten sozialen Umfeld, so dass das, was ‚Tratsch‘ (Bergmann 1987: 198-202) genannt werden kann, zusätzlich zur Fortsetzung animierte. </p>
                <p style="text-align: left; ">D) Der Themenbereich Tratsch lässt das Bemühen erkennen, mittels diskret eingebrachter Informationen unterschiedliche Netzwerke miteinander zu verknüpfen und diese zu einem Kreis geistig Gleichgesinnter zusammenzuschließen (Simmel 1989: 237-257).</p>
                <p style="text-align: left; ">E) Häufig finden sich in RN jedoch auch Ergänzungen oder Präzisierungen literarischer oder terminologischer Art, so dass RN – insbesondere in wissenschaftlichen Kontexten – der literarischen Vernetzung dienten.</p>
                <p style="text-align: left; ">In der Summe des Zusammenwirkens von A, B, C und D ergibt sich nicht nur die Prolongierung der briefkommunikativen Gemeinschaft per Produktion und Rezeption, sondern auch eine verstetigte Kommunikation über epistolare Einzelepisoden hinweg.</p>
            </div>
            <div type="div1" rend="DH-Heading1">
                <head>Erfassung und Darstellung von Randnotizen</head>
                <p style="text-align: left; ">Aufgrund ihrer wichtigen Funktion musste für Randnotizen eine angemessene Präsentationsweise gefunden werden. Was aber heißt angemessen? Diese Frage lässt sich nicht allein aus der unterstellten Bedeutung von RN beantworten, sondern richtet sich zugleich an die Rezeptions- und Nutzungserwartung, die hochgradig durch die bisherige Leseerfahrung geprägt ist. Dabei ist zu beachten, dass in den Briefeditionen anderer zeitgenössischer soziologischer Fachklassiker wie Max Weber und Georg Simmel, an denen unser Editionsvorhaben gemessen wird, Randnotizen keine oder fast keine Rolle spielen.<ref n="5" target="ftn5"/> Hinzu kommt eine Fachkultur, die an der Entwicklung von Theorien großes Interesse zeigt, nicht aber an sogenannten ‘philologischen Feinheiten’. Der Brieftext hat daher primär das Kriterium der Lesbarkeit zu erfüllen. Sollte allerdings zugleich die Chance geboten werden, mithilfe des Transkripts das Faksimile entziffern zu lernen, dann wäre eine topografisch getreue Wiedergabe nötig. 
                </p>
                <p style="text-align: left; ">Aus diesen divergierenden Ansprüchen an den Editionstext ergibt sich ein Zielkonflikt: Eine rein topografische Wiedergabe vermag den seitenübergreifenden Sinnzusammenhang von Randtexten nicht wiedergeben, so dass kein ‚lesbarer‘ Text entstünde. Eine Präsentationsweise, die Randnotizen in ihrem ‘Kontext’ darstellt, eignet sich dagegen nicht als „Lesehilfe“. Die Lösungsmöglichkeit besteht somit darin, die digitale Briefedition mit beiden Möglichkeiten der Textwiedergabe auszustatten und zugleich ein möglichst elegantes Wechseln der Präsentationsweise zu gewährleisten.</p>
                <p style="text-align: left; ">Die Dualität des Ansatzes muss daher mit einem geeigneten Datenmodell beschrieben und mit einer passenden Erfassungsmöglichkeit ausgestattet werden. Im Projekt geschieht dies während der Transkription eines Briefes in der virtuellen Forschungsumgebung des Softwareprogramms FuD (
                    <ref target="http://www.fud.uni-trier.de">
                        <hi rend="underline color(1155CC)">www.fud.uni-trier.de</hi>
                    </ref>). Auch die Modellierung der RN erfolgt dann im Kontext der gesamten digitalen Briefedition innerhalb der dafür eingesetzten virtuellen Forschungsumgebung, die auf einem relationalen Datenbankmanagementsystem aufsetzt. Dabei erhalten die Randnotizen eindeutige Identifier, mittels derer die Verknüpfung von RN untereinander und innerhalb des Haupttextes abgebildet wird. Weitere Informationen, wie die topographische Positionierung der RN auf der Seite in Form von Metadaten (u.a. Angaben wie „Position: linker Rand; Drehung: 90“ bzw. „Position: unterer Rand; Drehung: 180“) werden auch erhoben. All diese Daten werden in unserem relationalen Entity-Relationship-Modell abgebildet und können somit in ihrer Gesamtkomplexität erfasst werden. Dadurch lassen sich die RN während der Transkription an den betreffenden Stellen einordnen; ebenso lässt sich die logische Lesereihenfolge konstruieren. Zusätzlich erlaubt das Analysemodul von FuD eine Annotation sämtlicher Textteile auf einer Metaebene und damit auch eine sich auf inhaltlicher Ebene bewegende Verknüpfung und Erschließung. Die konsequente Modellierung und Abbildung der Sachverhalte in einer relationalen Datenbank erlauben einen entsprechenden Export der Daten mithilfe einer geeigneten XML-Kodierung, für die im Laufe des Projektes eine Darstellung auf Basis der TEI-Guidelines (u.a. Modul „Linking, Segmentation and Alignment“) implementiert wird.
                </p>
                <p style="text-align: left; ">Über die Darstellung von Brieftexten und Randnotizen hinaus ermöglicht diese Art der Kodierung auch eine quantitative Analyse des Phänomens ‘RN’ sowie eine gezielte Suche nach RN-Inhalten. So können einerseits für Fragen der Art „Bei welchen Korrespondenzpartnern verwendete Tönnies häufig RN?”, „Ändert sich die Häufigkeit von RN über den zeitlichen Verlauf einer Korrespondenz?”, „Wie verhält sich der Textumfang in den RN zur Gesamtlänge eines Briefes?” usw. geeignete Visualisierungen erstellt werden. Andererseits lassen sich durch die Annotation der RN nach dem obigen Muster qualitative Fragen wie „In welchen Korrespondenzen treten vermehrt RN mit dem Thema ‘Tratsch’ auf?”, „Wann werden welche ‘Nachrichten’ bezogen auf die Gesamtkorrespondenz in den RN erwähnt?” usw. beantworten. Auf Basis des Datenmodells können in der grafischen Benutzeroberfläche der Edition dann einerseits die einzelnen Randnotate eines aktuell gezeigten Digitalisats synoptisch oder die RN in ihrem übergreifenden Gesamtzusammenhang wiedergegeben werden. Andererseits können die Visualisierungskomponenten einzelne Befunde zu den vorgenannten Fragen in interaktiver Form anbieten, so dass die Benutzenden jederzeit von der Visualisierung Zugriff auf die Korrespondenzen haben. Durch eine modulare Anordnung der Visualisierungen lassen sich entsprechende Vergleichsmöglichkeiten schaffen. Eine einfache quantitative Analyse der RN innerhalb einer Korrespondenz zeigt die folgende Abbildung, in der die chronologische Verteilung der RN in 159 Briefen von Ferdinand Tönnies an Friedrich Paulsen abgebildet ist:</p>
                <figure>
                    <graphic n="1003" width="16.464266666666667cm" height="9.819855555555556cm" url="Pictures/451bdd55ac1028d345b591cebed82109.png" rend="inline"/>
                </figure>
                <p style="text-align: left; ">Man erkennt, dass Tönnies im Laufe der Kommunikation immer wieder RN verwendet, das Phänomen aber über die gesamte Dauer der Korrespondenz abnimmt.</p>
            </div>
            <div type="div1" rend="DH-Heading1">
                <head>Zusammenfassung</head>
                <p style="text-align: left; ">Wie gezeigt, spielen RN eine wichtige Rolle in der Art, wie Tönnies per Briefkommunikation bestimmte Netzwerke im Selbstverständnis nach 
                    <hi rend="italic">Gemeinschaft und Gesellschaft</hi> strukturiert; als ein komplex genutztes Instrumentarium sind sie daher sowohl für die Art der Briefkommunikation als auch für die gelebte Praxis der von Tönnies entworfenen Theorie äußerst aufschlussreich. Aus diesem Grund musste für die Repräsentation der RN eine philologische, programmiertechnische und ästhetisch angemessene Lösung gefunden werden, die hier zur Diskussion gestellt wird.
                </p>
            </div>
        </body>
        <back>
<div type="notes">
<note rend="footnote text" xml:id="ftn1" n="1">
                        
                            <hi style="font-size:10pt" xml:space="preserve"> Im Unterschied zu solchen, die der Leserschaft wie etwa in Form des  Glossierens, Hervorhebens, Verbesserns etc. zu verdanken und Gegenstand intensiver rezeptionsästhetischer Forschung sind.</hi>
                        
                    </note>
<note rend="footnote text" xml:id="ftn2" n="2">
                        
                            <hi style="font-size:10pt">In der Briefedition August Wilhelm Schlegels werden etwa Randbeschriftungen im Fließtext farblich (schattiert) abgesetzt (Schlegel 2014-2021).</hi>
                        
                    </note>
<note rend="footnote text" xml:id="ftn3" n="3">
                        
                            <hi style="font-size:10pt" xml:space="preserve">In der Briefedition Alfred Eschers (Jung 2022) werden mit Stern o. Ä. markierte Einfügungen “an der passenden Stelle des Brieftextes” integriert; Randnotizen oder nicht “eindeutig placierbare Ergänzungen” werden am Ende des Fließtextes wiedergegeben und per Mouseover im Faksimile mit einem gelben Rahmen sichtbar gemacht. Die Randbeschriftungen sind jedoch nie so komplex, dass sie mehrere Seiten umfassen. Siehe: </hi>
                            <ref target="https://www.briefedition.alfred-escher.ch/briefe/B2616?action=search&amp;view=single&amp;odd=escher.odd&amp;view1=1#1.4.3.6.2.4">
                                <hi rend="underline color(1155CC)" style="font-size:10pt">https://www.briefedition.alfred-escher.ch/briefe/B2616?action=search&amp;view=single&amp;odd=escher.odd&amp;view1=1#1.4.3.6.2.4</hi>
                            </ref>
                        
                    </note>
<note rend="footnote text" xml:id="ftn4" n="4">
                        
                            <hi style="font-size:10pt" xml:space="preserve"> So unterscheidet die Edition der Briefe Alexander von Humboldts etwa „Ergänzungen“ und „Anmerkungen“ farblich voneinander (Ette 2018-2022). Ergänzungen des Autors werden zudem ausgezeichnet und im Transkript bzw. der “Webansicht” an der als zugehörig interpretierten Stelle im Kerntext, farblich abgesetzt, eingefügt. Siehe: </hi>
                            <ref target="https://edition-humboldt.de/richtlinien/ediarum.BASE/DE/text/ergaenzungen.html">
                                <hi rend="underline color(1155CC)" style="font-size:10pt">https://edition-humboldt.de/richtlinien/ediarum.BASE/DE/text/ergaenzungen.html</hi>
                            </ref>
                        
                    </note>
<note rend="footnote text" xml:id="ftn5" n="5">
                        
                            <hi style="font-size:10pt" xml:space="preserve"> In der Briefedition der Simmel-Gesamtausgabe werden keine RN ausgewiesen. In der Max-Weber-Gesamtausgabe sind sporadisch RN enthalten. Sie werden im “textkritischen Apparat” (Weber 1994: 686, 851) ausgewiesen.</hi>
                        
                    </note></div>
            <div type="bibliogr">
                <listBibl>
                    <head>Bibliographie</head>
                    <bibl style="text-align: left; ">
                        <hi rend="bold">Bergmann, Jörg.</hi> 1987. 
                        <hi rend="italic">Klatsch. Zur Sozialform der diskreten Indiskretion</hi>. Berlin: New York: De Gruyter.
                    </bibl>
                    <bibl style="text-align: left; ">
                        <hi rend="bold">Erler, Gotthard.</hi> 1968. “Ich bin der Mann der langen Briefe” 
                        <hi rend="italic">Fontaneblätter</hi> 1/7: 318-319.
                    </bibl>
                    <bibl style="text-align: left; ">
                        <hi rend="bold">Ette, Ottmar (Hg.).</hi> 2018-2022. 
                        <hi rend="italic">Richtlinien der</hi>
                        <ref target="https://edition-humboldt.de">
                            <hi rend="italic" xml:space="preserve"> edition humboldt digital</hi>
                        </ref>, Berlin-Brandenburgische Akademie der Wissenschaften. 
                        <ref target="https://edition-humboldt.de/richtlinien/ediarum.BASE/DE/text/ergaenzungen.html">
                            <hi rend="underline color(1155CC)">https://edition-humboldt.de/richtlinien/ediarum.BASE/DE/text/ergaenzungen.html</hi>
                        </ref> (zugegriffen: 2. August 2022).
                    </bibl>
                    <bibl style="text-align: left; ">
                        <hi rend="bold">Gabler, Thorsten.</hi> 2020. “Theodor Fontanes Briefe” In 
                        <hi style="font-family:Tahoma">﻿</hi>
                        <hi rend="italic">Handbuch Brief. Von der Frühen Neuzeit zur Gegenwart. Bd. 2: Historische Perspektiven - Netzwerke - Zeitgenossenschaften</hi>, hg. von Marie Isabel Matthews-Schlinzig, Jörg Schuster, Gesa Steinbrink und Jochen Strobel, 1233-1244. Berlin; Boston: De Gruyter.
                    </bibl>
                    <bibl style="text-align: left; ">
                        <hi rend="bold">Jung, Joseph (Hg.).</hi> 2022. 
                        <hi rend="italic">Digitale Briefedition Alfred Escher</hi>, Relaunch Januar 2022, Zürich.
                        <ref target="https://briefedition.alfred-escher.ch/briefe/B0503" xml:space="preserve"> </ref>
                        <ref target="https://briefedition.alfred-escher.ch/briefe/B0503">
                            <hi rend="underline color(1155CC)">https://briefedition.alfred-escher.ch/briefe/B0503</hi>
                        </ref> (zugegriffen: 2. August 2022).
                    </bibl>
                    <bibl style="text-align: left; ">
                        <hi rend="bold">Kompetenzzentrum – Trier Center for Digital Humanities.</hi> 2022. Ferdinand Tönnies-Briefe: Eine digitale Edition. 
                        <ref target="https://tcdh.uni-trier.de/de/projekt/ferdinand-toennies-briefe-eine-digitale-edition">
                            <hi rend="underline color(1155CC)">https://tcdh.uni-trier.de/de/projekt/ferdinand-toennies-briefe-eine-digitale-edition</hi>
                        </ref> (zugegriffen: 2. August 2022).
                    </bibl>
                    <bibl style="text-align: left; ">
                        <hi rend="bold">Schlegel, August Wilhelm.</hi> 2014-2021. 
                        <hi rend="italic">Digitale Edition der Korrespondenz</hi> [Version-01-22]. 
                        <hi rend="underline color(1155CC)">https://august-wilhelm-schlegel.de</hi>, hg. von Jochen Strobel und Claudia Bamberg, bearbeitet von Caludia Bamberg und Olivia Varwig in Zusammenarbeit mit Cornelia Bögel, Ruth Golyschkin, Bianca Müller, Radoslav Petkov, Christian Senf und Friederike Wißmach (zugegriffen: 2. August 2022).
                    </bibl>
                    <bibl style="text-align: left; ">
                        <hi rend="bold">Simmel, Georg.</hi> 1989. “Über sociale Differenzierung” In: 
                        <hi rend="italic">Georg Simmel. Aufsätze 1887 bis 1890. Über sociale Differenzierung. Die Probleme der Geschichtsphilosophie (1892)</hi>, hg. von Heinz-Jürgen Dahme, 109-296. Frankfurt/M.: Suhrkamp.
                    </bibl>
                    <bibl style="text-align: left; ">
                        <hi rend="bold">Tönnies, Ferdinand an Paulsen, Friedrich.</hi> 25.06.1879. In 
                        <hi rend="italic">Tönnies-Nachlass. Schleswig-Holsteinische Landesbibliothek</hi>, Cb 54.51: Paulsen, 15.
                    </bibl>
                    <bibl style="text-align: left; ">
                        <hi rend="bold">Tönnies, Ferdinand an Paulsen, Friedrich.</hi> 19.08.1881. In 
                        <hi rend="italic">Tönnies-Nachlass. Schleswig-Holsteinische Landesbibliothek</hi>, Cb 54.51: Paulsen, 54.
                    </bibl>
                    <bibl style="text-align: left; ">
                        <hi rend="bold">Tönnies, Ferdinand.</hi> 2002. “Kritik der öffentlichen Meinung” In 
                        <hi rend="italic">Ferdinand Tönnies. Gesamtausgabe Band 14</hi>. 
                        <hi rend="italic">1922</hi>, hg. von Alexander Deichsel, Rolf Fechner und Rainer Waßner. Berlin; New York: De Gruyter.
                    </bibl>
                    <bibl style="text-align: left; ">
                        <hi rend="bold">Tönnies, Ferdinand.</hi> 2009. “Philosophische Terminologie in psychologisch-soziologischer Ansicht” In 
                        <hi rend="italic">Ferdinand Tönnies. Gesamtausgabe Band 7. 1905-1906</hi>, hg. von Arno Bammé und Rolf Fechner, 119-250. Berlin; New York: De Gruyter.
                    </bibl>
                    <bibl style="text-align: left; ">
                        <hi rend="bold">Tönnies, Ferdinand.</hi> 2019. “Gemeinschaft und Gesellschaft” In 
                        <hi rend="italic">Ferdinand Tönnies. Gesamtausgabe Band 2. 1880-1935</hi>, hg. von Bettina Clausen und Dieter Haselbach. Berlin; Boston: De Gruyter.
                    </bibl>
                    <bibl style="text-align: left; ">
                        <hi rend="bold">Weber, Max.</hi> 1994. “Briefe 1909-1910” In 
                        <hi rend="italic">Gesamtausgabe. Abteilung 2, Band 6</hi>, hg. von M. Rainer Lepsius und Wolfgang J. Mommsen. Tübingen: J. C. B. Mohr (Paul Siebeck).
                    </bibl>
                </listBibl>
            </div>
        </back>
    </text>
</TEI>
