<?xml version="1.0" encoding="UTF-8"?>
<TEI xml:id="BLUMTRITT_Jonathan_Beginen_in_K_ln__Von_der_Textdatenbank_zu" xmlns="http://www.tei-c.org/ns/1.0">
    <teiHeader>
        <fileDesc>
            <titleStmt>
                <title type="full">
                    <title type="main">Beginen in Köln: Von der Textdatenbank zur zeitgemäßen digitalen Auszeichnung und Analyse</title>
                    <title type="sub"/>
                </title>
                <author>
                    <persName>
                        <surname>Bigalke</surname>
                        <forename>Jan</forename>
                    </persName>
                    <affiliation>Universität zu Köln, Cologne Center for eHumanities</affiliation>
                    <email>Jan.Bigalke@uni-koeln.de</email>
                    <idno type="ORCID">0000-0003-0721-9980</idno>
                </author>
                <author>
                    <persName>
                        <surname>Blumtritt</surname>
                        <forename>Jonathan</forename>
                    </persName>
                    <affiliation>Universität zu Köln, Cologne Center for eHumanities</affiliation>
                    <email>jonathan.blumtritt@uni-koeln.de</email>
                    <idno type="ORCID">0000-0002-1438-379X</idno>
                </author>
                <author>
                    <persName>
                        <surname>Gengnagel</surname>
                        <forename>Tessa</forename>
                    </persName>
                    <affiliation>Universität zu Köln, Cologne Center for eHumanities</affiliation>
                    <email>tessa.gengnagel@uni-koeln.de</email>
                    <idno type="ORCID">0000-0001-8820-5112</idno>
                </author>
            </titleStmt>
            <editionStmt>
                <edition>
                    <date>2022-07-30T14:45:19.767988681</date>
                </edition>
            </editionStmt>
            <publicationStmt>
                    <publisher>Culture and Computation Lab</publisher>
                    <address>
                        <addrLine>Université du Luxembourg</addrLine>
                        <addrLine>2, Avenue de l'Université</addrLine>
                        <addrLine>L-4365 Esch-sur Alzette</addrLine>
                        <addrLine>Luxembourg</addrLine>
                    </address>
                    <publisher>Luxembourg Centre for Contemporary and Digital History</publisher>
                    <address>
                        <addrLine>Université du Luxembourg</addrLine>
                        <addrLine>2, Avenue de l'Université</addrLine>
                        <addrLine>L-4365 Esch-sur Alzette</addrLine>
                        <addrLine>Luxembourg</addrLine>
                    </address>
                    <publisher>Trier Center for Digital Humanities</publisher>
                    <address>
                        <addrLine>Universität Trier</addrLine>  
                        <addrLine>Universitätsring 15</addrLine>
                        <addrLine>54296 Trier</addrLine>
                        <addrLine>Deutschland</addrLine>
                    </address>
                </publicationStmt>
            <sourceDesc>
                <p>Converted from an OASIS Open Document</p>
            </sourceDesc>
        </fileDesc>
        <encodingDesc>
            <appInfo>
                <application ident="DHCONVALIDATOR" version="1.22">
                    <label>DHConvalidator</label>
                </application>
            </appInfo>
        </encodingDesc>
        <profileDesc>
            <textClass>
                <keywords scheme="ConfTool" n="category">
                    <term>Paper</term>
                </keywords>
                <keywords scheme="ConfTool" n="subcategory">
                    <term>Posterpräsentation</term>
                </keywords>
                <keywords scheme="ConfTool" n="keywords">
                    <term>Digital History</term>
                    <term>Prosopographie</term>
                    <term>Sozialgeschichte</term>
                    <term>Sozialtopographie</term>
                </keywords>
                <keywords scheme="ConfTool" n="topics">
                    <term>Umwandlung</term>
                    <term>Räumliche Analyse</term>
                    <term>Modellierung</term>
                    <term>Netzwerkanalyse</term>
                    <term>Visualisierung</term>
                    <term>Personen</term>
                </keywords>
            </textClass>
        </profileDesc>
    </teiHeader>
    <text>
        <body>
            <p>Beginen sind geistliche Frauen, die ohne Klausur und Gelübde in mittelalterlichen Städten lebten und im Gegensatz zu den klösterlichen Nonnen im Stadtbild präsent waren. Rechtlich waren sie Laien und unterstanden der weltlichen Obrigkeit. Daher sind sie in Rechtsquellen der Stadt präsent, auch in den berühmten Schreinsbüchern der Stadt Köln. </p>
            <p>Diese bieten eine für den Betrachtungszeitraum (13.–15. Jh.) außergewöhnlich dichte Überlieferungssituation (Militzer 1999), da in ihnen bereits seit dem 12. Jahrhundert Rechtsgeschäfte erfasst wurden, zu denen insbesondere Immobilienübertragungen zählten. Durch eine seit den 1990ern andauernde Auswertung der Schreinsbücher konnten bisher rund 2100 Beginen identifiziert werden. Die Ergebnisse dieser Auswertung liegen in Form von Regesten in einer Textdatenbank vor, die zudem Informationen zu Verwandtschaftsbeziehungen, der sozialen Stellung der Frauen und ihren Wohnstätten in der Stadt verzeichnet.</p>
            <p>Im März 2022 ist an der Universität zu Köln ein DFG-gefördertes Projekt (DFG 2022) unter der Leitung von Frau Dr. Letha Böhringer angelaufen (Böhringer 2022). Das Projekt verfolgt zwei interdependente Ziele: 1.) die erste umfassende Monographie zur Sozialgeschichte der Beginen in Köln vorzulegen, 2.) die Wissensbasis, d.h. die Quellenauswertung, digital so aufzubereiten, dass diese nach prosopographischen, sozialgeschichtlichen und sozialtopographischen Fragestellungen hin ausgewertet und in einer Webplattform öffentlich zugänglich gemacht werden kann. Diese Arbeit wird am Cologne Center for eHumanities durchgeführt, das erste Ergebnisse zur Datenmodellierung und Georeferenzierung mithilfe historischen Kartenmaterials der Stadt Köln vorstellen wird.</p>
            <div type="div1" rend="DH-Heading">
                <head>Datenmodellierung und Informationsextraktion</head>
                <p>Die vorhandenen Regesten mit 4848 Einträgen sind in eine XML-Struktur überführt worden und müssen, da wesentlich als Fließtext festgehalten, durch regex-Anweisungen und XSL-Transformationen in relevante Informationseinheiten vorstrukturiert werden. Hierbei geht es primär um die Identifikation von Akteuren, topographischen Angaben und Relationen (Verwandtschaftsbeziehungen, Transaktionen). Methoden des NLP, wie Named Entity Recognition, werden hierbei ebenfalls ergänzend erwogen.</p>
                <p>Bei der Datenmodellierung orientiert sich das Projekt an methodisch verwandten Vorhaben und etablierten Standards (Grünwald 2021). Auf der Ebene der semantischen Verknüpfung wird die eventbasierte Beschreibung durch CIDOC CRM Anwendung finden (s. Abb. 1). Die spezialisierte Bookkeeping Ontology for Historical Accounts (Pollin 2022), die auf CIDOC CRM basiert, wurde ebenfalls evaluiert.</p>
                
                    <figure>
                        <graphic url="Pictures/ee72536aa8b95f3be138c6cad9edf612.jpg"/>
                    <head>Abb 1.: Regest Schrb. 12 fol. 61r, nach CIDOC CRM V.7.0.1</head>
                </figure>
                
            </div>
            <div type="div1" rend="DH-Heading">
                <head>Kartographie/Topographie</head>
                <p>Immobilienbesitz und Wohnstätten der identifizierten Beginen lassen sich in großer Zahl und mit erstaunlicher Genauigkeit lokalisieren. Dies ist vor allem deshalb möglich, weil die Quellengrundlage überwiegend Immobiliengeschäfte zum Gegenstand hat und für die Stadt Köln ein Standardwerk zur städtischen Topographie vorliegt, das ebenfalls auf der Auswertung der Schreinsbücher beruht (Keussen 1910) und ein Referenzierungssystem für Häuser der mittelalterlichen Stadt bietet. Die Referenzen auf Keussens System wurden bei der Erstellung der Fließtext-Regesten bereits systematisch nachgehalten und können so digital genutzt werden.</p>
                <p>Dank der Bereitstellung von historischem Kartenmaterial durch die Historische Gesellschaft Köln e.V., in dem die Straßen-Parzellen-Einteilung Keussens in ursprünglich für den Druck vorbereiteten proprietären Formaten des Programms Adobe Freehand abgebildet wurde (die nun durch das Beginen-Projekt verlustfrei in offene Formate überführt worden sind), steht dem Projekt eine vektorisierte Gesamtkarte Kölns zum hohen und späten Mittelalter Kölns nach der zweiten Stadterweiterung zur Verfügung (s. Abb. 2).</p>
                
                    <figure>
                        <graphic url="Pictures/4e0734ec03e635e9ffd7937320e87d6c.png"/>
                    <head>Abb 2.: J. Bigalke/Kliomedia/Historischen Gesellschaft Köln e.V./Greven Verlag</head>
                </figure>
                
                <p>Dies eröffnet eine Reihe von Möglichkeiten, die vom Minimalziel eines Exports als hochauflösende Rasterdatei, die über einen Map-Tile-Server in Webviewer eingebunden werden kann und das Markieren von Positionen und Clustern auf der Karte ermöglicht, bis hin zum Maximalziel eines Export der Vektoren für unterschiedliche topographische Typen (Mauer, Straßenzüge, Bezirksgrenzen, Kirchen, Klöster, "Parzellen") und Einbindung in GIS-Programme und Webpräsentation reicht.</p>
                <p>Das Projekt wird die verschiedenen Optionen vorstellen und in seiner Posterpräsentation der Frage nachgehen, ob sich das Referenzsystem aus Keussens Topographie systematisch auf die eingezeichneten Haussegmente übertragen und so als dynamische Visualisierung auf der Grundlage von Datenbankabfragen realisieren lässt.</p>
            </div>
            <div type="div1" rend="DH-Heading">
                <head>Zusammenfassung</head>
                <p>Dank der Vorarbeiten in der Auswertung der Schreinsbücher kann das Beginen-Projekt auf Regesten zurückgreifen, die eine Vielzahl an Informationen zu geistlichen Frauen im Köln des Mittelalters enthalten und es nach ihrer Strukturierung im weiteren Projektverlauf erlauben werden, prosopographische Netzwerkanalysen vorzunehmen. Daher wird das Poster als ersten Kernaspekt die Datenmodellierung eines exemplarischen Regesteneintrags visualisieren.</p>
                <p>Zweiter Kernaspekt der DH-Komponente in dem Projekt und entsprechend der Posterpräsentation ist die Georeferenzierung und Verortung der geographisch gebundenen Daten mit den historischen Karten der mittelalterlichen Stadt Köln, sowie die Frage nach den damit verbundenen sozialtopographischen Auswertungsmöglichkeiten. Vorbehaltlich der lokalen Begebenheiten streben wir eine Live-Demonstration der Kartenvisualisierungen auf einem Laptop/Tablet an.</p>
                <p>Jenseits dieser ersten vorläufigen Projektergebnisse möchten wir mit dem Poster zur Diskussion stellen, inwiefern das Projekt wichtige Vorarbeiten zum besseren Verständnis der Struktur und Semantik der Schreinsbucheinträge leisten kann, da die vollumfängliche Erschließung der Schreinsbücher ein lange bestehendes Desiderat der mediävistischen Forschung darstellt.</p>
            </div>
        </body>
        <back>
            <div type="bibliogr">
                <listBibl>
                    <head>Bibliographie</head>
                    <bibl>Böhringer, Letha, und Barbara Weber. 2022. „Beginen - Frauengemeinschaften im Mittelalter Interv. Dr. Letha Böhringer geführt von Barbara Weber“. Deutschlandfunk, 21. April 2022. https://www.deutschlandfunk.de/beginen-frauengemeinschaften-im-mittelalter-interv-dr-letha-boehringer-dlf-ca4a8b47-100.html.</bibl>
                    <bibl>DFG. 2022. „DFG - GEPRIS - Beginen in Köln: Sozialgeschichte urbaner Frömmigkeit vom 13. bis zum 15. Jahrhundert“. Zugegriffen 22. Juli 2022. https://gepris.dfg.de/gepris/projekt/491803989.</bibl>
                    <bibl>Grünwald, Korbinian. 2021. Die digitale Erfassung von mittelalterlichen Rechtsgeschäften - Beschreibung der semistrukturierten XML-Graph-Datenbank db_for_medieval_legal_transactions. https://dhd-blog.org/app/uploads/2021/10/DB_Presentation-2.pdf.</bibl>
                    <bibl>Keussen, Hermann. 1910. Topographie der Stadt Köln im Mittelalter. Band 1. Bonn. https://www.ub.uni-koeln.de/cdm/ref/collection/rheinmono/id/54222.</bibl>
                    <bibl>Militzer, Klaus. 1999. „Das topographische Gedächtnis: Schreinskarten und Schreinsbücher.“ In Quellen zur Geschichte der Stadt Köln 1, 165–68.</bibl>
                    <bibl>Pollin, Christopher, und Georg Vogeler. 2022. „Bookkeeping Ontology for Historical Accounts, Version 1.2“, https://gams.uni-graz.at/o:depcha.bookkeeping.</bibl>
                </listBibl>
            </div>
        </back>
    </text>
</TEI>
