<?xml version="1.0" encoding="UTF-8"?>
<TEI xml:id="BOREK_Luise_Netzwerk_Offenes_Mittelalter" xmlns="http://www.tei-c.org/ns/1.0">
    <teiHeader>
        <fileDesc>
            <titleStmt>
                <title>Netzwerk Offenes Mittelalter</title>
                <author>
                    <persName>
                        <surname>Borek</surname>
                        <forename>Luise</forename>
                    </persName>
                    <affiliation>Technische Universität Darmstadt, Deutschland</affiliation>
                    <email>luise.borek@tu-darmstadt.de</email>
                    <idno type="ORCID">0000-0001-5849-374X</idno>
                </author>
                <author>
                    <persName>
                        <surname>Busch</surname>
                        <forename>Hannah</forename>
                    </persName>
                    <affiliation>Huygens Instituut</affiliation>
                    <email>hannah.busch@huygens.knaw.nl</email>
                    <idno type="ORCID">0000-0002-3491-8202</idno>
                </author>
                <author>
                    <persName>
                        <surname>Ketschik</surname>
                        <forename>Nora</forename>
                    </persName>
                    <affiliation>Universität Stuttgart</affiliation>
                    <email>nora.ketschik@ilw.uni-stuttgart.de</email>
                </author>
            </titleStmt>
            <editionStmt>
                <edition>
                    <date>2022-07-28T12:46:00Z</date>
                </edition>
            </editionStmt>
            <publicationStmt>
                    <publisher>Culture and Computation Lab</publisher>
                    <address>
                        <addrLine>Université du Luxembourg</addrLine>
                        <addrLine>2, Avenue de l'Université</addrLine>
                        <addrLine>L-4365 Esch-sur Alzette</addrLine>
                        <addrLine>Luxembourg</addrLine>
                    </address>
                    <publisher>Luxembourg Centre for Contemporary and Digital History</publisher>
                    <address>
                        <addrLine>Université du Luxembourg</addrLine>
                        <addrLine>2, Avenue de l'Université</addrLine>
                        <addrLine>L-4365 Esch-sur Alzette</addrLine>
                        <addrLine>Luxembourg</addrLine>
                    </address>
                    <publisher>Trier Center for Digital Humanities</publisher>
                    <address>
                        <addrLine>Universität Trier</addrLine>  
                        <addrLine>Universitätsring 15</addrLine>
                        <addrLine>54296 Trier</addrLine>
                        <addrLine>Deutschland</addrLine>
                    </address>
                </publicationStmt>
            <sourceDesc>
                <p>Converted from a Word document</p>
            </sourceDesc>
        </fileDesc>
        <encodingDesc>
            <appInfo>
                <application ident="DHCONVALIDATOR" version="1.22">
                    <label>DHConvalidator</label>
                </application>
            </appInfo>
        </encodingDesc>
        <profileDesc>
            <textClass>
                <keywords scheme="ConfTool" n="category">
                    <term>Paper</term>
                </keywords>
                <keywords scheme="ConfTool" n="subcategory">
                    <term>Posterpräsentation</term>
                </keywords>
                <keywords scheme="ConfTool" n="keywords">
                    <term>Linked Open Data</term>
                    <term>Mediävistik</term>
                    <term>Vernetzung</term>
                </keywords>
                <keywords scheme="ConfTool" n="topics">
                    <term>Modellierung</term>
                    <term>Annotieren</term>
                    <term>Theoretisierung</term>
                    <term>Community-Bildung</term>
                    <term>Kollaboration</term>
                    <term>Organisation</term>
                </keywords>
            </textClass>
        </profileDesc>
    </teiHeader>
    <text>
        <body>
            <p style="text-align: left; ">Die germanistische Mediävistik hat über Jahrzehnte viele digitale Ressourcen aufbereitet, die zu etablierten und zentralen Säulen des Faches gewachsen sind. Das DFG-Netzwerk 
                <hi rend="italic">Netzwerk Offenes Mittelalter</hi> widmet sich dem weiteren Erschließungspotenzial dieser heterogenen und historisch gewachsenen Forschungsdaten, ihrer Vernetzung und ihrer qualitativen Verdichtung und exploriert dabei den Einsatz von Linked Open Data (LOD). Das Potenzial und die Grenzen dieser Verfahren werden forschungsorientiert erprobt und methodisch reflektiert. 
            </p>
            <p style="text-align: left; ">Unter ‚offenes Mittelalter‘ verstehen wir dabei nicht nur die für LOD ohnehin erforderliche Einhaltung der FAIR-Prinzipien, sondern auch eine disziplinäre wie epochenübergreifende Durchlässigkeit, die den Austausch mit den relevanten Communitys und Gedächtnisinstitutionen, aber auch die Übertragbarkeit der Methoden widerspiegelt. </p>
            <p style="text-align: left; ">Das Netzwerk liefert aus einer fachdisziplinären Perspektive heraus Impulse für den Einsatz von LOD in geisteswissenschaftlicher Forschung und befindet sich dabei in Austausch mit der Nationalen Forschungsdateninfrastruktur (NFDI), insbesondere den Konsortien Text+ und NFDI4Culture.</p>
            <p style="text-align: left; ">Das Netzwerk setzt sich zusammen aus 18 Wissenschaftler*innen aus Deutschland, Österreich und den Niederlanden. Die individuellen Hintergründe sind vielfältig, sodass neben verschiedener mediävistischer Expertisen auch Informationswissenschaften und Bildungsforschung vertreten sind. Über die einzelnen Forschungsaktivitäten und -projekte sind zudem zentrale Ressourcen der germanistischen Mediävistik unmittelbar eingebunden, etwa der Handschriftencensus, das Mittelhochdeutsche Wörterbuch, die Mittelhochdeutsche Begriffsdatenbank, das Referenzkorpus Mittelhochdeutsch, das Mittelalterblog und diverse einschlägige Editionen (s. KONDE). </p>
            <p style="text-align: left; ">Ergänzt und erweitert wird das Netzwerk durch Expert*innen, die als Gäste wertvolle Impulse einbringen und Austausch und Vernetzung vorantreiben. Für diesen wichtigen Aspekt des Community-Building haben wir zudem die Beteiligungsmöglichkeit als „Assoziierte Mitglieder“ geschaffen, um das Netzwerk fruchtbar zu erweitern und der fachlichen und methodischen Diversität gerecht zu werden.</p>
            <p style="text-align: left; ">Konzeptionell beleuchtet das Netzwerk die Verfahren aus verschiedenen Perspektiven. Hierzu gehört ein editionsphilologischer Fokus: Als etablierter Standard für die Kodierung von Texten bildet TEI-XML die Grundlage vieler digitaler Editionen und dient als Archivformat (vgl. Wettlaufer 2018). Darin sind Informationen zunächst implizit erfasst, d. h. menschenlesbar, aber nicht ‚semantisch‘ nach Kriterien des Semantic Web (vgl. Hitzler 2021). Hier wurden etwa Möglichkeiten des Transfers eruiert (z. B. XTriples, Addlesee 2019), aber auch Herausforderungen in diesem Bereich diskutiert z. B. im Umgang mit Unsicherheiten und Ambiguitäten, wie sie besonders beim Umgang mit historischen Ressourcen häufig auftreten und zurzeit von besonderem Forschungsinteresse sind (Kuczera 2019; Andrews 2021-2026). Eine weitere wichtige Säule für LOD bilden persistente Identifier. Für eine forschungsgetriebene Anwendung, die über basale Metadatenkategorien hinausgeht, ergeben sich verschiedene Herausforderungen. Hier befindet sich das Netzwerk in Austausch mit der GND, beleuchtet Entwicklungen zu Normdatenstandards (z. B. Burrows et al. 2020) und exploriert zudem die Einbindung verschiedener Wikisysteme wie Wikidata und Factgrid.</p>
            <p style="text-align: left; ">Eine wichtige Rolle spielt auch das Spannungsfeld von Materialität und Text, in dem nicht nur die Stellvertreterfunktion digitaler Objekte beachtet werden, sondern auch Möglichkeiten zu domänenspezifischen Vokabularen und granularen Identifiern gegeben sein müssen. Die Materialität stellt einen disziplinenübergreifenden ‚Berührungspunkt‘ dar, der sowohl eine Schnittstelle für LOD bilden kann als auch große Herausforderungen und Chancen für eine Erfahrbarkeit im digitalen Raum bietet.</p>
            <p style="text-align: left; ">Die skizzierten Verfahren sind nur tragfähig, wenn für sie eine weitreichende Akzeptanz besteht und geeignete Forschungsinfrastrukturen vorhanden sind. Das Netzwerk bemüht sich daher um eine Methodenzusammenschau, liefert Best Practices und erstellt Showcases, die einen ertragreichen Einsatz von LOD illustrieren. Zu den Ergebnissen des Netzwerks gehört auch eine Wissensplattform, die eine Ressourcensammlung bietet, in der einschlägige Ressourcen zu LOD, Tutorials und Projekte gelistet werden, eine domänenspezifische Bibliographie zu LOD in der germanistischen Mediävistik gepflegt wird und die Showcases aus der Forschung der Netzwerkmitglieder präsentiert werden. Flankiert werden diese Ressourcen zudem von der ausführlichen Dokumentation der Aktivitäten des Netzwerks über Blogbeiträge (z. B. Borek et al. 2022), Meldungen auf der Website des Netzwerks und über Präsenz und Vernetzung über Social Media.</p>
            <p style="text-align: left; ">Mit unserem Poster informieren wir über unsere bisherigen Ergebnisse und Aktivitäten des 
                <hi rend="italic">Netzwerks Offenes Mittelalter</hi> und laden ein zu weiterem Austausch, um nachhaltige und innovative Forschungsinfrastrukturen in den digitalen Geisteswissenschaften gemeinsam mitzugestalten.
            </p>
        </body>
        <back>
            <div type="bibliogr">
                <listBibl>
                    <head>Bibliographie</head>
                    <bibl style="text-align: left; ">
                        <hi rend="bold">Addlesee, Angus</hi>. 2019. “Using OntoRefine to Transform Tabular Data into Linked Data”, 
                        <ref target="https://medium.com/wallscope/using-ontorefine-to-transform-tabular-data-into-linked-data-7277ec8c2c0f">https://medium.com/wallscope/using-ontorefine-to-transform-tabular-data-into-linked-data-7277ec8c2c0f</ref> (zugegriffen: 28.07.2022).
                    </bibl>
                    <bibl style="text-align: left; ">
                        <hi rend="bold">Andrews, Tara</hi>. 2021-2026. “Re-Evaluating the Eleventh Century with Linked Events and Entities”. ERC-Projekt an der Universität Wien.
                    </bibl>
                    <bibl style="text-align: left; ">
                        <hi rend="bold">Borek, Luise, Katharina Zeppezauer-Wachauer und Nora Ketschik</hi>. 2022. “Eindeutig Uneindeutig. Zur Modellierung von Unschärfe in der Mediävistik”, In Mittelalter. Interdisziplinäre Forschung und Rezeptionsgeschichte. 
                        <ref target="https://mittelalter.hypotheses.org/27658">https://mittelalter.hypotheses.org/27658</ref> (zugegriffen: 28.07.2022).
                    </bibl>
                    <bibl style="text-align: left; ">
                        <hi rend="bold">Burrows, Toby, Antoine Brix, Doug Emery, Arthur Mitchell Fraas, Eero Hyvönen, Esko Ikkala, Mikko Koho, David Lewis, Synnøve Myking, Kevin Page, Lynn Ransom, Emma Cawlfield Thomson, Jouni Tuominen, Hanno Wijsman und Pip Willcox</hi>. 2020. “Linked Open Data vocabularies and identifiers for medieval studies.” In Proceedings of the Digital Humanities in the Nordic Countries 5th Conference (DHN). 2612: 211-218.
                    </bibl>
                    <bibl style="text-align: left; ">
                        <hi rend="bold">CoReMA – Cooking Recipes of the Middle Ages</hi>, 
                        <ref target="https://gams.uni-graz.at/context:corema">https://gams.uni-graz.at/context:corema</ref> (GAMS. 562.10).
                    </bibl>
                    <bibl style="text-align: left; ">
                        <hi rend="bold">FactGrid – a database for historians</hi>: 
                        <ref target="https://blog.factgrid.de/archives/1143">https://blog.factgrid.de/archives/1143</ref> (zugegriffen: 27.07.2022).
                    </bibl>
                    <bibl style="text-align: left; ">
                        <hi rend="bold">FAIR Principles</hi>: 
                        <ref target="https://www.go-fair.org/fair-principles/">https://www.go-fair.org/fair-principles/</ref> (zugegriffen: 28.07.2020).
                    </bibl>
                    <bibl style="text-align: left; ">
                        <hi rend="bold">Hitzler, Pascal</hi>. 2021. “A Review of the Semantic Web Field.” In Communications of the ACM. 64 (2): 76-83. 10.1145/3397512. 
                        <ref target="https://cacm.acm.org/magazines/2021/2/250085-a-review-of-the-semantic-web-field/fulltext">https://cacm.acm.org/magazines/2021/2/250085-a-review-of-the-semantic-web-field/fulltext</ref> (zugegriffen: 28-07.2022). 
                    </bibl>
                    <bibl style="text-align: left; ">
                        <hi rend="bold">KONDE – Kompetenznetzwerk Digitale Editionen</hi>: 
                        <ref target="http://www.digitale-edition.at/">http://www.digitale-edition.at/</ref> (zugegriffen: 21.07.2022).
                    </bibl>
                    <bibl style="text-align: left; ">
                        <hi rend="bold">Kuczera, Andreas, Thorsten Wübbena, Thomas Kollatz (Hg.)</hi>. 2019. “Die Modellierung des Zweifels – Schlüsselideen und -konzepte zur graphbasierten Modellierung von Unsicherheiten.” Wolfenbüttel. (Sonderband der Zeitschrift für digitale Geisteswissenschaften 4) DOI: 10.17175/sb004.
                    </bibl>
                    <bibl style="text-align: left; ">
                        <hi rend="bold">MHDBDB – Mittelhochdeutsche Begriffsdatenbank</hi>: 
                        <ref target="http://mhdbdb.sbg.ac.at">http://mhdbdb.sbg.ac.at</ref> (zugegriffen: 21.07.2022).
                    </bibl>
                    <bibl style="text-align: left; ">
                        <hi rend="bold">Mittelalterblog</hi>: 
                        <ref target="https://mittelalter.hypotheses.org/">https://mittelalter.hypotheses.org/</ref> (zugegriffen: 21.07.2022).
                    </bibl>
                    <bibl style="text-align: left; ">
                        <hi rend="bold">Netzwerk Offenes Mittelalter</hi> (2021-2024). DFG Netzwerk.
                    </bibl>
                    <bibl style="text-align: left; ">
                        <hi rend="bold">OxGarage</hi> Conversion: 
                        <ref target="https://oxgarage.tei-c.org/">https://oxgarage.tei-c.org/</ref>
                    </bibl>
                    <bibl style="text-align: left; ">
                        <hi rend="bold">Wettlaufer, Jörg</hi>. 2018. “Der nächste Schritt? Semantic Web und digitale Editionen.” In Digitale Metamorphose: Digital Humanities und Editionswissenschaft (Sonderband der Zeitschrift für digitale Geisteswissenschaften 2) DOI: 10.17175/sb002_007.
                    </bibl>
                    <bibl style="text-align: left; ">
                        <hi rend="bold">Wikidata</hi>: 
                        <ref target="https://www.wikidata.org">https://www.wikidata.org</ref> (zugegriffen: 28.07.2022).
                    </bibl>
                    <bibl style="text-align: left; ">
                        <hi rend="bold">XTriples</hi>: 
                        <ref target="https://xtriples.lod.academy/index.html">https://xtriples.lod.academy/index.html</ref> (28.07.2022).
                    </bibl>
                </listBibl>
            </div>
        </back>
    </text>
</TEI>
