<?xml version="1.0" encoding="UTF-8"?>
<TEI xml:id="BRUNNER_Annelen_KoMuX___Der_Kompositamuster_Explorer" xmlns="http://www.tei-c.org/ns/1.0">
    <teiHeader>
        <fileDesc>
            <titleStmt>
                <title type="full">
                    <title type="main">KoMuX - Der Kompositamuster-Explorer</title>
                    <title type="sub"/>
                </title>
                <author>
                    <persName>
                        <surname>Brunner</surname>
                        <forename>Annelen</forename>
                    </persName>
                    <affiliation>Leibniz-Institut für Deutsche Sprache, Deutschland</affiliation>
                    <email>brunner@ids-mannheim.de</email>
                    <idno type="ORCID">0000-0002-2704-1190</idno>
                </author>
                <author>
                    <persName>
                        <surname>Katrin</surname>
                        <forename>Hein</forename>
                    </persName>
                    <affiliation>Leibniz-Institut für Deutsche Sprache, Deutschland</affiliation>
                    <email>hein@ids-mannheim.de</email>
                </author>
            </titleStmt>
            <editionStmt>
                <edition>
                    <date>2022-07-15T12:29:02.850000000</date>
                </edition>
            </editionStmt>
            <publicationStmt>
                    <publisher>Culture and Computation Lab</publisher>
                    <address>
                        <addrLine>Université du Luxembourg</addrLine>
                        <addrLine>2, Avenue de l'Université</addrLine>
                        <addrLine>L-4365 Esch-sur Alzette</addrLine>
                        <addrLine>Luxembourg</addrLine>
                    </address>
                    <publisher>Luxembourg Centre for Contemporary and Digital History</publisher>
                    <address>
                        <addrLine>Université du Luxembourg</addrLine>
                        <addrLine>2, Avenue de l'Université</addrLine>
                        <addrLine>L-4365 Esch-sur Alzette</addrLine>
                        <addrLine>Luxembourg</addrLine>
                    </address>
                    <publisher>Trier Center for Digital Humanities</publisher>
                    <address>
                        <addrLine>Universität Trier</addrLine>  
                        <addrLine>Universitätsring 15</addrLine>
                        <addrLine>54296 Trier</addrLine>
                        <addrLine>Deutschland</addrLine>
                    </address>
                </publicationStmt>
            <sourceDesc>
                <p>Converted from an OASIS Open Document</p>
            </sourceDesc>
        </fileDesc>
        <encodingDesc>
            <appInfo>
                <application ident="DHCONVALIDATOR" version="1.22">
                    <label>DHConvalidator</label>
                </application>
            </appInfo>
        </encodingDesc>
        <profileDesc>
            <textClass>
                <keywords scheme="ConfTool" n="category">
                    <term>Paper</term>
                </keywords>
                <keywords scheme="ConfTool" n="subcategory">
                    <term>Posterpräsentation</term>
                </keywords>
                <keywords scheme="ConfTool" n="keywords">
                    <term>Komposita</term>
                    <term>Muster</term>
                    <term>Webanwendung</term>
                </keywords>
                <keywords scheme="ConfTool" n="topics">
                    <term>Strukturanalyse</term>
                    <term>Annotieren</term>
                    <term>Webentwicklung</term>
                    <term>Visualisierung</term>
                    <term>Daten</term>
                    <term>Sprache</term>
                </keywords>
            </textClass>
        </profileDesc>
    </teiHeader>
    <text>
        <body>
            <p>KoMuX, der Kompositamuster-Explorer, (www.owid.de/plus/komux) ist eine Webanwendung, die es ermöglicht, mehr als 50.000 nominale Komposita des Deutschen gezielt nach abstrakten oder lexikalisch-teilspezifizierten Mustern zu durchsuchen. Unterschiedliche Visualisierungen helfen dabei, Strukturen und Zusammenhänge innerhalb der Ergebnismenge zu erfassen.</p>
            <p>Mit KoMuX machen wir einen Teil der Datengrundlage frei verfügbar, auf der unsere empirischen Forschungen zur Wortbildung basieren und integrieren Analysen und Visualisierungen aus unseren Arbeiten. Der Explorer ist damit auch ein Beitrag zu OpenScience, indem er es ermöglicht, unsere Forschungsergebnisse in Teilen nachzuvollziehen und zu reproduzieren.</p>
            <div type="div1" rend="DH-Heading">
                <head>Forschungshintergrund</head>
                <p>
                    <hi rend="color(#000000)">In der Wortbildungsforschung stellt die Einbeziehung authentischen Sprachmaterials nach wie vor ein Desiderat dar (vgl. z.B. Hein ersch. 2023; Elsen und Michel 2007). KoMuX ermöglicht es, Untersuchungen zur Komposition auf eine breite empirische Basis zu stellen und einer ‚empirischen Wortbildungsforschung‘ somit ein Stück weit näher zu kommen. Der Explorer basiert auf einer systematischen Datenerhebung, bei der alle nominalen Komposita automatisch aus </hi>dem KoGra-Untersuchungskorpus (KoGra 2022), 
                    <hi rend="color(#000000)">einem Ausschnitt </hi>des Deutschen Referenzkorpus DeReKo (Kupietz u. a. 2010)
                    <hi rend="color(#000000)">, extrahiert wurden. Diese Datengrundlage ist unseres Wissens nach die erste ihrer Art.</hi>
                </p>
                <p>
                    <hi rend="color(#000000)">Mit KoMuX wird erstmals eine Untermenge dieses Komposita-Inventars des Deutschen frei zugänglich und systematisch durchsuchbar gemacht, und zwar aus einer Muster-Perspektive (vgl. </hi>Stein und Stumpf 2019)
                    <hi rend="color(#000000)">heraus: Wir betrachten Komposita als konkrete sprachliche Realisierungen von zugrundeliegenden abstrakten oder lexikalisch-teilspezifizierten Mustern. Diese Muster aus spezifischen Paarungen von Erst- und Zweitgliedern wiederum können z.B. zur Erklärung von beobachtbaren Produktivitätsunterschieden herangezogen (vgl. </hi>Hein und Brunner 2020; Brunner u. a. 2021)
                    <hi rend="color(#000000)">oder – ganz allgemein – als Grundprinzip verstanden werden, das erklärt, wie die Komposition funktioniert bzw. wie sich das Inventar von Komposita grundsätzlich systematisieren lässt (vgl. </hi>Hein ersch. 2023)
                    <hi rend="color(#000000)">. Der Musteransatz </hi>
                    <hi rend="color(#000000)">bietet darüber hinaus eine direkte Anschlussfähigkeit an Grammatiktheorien wie die Konstruktionsgrammatik bzw. die Construction Morphology </hi>(Booij 2010)
                    <hi rend="color(#000000)">.</hi>
                </p>
            </div>
            <div type="div1" rend="DH-Heading">
                <head>Datengrundlage</head>
                <p>
                    <hi rend="color(#000000)">Das KoGra-Untersuchungskorpus umfasst ca. 7 Milliarden Tokens und besteht zum größten Teil (~90%) aus Pressetexten (zur genauen Zusammensetzung vgl. KoGra 2022; </hi>Bubenhofer, Konopka und Schneider 2014)
                    <hi rend="color(#000000)">. Es wurde mit einem automatischen Werkzeug annotiert, welches die </hi>Canoo Language Tools
                    <ref target="#_ftn1">
                        <hi rend="color(#1155cc)underline">[1]</hi>
                    </ref>
                    <hi rend="color(#000000)"> </hi>
                    <hi rend="color(#000000)">adaptiert</hi>
                    <hi rend="color(#000000)">, und für jedes Token detaillierte morphologische Informationen liefert, auf deren Basis nominale Komposita extrahiert wurden. KoMuX basiert auf einer Untermenge von 100.000 Komposita-Tokens, die zufällig aus der Gesamtmenge von ca. 489 Millionen Komposita-Tokens gezogen wurden. Daraus ergibt sich die Frequenzliste mit ca. 50.000 Komposita-Types, die durchsucht werden kann.</hi>
                </p>
                <p>D
                    <hi rend="color(#000000)">ie automatischen morphologischen Analysen wurden manuell und semi-automatisch verbessert. Dies umfasste v.a. das Entfernen von falschen Einträgen (Tokens ohne Komposita-Status) sowie Korrekturen von falschen Zerlegungen und fehlerhaften Zuweisungen von Wortbildungstyp- und/oder Wortart-Klassifikationen für die Komposita-Konstituenten.</hi>
                </p>
            </div>
            <div type="div1" rend="DH-Heading">
                <head>
                    <hi rend="color(#000000)">Technische Details</hi>
                </head>
                <p>
                    <hi rend="color(#000000)">Die Komposita-Daten werden in einer MySQL-Datenbank verwaltet, die Anwendung selbst ist in JavaScript (node.js) programmiert. Für das Frontend wurden die Frameworks Vue.js und Vuetify.js verwendet, sowie die Bibliothek Apache ECharts für die Grafiken.</hi>
                </p>
                <p>
                    <hi rend="color(#000000)">KoMuX-Tabellen können im CSV-Format heruntergeladen werden. Zusätzlich verfügt die Anwendung auch über eine API, über die direkte Anfragen an die Datenbank gestellt und die Ergebnisse im JSON-Format heruntergeladen werden können (vgl. http://www.owid.de/plus/komux/komux_api_doku/KoMuX.html).</hi>
                </p>
            </div>
            <div type="div1" rend="DH-Heading">
                <head>Funktionalitäten und Anwendungsbeispiele</head>
                <p>Die musterbasierte Suche in KoMuX beruht darauf, dass grammatische Merkmale (Wortbildungstyp oder Wortart) oder lexikalische Eigenschaften (konkretes Lemma) für das Erst- und Zweitglied spezifiziert werden. Dies erlaubt es beispielsweise, gezielt alle Adjektiv+Nomen-Komposita (z.B. 
                    <hi rend="italic">Kleinkind</hi>) oder Nomen+Nomen-Komposita (z.B. 
                    <hi rend="italic">Zeitpunkt</hi>) zu extrahieren sowie systematisch nach Phrasenkomposita (z.B. 
                    <hi rend="italic">Nacht-und-Nebel-Aktion</hi>) zu recherchieren. KoMuX ermöglicht zudem Untersuchungen zur Rekursivität von Komposita, indem gezielt nach Komposita gesucht werden kann, deren Erst- und/oder Zweitglied ebenfalls ein Kompositum ist (z.B. 
                    <hi rend="italic">Autobahnraststätte</hi>)
                    <hi rend="italic">. </hi>Neben diesen formalen Suchebenen lassen sich auch konkrete Lemmata in Erst- oder Zweitgliedposition festlegen und somit Muster mit lexikalischen Ankern definieren, z.B. Komposita mit Farbwörtern (z.B. 
                    <hi rend="italic">Dunkelrot, Abendrot</hi>).
                </p>
                <p>Visualisierungen helfen dabei, die Ergebnismenge näher zu analysieren. Auch hier steht die musterhafte Betrachtung von Erst- und Zweitgliedposition im Mittelpunkt.</p>
                <p>Quantitative Verteilungen in Hinblick auf Wortart, Wortbildungstyp und Lemma werden mit Hilfe von mehrstufigen Tortendiagrammen sichtbar gemacht.</p>
                <p>
                    <figure>
                        <graphic url="Pictures/266b018e22aec11392dab9c8b35850e8.png"/>
                        <head>Quantitative Verteilungen (Suchebenen ‚Wortbildungstyp‘ und ‚Lemma‘) beim Erstglied für Komposita mit dem Zweitglied zentrum</head>
                    </figure>.
                </p>
                <p> </p>
                <p>Die Konstituenten-Ansicht zeigt alle Erst- und Zweitglied-Lemmata der Ergebnismenge, sowie deren Vorkommenshäufigkeiten in den jeweiligen Positionen. So lässt sich untersuchen, in welcher Position die lexikalische Vielfalt größer ist und welche Lemmata starke Tendenzen zu einer der beiden Positionen aufweisen.</p>
                <p>Die Verknüpfungsansicht zeigt Komposita, deren Erst- oder Zweitglied-Lemma in mindestens einem weiteren Kompositum der Ergebnismenge auftritt und weist so auf produktive Bildungsmuster hin.</p>
                <p>
                    <figure>
                        <graphic url="Pictures/10e0a436b355174ea88f3fdff7085751.png"/>
                        <head>Ausschnitt aus dem Verknüpfungs-Diagramm für die Ergebnismenge mit dem Muster [PHRASE
                            <hi rend="sub">Erstglied</hi>+NOMEN
                            <hi rend="sub">Zweitglied</hi>].</head>
                    </figure>
                    
                </p>
            </div>
            <div type="div1" rend="DH-Heading">
                <head>Ausblick</head>
                <p>
                    <hi rend="color(#000000)">Wir streben an, in späteren Versionen auch semantische Suchebenen zu integrieren, z.B. die semantisch-thematische Klasse der unmittelbaren Konstituenten (z.B. ARTEFAKT, GEFÜHL) (vgl.</hi>Brunner u. a. 2021) und die Visualisierungen auszubauen
                    <hi rend="color(#000000)">. Perspektivisch wäre es wünschenswert, unser gesamtes Komposita-Inventar über den Explorer verfügbar zu machen.</hi>
                </p>
                <p>
                    <anchor xml:id="id_ftn1"/>
                    <ref target="#_ftnref1">[1]</ref> Leider ist die Seite canoo.net nicht mehr online verfügbar. Teile der Inhalte wurden von LEO übernommen, allerdings nicht der morphologische Analysierer (vgl.
                    <hi rend="color(#1155cc)underline"> </hi>
                    <ptr target="https://dict.leo.org/pages/about/ende/canoonet_de.html"/>).
                </p>
            </div>
        </body>
        <back>
            <div type="bibliogr">
                <listBibl>
                    <head>Bibliographie</head>
                    <bibl>
                        <hi rend="bold">Booij, Geert E.</hi>2010. 
                        <hi rend="italic">Construction morphology</hi>. Oxford: Oxford University Press.
                    </bibl>
                    <bibl>
                        <hi rend="bold">Brunner, Annelen, Stefan Engelberg und Katrin Hein.</hi> 2021. „The distribution of constituent words in nominal compounds and its impact on semantic interpretation: an empirical study“. 
                        <hi rend="italic">Journal of Word Formation</hi>1: 7–36.
                    </bibl>
                    <bibl>
                        <hi rend="bold">Bubenhofer, Noah, Marek Konopka und Roman Schneider.</hi>2014. 
                        <hi rend="italic">Präliminarien einer Korpusgrammatik</hi>. 
                        <hi rend="italic">Korpuslinguistik und interdisziplinäre Perspektiven auf Sprache</hi> 4. Tübingen: Narr.
                    </bibl>
                    <bibl>
                        <hi rend="bold">Elsen, Hilke und Sascha Michel.</hi> 2007. „Wortbildung im Sprachgebrauch. Desiderate und Perspektiven einer etablierten Forschungsrichtung“. 
                        <hi rend="italic">Muttersprache</hi> 117: 1–16.
                    </bibl>
                    <bibl>
                        <hi rend="bold">Hein, Katrin.</hi> ersch. 2023. „Auf dem Weg zu einem Komposita-Konstruktikon? – ein empirischer Anwendungsversuch der Construction Morphology auf die Nominalkomposition im Deutschen“. In 
                        <hi rend="italic">Konstruktionsfamilien im Deutschen</hi>, hg. von Fabio Mollica und Sören Stumpf. Tübingen: Stauffenburg.
                    </bibl>
                    <bibl>
                        <hi rend="bold">Hein, Katrin und Annelen Brunner. 2020.</hi>„Why do some lexemes combine more frequently than others? – An empirical approach to productivity in German compound formation“. In 
                        <hi rend="italic">Rules, patterns, schemas and analogy. Online Proceedings of the 12th Mediterranean Morphology Meetings (MMM12)</hi>12: 28–41.
                    </bibl>
                    <bibl>
                        <hi rend="bold">KoGra. 2022.</hi> „Korpus des Projekts Korpusgrammatik“. In 
                        <hi rend="italic">Leibniz-Institut für Deutsche Sprache: „Korpusgrammatik“. Grammatisches Informationssystem grammis.</hi> https://grammis.ids-mannheim.de/korpusgrammatik/6615.
                    </bibl>
                    <bibl>
                        <hi rend="bold">Kupietz, Marc, Cyril Belica, Holger Keibel und Andreas Witt. 2010.</hi> „The German Reference Corpus DeReKo: A primordial sample for Linguistic Research“. In 
                        <hi rend="italic">Proceedings of the Seventh International Conference on Language Resources and Evaluation (LREC 2010)</hi>, herausgegeben von Nicoletta Calzolari, Khalid Choukri, Bente Maegaard, Joseph Mariani, Jan Odijk, Stelios Piperidis, Mike Rosner und Daniel Tapias: 1848–54. Malta: European Language Resources Association (ELRA).
                    </bibl>
                    <bibl>
                        <hi rend="bold">Stein, Stephan und Sören Stumpf. </hi>
                        <hi rend="bold">2019.</hi>
                        <hi rend="italic">Muster in Sprache und Kommunikation. Eine Einführung in Konzepte sprachlicher Vorgeformtheit</hi>. Berlin: Erich Schmidt.
                    </bibl>
                </listBibl>
            </div>
        </back>
    </text>
</TEI>
