<?xml version="1.0" encoding="UTF-8"?>
<TEI xml:id="CUGLIANA_Elisa_Coding_editions__Computational_approaches_to_" xmlns="http://www.tei-c.org/ns/1.0">
    <teiHeader>
        <fileDesc>
            <titleStmt>
                <title>Coding editions. Computational approaches to the editing of pre-modern texts.</title>
                <author>
                    <persName>
                        <surname>Cugliana</surname>
                        <forename>Elisa</forename>
                    </persName>
                    <affiliation>CCeH - Universität zu Köln, Deutschland</affiliation>
                    <email>elisa.cugliana@uni-koeln.de</email>
                    <idno type="ORCID">0000-0002-6460-2954</idno>
                </author>
            </titleStmt>
            <editionStmt>
                <edition>
                    <date>2022-12-13T16:49:00Z</date>
                </edition>
            </editionStmt>
            <publicationStmt>
                    <publisher>Culture and Computation Lab</publisher>
                    <address>
                        <addrLine>Université du Luxembourg</addrLine>
                        <addrLine>2, Avenue de l'Université</addrLine>
                        <addrLine>L-4365 Esch-sur Alzette</addrLine>
                        <addrLine>Luxembourg</addrLine>
                    </address>
                    <publisher>Luxembourg Centre for Contemporary and Digital History</publisher>
                    <address>
                        <addrLine>Université du Luxembourg</addrLine>
                        <addrLine>2, Avenue de l'Université</addrLine>
                        <addrLine>L-4365 Esch-sur Alzette</addrLine>
                        <addrLine>Luxembourg</addrLine>
                    </address>
                    <publisher>Trier Center for Digital Humanities</publisher>
                    <address>
                        <addrLine>Universität Trier</addrLine>  
                        <addrLine>Universitätsring 15</addrLine>
                        <addrLine>54296 Trier</addrLine>
                        <addrLine>Deutschland</addrLine>
                    </address>
                </publicationStmt>
            <sourceDesc>
                <p>Converted from a Word document</p>
            </sourceDesc>
        </fileDesc>
        <encodingDesc>
            <appInfo>
                <application ident="DHCONVALIDATOR" version="1.22">
                    <label>DHConvalidator</label>
                </application>
            </appInfo>
        </encodingDesc>
        <profileDesc>
            <textClass>
                <keywords scheme="ConfTool" n="category">
                    <term>Paper</term>
                </keywords>
                <keywords scheme="ConfTool" n="subcategory">
                    <term>Vortrag</term>
                </keywords>
                <keywords scheme="ConfTool" n="keywords">
                    <term>computational edition</term>
                    <term>normalisation</term>
                    <term>processing</term>
                </keywords>
                <keywords scheme="ConfTool" n="topics">
                    <term>Programmierung</term>
                    <term>Modellierung</term>
                    <term>Annotieren</term>
                    <term>Bearbeitung</term>
                    <term>Manuskript</term>
                    <term>Text</term>
                </keywords>
            </textClass>
        </profileDesc>
    </teiHeader>
    <text>
        <body>
            <div type="div1" rend="DH-Heading1">
                <head>Introduction </head>
                <p style="text-align: left; ">The endlessness of the digital space allows scholarly editors to conceive edition projects on a grand scale. Indeed, the eternal mission of philology can be identified in the quest for the best way to represent and/or reconstruct primary sources, in order to save them from oblivion and grant the public the most informed access to them. Consequently, the lack of space boundaries characterising the digital environment is one of the first aspects making such an environment perfectly suitable for hosting ambitious edition projects. Considering then the possibilities disclosed by hypertextuality, multimodality and multimediality, one can hardly argue against the digital way of editing, despite the ongoing challenges it must face (cf. for instance Rosselli Del Turco 2016), of which sustainability is clearly in the forefront. However, there are reasons to believe that state-of-the-art digital editions have not yet overcome the limits of a still rather bookish paradigm, obeying a mostly representational logic (Van Zundert 2018, Cugliana and Van Zundert 2022). </p>
                <p style="text-align: left; ">In this contribution, I will argue that the key to the next level of digital scholarly editing is to be found in computation, that is, in the actual coding of the whole editorial workflow. I will present the theory, the advantages and the challenges of such a computational approach to the editing of pre-modern texts, backing up my claims with examples from the praxis and from my own scholarly work in the field of digital philology. Of course, the field of computational editing is still in its infancy, which means that fully computational editions have not been published yet. However, there are projects<ref n="1" target="ftn1"/> which can already prove the validity of the arguments presented in this paper or that at least seem to move in the same direction. 
                </p>
            </div>
            <div type="div1" rend="DH-Heading1">
                <head>Theoretical background </head>
                <p style="text-align: left; ">While the digital paradigm has been widely described and commented upon (among others by Stella 2007 and Sahle 2016), there is a crucial aspect that has not been sufficiently underlined, which however could represent a turning point in the history of (digital) philology. It is the case of the use of programming code throughout the different phases of the editorial process, aiming at the realisation of what Barabucci and Fischer (2017) defined as the formalisation of textual criticism. The authors, in their conclusions, state that a “shared formalization would lead to the semi-automatization of the editorial process”, where “the responsibility of the editors would be to describe their choices and decisions”, while that of the computers would be to “deal with applying these rules and decisions in the best way”. </p>
                <p style="text-align: left; ">The act of formalising the competence of the editor is to be seen as an achievement 
                    <hi rend="italic">per se</hi>, for it can lead to more accountability and verifiability of the scholarly processes, which can be shared in its complexity with the community. As a matter of fact, such processes are of fundamental importance not only from a methodological perspective, but also for the proper understanding and contextualisation of the presented results. In this respect, Van Zundert (2018) points out how the current digital methods used in scholarly editing, instead, still aim at merely recording the results of the philological work in a representational fashion,<ref n="2" target="ftn2"/> without keeping track of the decisions, analyses and actions that led to those results. In a computational edition, on the other hand, the scholarly competence and actions are not only expressed in a formal language, but they are also operationalised. This, in turn, brings about new affordances, such as the replicability and reusability of the editorial work, as well as the introduction of a degree of indirection allowing for highly controlled modelling of the edition process. 
                </p>
                <p style="text-align: left; ">If methods are there to realise theoretical principles in the best possible way, at the same time they can in turn influence the principles themselves, opening up new perspectives uncovering, for instance, implicit biases and illogicalities. Indeed, the use of computation for the modelling and operationalisation of editorial knowledge can contribute to perfecting the editorial workflow in the way envisioned by McCarty (2005), who referred to the “meaningful surprise” often arising from the process of modelling and computing.<ref n="3" target="ftn3"/>
                </p>
            </div>
            <div type="div1" rend="DH-Heading1">
                <head>The praxis of the computational method</head>
                <p style="text-align: left; ">Some examples from the actual application of this approach will hopefully prove its potential for the field of Digital Scholarly Editing. </p>
                <div type="div2" rend="DH-Heading2">
                    <head>Achievements </head>
                    <p style="text-align: left; ">During my PhD, which I completed in February 2022, I edited an Early High German version of Marco Polo’s travel account, also known as “Version DI” of the 
                        <hi rend="italic">Devisement dou Monde</hi>. One of the main goals of my research was to automatise relevant parts of the editorial workflow, such as the normalisation of the texts. As a matter of fact, bearing in mind the concept of “text as a wheel” of different possible facets, as theorised by Sahle 2013, I wanted to produce (at least) three different levels of normalisation of the text (diplomatic, semi-diplomatic and interpretative). 
                    </p>
                    <p style="text-align: left; ">Together with my colleague Gioele Barabucci (Norwegian University of Science and Technology), we developed a method based on a rule-and-exception principle, featuring three XProc pipelines, one for each level of normalisation (Cugliana and Barabucci 2022). Each pipeline consists of a series of XSLT stylesheets which deal with the different steps of the normalisation process, such as the levelling of allographs, the expansion of abbreviations, the regularisation of capitalisation etc.<ref n="4" target="ftn4"/> In particular, the choice of using a pipeline system instead of a single stylesheet was due to the fact that some actions needed to be taken before other ones could follow: for instance, inserting a capital letter after a full stop implies that the full stops are already in place. Each pipeline generates a new TEI XML file with a different level of normalization.
                    </p>
                    <p style="text-align: left; ">This proved to be a very suitable strategy for dealing with the complexity of the normalisation process. Concerning the choice of XProc pipelines, it has already been shown that small-step pipelines making use of a stateless language such as XSLT prove to be advantageous in that they reduce the complexity of computer programs, they can be easily shared with the peers and they improve the sustainability of the code (Barabucci and Schaeben 2021). Not only were the pipelines successful in generating three levels of normalisation of the texts, but they could also be applied to the transcriptions of all the witnesses edited, despite the fact that some were written in the East-Swabian dialect, and some in Bavarian. This was probably due to the geographical proximity and the contemporaneity of their production, which leads to hypothesise the possibility of creating “pools of rules” for the editing of witnesses written in specific areas and historical periods. </p>
                    <p style="text-align: left; ">In my talk I will present the system at the basis of the normalisation of the texts featured in the edition of DI, giving some insights into the very development of the pipelines, both from a strictly philological and from a computational perspective. In particular, I will focus on some tricky aspects such as the cases of ambiguities and exceptions, which might represent a hurdle for the full systematisation of the editorial workflow.</p>
                </div>
                <div type="div2" rend="DH-Heading2">
                    <head>Outlook </head>
                    <p style="text-align: left; ">A case of reuse of the normalisation pipelines written for Version DI of the 
                        <hi rend="italic">Devisement dou Monde</hi> is the project for a computational edition of the medieval German versions of the 
                        <hi rend="italic">sortes</hi> text 
                        <hi rend="italic">Prenostica Socratis Basilei</hi> (Alonso Guardo 2015). This project is still in its early stages,<ref n="5" target="ftn5"/> but a taste of its complexity will be given in the talk. With a prototypical example I will show how the same or slightly adapted XSLT stylesheets can be used to normalise texts different from the ones which had served as a basis for their development, as well as how they can be embedded in the editorial workflow for the creation of a fully computational edition. This will open up the discussion on the reuse of program code for different editorial projects (which parts of the code can be reused, which need to be adapted, what rules can apply to different projects and what is instead determined by each individual edition). 
                    </p>
                    <p style="text-align: left; ">
                        <hi rend="italic">Sortes</hi> texts (in German “Losbücher”) represent an extremely interesting genre, which unfortunately has not enjoyed much scholarly attention in the field of digital editing, although it has a long history dating back to antiquity.<ref n="6" target="ftn6"/> They were very interactive texts which were not meant to be read linearly (Heiles 2018) and which were used to predict the future with the help of sortition mechanisms, sometimes quite extravagant ones. The computational edition of the medieval German versions of the 
                        <hi rend="italic">Prenostica Socratis Basilei</hi> aims at establishing a new methodology for the editing of this genre, finding strategies to weave together games and textual criticism, with the goal of representing the 
                        <hi rend="italic">sortes</hi> in their genesis and reception throughout the centuries. Specifically, the whole editing process will find expression in an actionable formal language. 
                    </p>
                </div>
            </div>
            <div type="div1" rend="DH-Heading1">
                <head>Conclusions</head>
                <p style="text-align: left; ">As can be evinced from this abstract, my contribution has a twofold purpose: on the one hand giving a short, but hopefully convincing introduction to the theoretical aspects justifying the scholarly value of a computational approach to editing and, on the other, presenting some meaningful results obtained in the praxis. In particular, the focus will mainly be on the success and challenges of the normalisation pipelines developed in collaboration with Gioele Barabucci, showing what it actually meant to translate into code the usually very analogue task of normalising medieval texts, what problems we encountered and how we solved them. Finally, as an outlook for the possible applications of the computational principle, I will briefly illustrate the work I am doing for my next project, the edition of the 
                    <hi rend="italic">Prenostica Socratis Basilei</hi>, which was conceived from the start as a computational one. In my talk, I will show some prototypical examples concerning specific aspects of the computational workflow.
                </p>
            </div>
        </body>
        <back>
<div type="notes">
<note rend="footnote text" xml:id="ftn1" n="1">
                         An example of the application of an integrated computational approach for different phases of the editorial process is the digital critical edition of the Chronicle of Matthew of Edessa (Andrews, Safaryan and Atayan 2019).
                    </note>
<note rend="footnote text" xml:id="ftn2" n="2">
                         Although there seems to be a need for further discussions also as far as the “edition as interface” is concerned. In this respect, Andrews and Van Zundert (2018) argue that the interface is “not just an argument about the text, but also an argument about the ‘attitude’ of the editor, a window into his or her take on methodology and the digital edition itself. It is also a revelation of the technical skills available to the editor. The interface tells us something not only about the methodology but also about the import of the edition”. The authors observe, however, that many editors still underestimate the role of the interface, whose “language” is one of great complexity. 
                    </note>
<note rend="footnote text" xml:id="ftn3" n="3">
                         “Take, for example, knowledge one might have of a particular thematic concentration in a deeply familiar work of literature. In modelling one begins by privileging this knowledge, however wrong it might later turn out to be, then building a computational representation of it, e.g. by specifying a structured vocabulary of word-forms in a text-analysis tool. In the initial stages of use, this model would be almost certain to reveal trivial errors of omission and commission. Gradually, however, through perfective iteration trivial error is replaced by meaningful surprise” (McCarty 2005).
                    </note>
<note rend="footnote text" xml:id="ftn4" n="4">
                             The pipelines are available online on the pre-release website of the DI edition: https://marcopolo.cceh.uni-koeln.de.
                        </note>
<note rend="footnote text" xml:id="ftn5" n="5">
                             In February 2022 it received an “Initial Funding” from the Faculty of Arts and Humanities at the University of Cologne (https://phil-fak.uni-koeln.de/en/research/research-funding/initial-funding).
                        </note>
<note rend="footnote text" xml:id="ftn6" n="6">
                             The roots of the 
                                <hi rend="italic">sortes</hi> have been traced down to the Mediterranean area (Abraham 1968), but their use soon spread all over Europe. Since the Renaissance these texts have been used as entertaining games to play in a group (Urbini 2006), but this was not the case in antiquity and for the greater part of the Middle Ages. Then, they were taken seriously and could have a strong influence on people’s decisions.
                            
                        </note></div>
            <div type="bibliogr">
                <listBibl>
<head>Bibliographie</head>
                    <bibl style="text-align: left; ">Abraham, Werner. 1968. “Studien zu einem Wahrsagetext des späten Mittelalters.” 
                        <hi rend="italic">Hessische Blätter für Volkskunde 59</hi>, 9-24. 
                    </bibl>
                    <bibl style="text-align: left; ">Alonso Guardo, Alberto. 2015. 
                        <hi rend="italic">Prenostica Socratis Basilei: étude, édition critique et traduction</hi>. Textes littéraires du Moyen âge 4. Paris: Classiques Garnier. 
                    </bibl>
                    <bibl style="text-align: left; ">Andrews, Tara L. and Joris J. Van Zundert. 2018. “What Are You Trying to Say? The Interface as an Integral Element of Argument.” In 
                        <hi rend="italic">Digital Scholarly Editions as Interfaces</hi>, edited by Roman Bleier, Martina Bürgermeister, Helmut W. Klug, Frederike Neuber, Gerlinde Schneider, 3-33. Norderstedt: BoD. 
                    </bibl>
                    <bibl style="text-align: left; ">Andrews, Tara Lee, Anahit Safaryan, and Tatevik Atayan. 2019 “Continuous Integration Systems for Critical Edition: The Chronicle of Matthew of Edessa”. DataverseNL. https://doi.org/10.34894/MZ7FBI.</bibl>
                    <bibl style="text-align: left; ">Barabucci, Gioele and Franz Fischer. 2017. “The Formalization of Textual Criticism. Bridging the Gap between Automated Collation and Edited Critical Texts.” In 
                        <hi rend="italic">Advances in Digital Scholarly Editing: Papers Presented at the Dixit Conferences in the Hague, Cologne, and Antwerp</hi>, edited by Peter Boot, Anna Cappellotto, Wout Dillen, Franz Fischer, Aodhán Kelly, Elena Spadini, and Dirk Van Hulle, 47-53. Leiden: Sidestone Press.
                    </bibl>
                    <bibl style="text-align: left; ">Schaeben, Marcel, and Gioele Barabucci. 2021. ‘Small-Step Pipelines Reduce the Complexity of XSLT/XPath Programs’. 
                        <hi rend="italic">In Proceedings of the 21st ACM Symposium on Document Engineering</hi>, 1–4. Limerick Ireland: ACM. https://doi.org/10.1145/3469096.3474922.
                    </bibl>
                    <bibl style="text-align: left; ">Cugliana, Elisa and Gioele Barabucci. 2022. “Signs of the Times: Medieval Punctuation, Diplomatic Encoding and Rendition.” 
                        <hi rend="italic">Journal of the Text Encoding Initiative</hi> 14. DOI: https://doi.org/ 10.4000/jtei.3715.
                    </bibl>
                    <bibl style="text-align: left; ">Cugliana, Elisa and Joris J. Van Zundert. 2022. “A Computational Turn in Digital Philology”. 
                        <hi rend="italic">Filologia Germanica / Germanic Philology</hi> 14, 43-72.
                    </bibl>
                    <bibl style="text-align: left; ">Heiles, Marco. 2018. 
                        <hi rend="italic">Das Losbuch. Manuskriptologie Einer Textsorte Des 14. Bis 16. Jahrhunderts</hi>. Köln: Böhlau Verlag.
                    </bibl>
                    <bibl style="text-align: left; ">McCarty, Willard. 2005. 
                        <hi rend="italic">Humanities Computing</hi>. Basingstoke, New York: Palgrave Macmillan.
                    </bibl>
                    <bibl style="text-align: left; ">Rosselli Del Turco, Roberto. 2016. “The Battle We Forgot to Fight: Should We Make a Case for Digital Editions?” In 
                        <hi rend="italic">Digital Scholarly Editing: Theories and Practices</hi>, edited by Matthew James Driscoll and Elena Pierazzo, 219-238. Cambridge: Open Book Publishers.
                    </bibl>
                    <bibl style="text-align: left; ">Sahle, Patrick. 2013. 
                        <hi rend="italic">Digitale Editionsformen</hi>. 3 Voll. Schriften des Instituts für Dokumentologie und Editorik. Norderstedt: BoD. 
                    </bibl>
                    <bibl style="text-align: left; ">Sahle, Patrick. 2016. “What is a scholarly digital edition (SDE)?” In 
                        <hi rend="italic" xml:space="preserve">Digital Scholarly Editing. Theory, Practice and Future </hi>Perspectives, edited by Matthew Driscoll and Elena Pierazzo 19-39. Cambridge: Open Book Publishers.
                    </bibl>
                    <bibl style="text-align: left; ">Stella, Francesco V. 2007. “Metodi e prospettive dell'edizione digitale di testi mediolatini.” 
                        <hi rend="italic">Filologia mediolatina</hi> XIV, 149-180.
                    </bibl>
                    <bibl style="text-align: left; ">Urbini, Silvia. 2006. 
                        <hi rend="italic">Il Libro delle sorti</hi>. Modena: Francisco Cosimo Panini. 
                    </bibl>
                    <bibl style="text-align: left; ">Van Zundert Joris J. 2018. “Why the Compact Disc Was Not a Revolution and Cityfish Will Change Textual Scholarship, or What Is a Computational Edition?” 
                        <hi rend="italic">Ecdotica</hi>, 129–56. https://doi.org/10.7385/99283. 
                    </bibl>
                </listBibl>
            </div>
        </back>
    </text>
</TEI>
