<?xml version="1.0" encoding="UTF-8"?>
<TEI xml:id="D_RFELD_Michael_ARS___Architecture_Research_Stage" xmlns="http://www.tei-c.org/ns/1.0">
    <teiHeader>
        <fileDesc>
            <titleStmt>
                <title type="full">
                    <title type="main">ARS - Architecture Research Stage</title>
                    <title type="sub"/>
                </title>
                <author>
                    <persName>
                        <surname>Dürfeld</surname>
                        <forename>Michael</forename>
                    </persName>
                    <affiliation>TU Berlin, Deutschland</affiliation>
                    <email>michael.duerfeld@tu-berlin.de</email>
                </author>
                <author>
                    <persName>
                        <surname>Stein</surname>
                        <forename>Christian</forename>
                    </persName>
                    <affiliation>HU Berlin, Deutschland</affiliation>
                    <email>christian.stein@hu-berlin.de</email>
                </author>
                <author>
                    <persName>
                        <surname>List</surname>
                        <forename>Ferdinand</forename>
                    </persName>
                    <affiliation>UdK Berlin, Deutschland</affiliation>
                    <email>f.list@udk-berlin.de</email>
                </author>
                <author>
                    <persName>
                        <surname>Rahman</surname>
                        <forename>Zead</forename>
                    </persName>
                    <affiliation>TU Berlin, Deutschland</affiliation>
                    <email>zead.rahman@tu-berlin.de</email>
                </author>
                <author>
                    <persName>
                        <surname>Dias</surname>
                        <forename>Renata</forename>
                    </persName>
                    <affiliation>UdK Berlin, Deutschland</affiliation>
                    <email>realdias@gmail.com</email>
                </author>
                <author>
                    <persName>
                        <surname>Thran</surname>
                        <forename>Niklas</forename>
                    </persName>
                    <affiliation>UdK Berlin, Deutschland</affiliation>
                    <email>n.thran@udk-berlin.de</email>
                </author>
                <author>
                    <persName>
                        <surname>Marschner</surname>
                        <forename>Michèle</forename>
                    </persName>
                    <affiliation>Uni Potsdam, Deutschland</affiliation>
                    <email>michele.marschner@uni-potsdam.de</email>
                </author>
            </titleStmt>
            <editionStmt>
                <edition>
                    <date>2022-12-15T11:38:43.846943138</date>
                </edition>
            </editionStmt>
            <publicationStmt>
                    <publisher>Culture and Computation Lab</publisher>
                    <address>
                        <addrLine>Université du Luxembourg</addrLine>
                        <addrLine>2, Avenue de l'Université</addrLine>
                        <addrLine>L-4365 Esch-sur Alzette</addrLine>
                        <addrLine>Luxembourg</addrLine>
                    </address>
                    <publisher>Luxembourg Centre for Contemporary and Digital History</publisher>
                    <address>
                        <addrLine>Université du Luxembourg</addrLine>
                        <addrLine>2, Avenue de l'Université</addrLine>
                        <addrLine>L-4365 Esch-sur Alzette</addrLine>
                        <addrLine>Luxembourg</addrLine>
                    </address>
                    <publisher>Trier Center for Digital Humanities</publisher>
                    <address>
                        <addrLine>Universität Trier</addrLine>  
                        <addrLine>Universitätsring 15</addrLine>
                        <addrLine>54296 Trier</addrLine>
                        <addrLine>Deutschland</addrLine>
                    </address>
                </publicationStmt>
            <sourceDesc>
                <p>Converted from an OASIS Open Document</p>
            </sourceDesc>
        </fileDesc>
        <encodingDesc>
            <appInfo>
                <application ident="DHCONVALIDATOR" version="1.22">
                    <label>DHConvalidator</label>
                </application>
            </appInfo>
        </encodingDesc>
        <profileDesc>
            <textClass>
                <keywords scheme="ConfTool" n="category">
                    <term>Paper</term>
                </keywords>
                <keywords scheme="ConfTool" n="subcategory">
                    <term>Posterpräsentation</term>
                </keywords>
                <keywords scheme="ConfTool" n="keywords">
                    <term>Kollaboration</term>
                    <term>Architekturforschung</term>
                    <term>Vernetzungsplattform</term>
                    <term>Graphentechnologie</term>
                    <term>Akteursnetzwerk</term>
                </keywords>
                <keywords scheme="ConfTool" n="topics">
                    <term>Modellierung</term>
                    <term>Annotieren</term>
                    <term>Netzwerkanalyse</term>
                    <term>Bewertung</term>
                    <term>Kollaboration</term>
                    <term>Webentwicklung</term>
                </keywords>
            </textClass>
        </profileDesc>
    </teiHeader>
    <text>
        <body>
            <p>Die Ansprüche an Wissenschaftskommunikation verändern sich derzeit deutlich: Das Bedürfnis Forschender, ihre Ergebnisse offen zu teilen, sich aktiv mit anderen Forschenden zu vernetzen und selbstorganisiert zusammen zu arbeiten, ist Teil einer umfassenden institutionellen Transformation, die ihre Infrastrukturen noch entwickeln oder weiterentwickeln muss. Digitale Technologien eröffnen hier neue Optionen, die einer im Wandel begriffenen Wissenskultur entgegenkommen und neuen Formen der Konnektivität und des Arbeitens entsprechen können.</p>
            <p>
                <hi rend="background-color(#ffffff)">Mit der </hi>
                <hi rend="background-color(#ffffff)italic">Architecture Research Stage - ARS</hi>
                <hi rend="background-color(#ffffff)"> </hi>
                <hi rend="background-color(#ffffff)">(www.architectureresearchstage.de) </hi>
                <hi rend="background-color(#ffffff)">wird eine solche Vernetzungsplattform für die Architekturforschung entwickelt und erprobt. </hi>Die Architekturforschung steht dabei vor einer besonderen Herausforderung, da sie in vielen unterschiedlichen und unverbundenen Fachdisziplinen entwickelt wird. Zudem findet diese Forschung nicht allein im akademischen Bereich statt, sondern auch im außer-akademischen Bereich, in den Architektur- und Ingenieurbüros und in der Industrie. Das Potential der Architekturforschung liegt jedoch – wie bei der Architekturpraxis auch – gerade in der Synthese, die das Wissen aus diesen unterschiedlichen Disziplinen zusammenführt und vereint. ARS richtet sich deshalb explizit an alle Beteiligten der Architekturforschung: Ob sie im akademischen oder außer-akademischen Bereich forschen, alleine oder im Verbund, ob sie selbst Forschungsergebnisse produzieren oder diese herausgeben, ausstellen, diskutieren oder managen, als Profis, Studierende oder interessierte Laien.
            </p>
            <p>Eine passende Infrastruktur für die spezifischen Bedürfnisse der Forschenden in der Architektur fehlt bisher. Die bestehenden institutionellen Repositorien der Hochschulen oder die überinstitutionellen Repositorien aggregieren und archivieren vornehmlich Forschungsergebnisse und -daten, bieten aber keine überzeugenden Funktionen für das Vernetzen an. Es sind die sogenannten akademischen Netzwerkplattformen wie Academia und ResearchGate, die auf diesen Bedarf reagieren und dort ihre Marktnische gefunden haben. Sie entsprechen jedoch weder den Open-Access-Standards, noch folgen sie den FAIR-Data Prinzipien oder garantieren eine langfristige Speicherung der Daten. Will die Forschungsgemeinschaft sich nicht von wenigen privatwirtschaftlich orientierten Plattformen oder Softwaresystemen abhängig machen, muss sie aus sich selbst heraus disziplinspezifische Vernetzungs-Plattformen entwickeln.</p>
            <p>
                <hi rend="background-color(#ffffff)">ARS</hi>
                <hi rend="background-color(#ffffff)">bietet für eine kollaborative Architekturforschung ein übergreifendes Modell und eine aktiv vernetzende Infrastruktur. Erstmalig werden nicht nur Ergebnisse und Daten, sondern auch Kontexte der Architekturforschung auf einer webbasierten Plattform gemeinsam generiert, vernetzt und sichtbar gemacht. </hi>Auf Grundlage eines Akteursmodells für interdisziplinäre Zusammenarbeit können die jeweiligen Entstehungskontexte durch die Forschenden eigenständig beschrieben, bewertet und mit Alternativen, Wünschen und Bedarfen ergänzt werden. Mit Bezug auf die Akteurs-Netzwerktheorie von Bruno Latour (Latour und Woolgar 1979) und die Netzwerktheorie von Harrison White (White 2008) werden dabei menschliche und nicht-menschliche Einflussfaktoren auf den Forschungsprozess unter dem Akteurs-Begriff versammelt. Aus vorhergehenden Forschungen zu interdisziplinären Forschungskontexten (Dürfeld et al. 2021) konnten dabei elf unterschiedliche Akteursklassen als relevant identifiziert werden: Personen, Organisationen, Themen, Methoden, Quellen, Ereignisse, Aufgaben, Werkzeuge, Orte, Zeiten und Gelder. Diese Akteur:innen sind miteinander durch spezifische, semantisch ausformulierte Bindungen verbunden, wodurch sich komplexe Forschungszusammenhänge einheitlich und vergleichbar modellieren, analysieren und planen lassen.
            </p>
            <p>Zentrales Element von ARS sind die 
                <hi rend="italic">plusPublikationen</hi>, die Forschungsergebnisse mit deren konkretem Entstehungskontext verbinden. Die von den Forschenden erstellten 
                <hi rend="italic">plusPublikationen</hi> berichten so immer auch etwas über ihre eigene Entstehung: Welche Werkzeuge und Methoden wurden verwendet, mit welchen Personen wurde diskutiert, welche Organisationen unterstützten die Forschung, welche Quellen wurden verwendet, welche Ereignisse haben den Forschungsprozess beeinflusst, an welchen Orten wurde gearbeitet, welche Aufgaben mussten erledigt werden, wieviel Zeit und Geld stand zur Verfügung? Mittels Graphentechnologie auf der Basis der Open-Source-Graphdatenbank Neo4j werden die Forschungsergebnisse und Forschungskontexte automatisch vernetzt. Über ein bildbasiertes, variables Interface wird das Akteursnetzwerk der Architekturforschung dargestellt und durchsuchbar gemacht.
            </p>
            <p>Der Mehrwert von ARS liegt in fünf Bereichen: (1) 
                <hi rend="color(#000000)">Vergrößerung der Sichtbarkeit eigener Forschungen und Vernetzung mit Architekturforschenden durch Präsentation auf einer innovativen Forschungsplattform </hi>(2) Passgenaues Auffinden von Kooperationspartner:innen für neue Projekte, (3) Veröffentlichen und Finden von detaillierten, bewerteten Forschungsdaten, (4) Reflektion des eigenen Forschungsverhaltens durch das Erkennen von Wiederholungen, Lücken und Mustern und (5) Partizipation an einer aktiven Architekturforschungs-Community.
            </p>
            <p>Hauptaufgaben des von der DFG für drei Jahre (2021-2024) geförderten experimentellen Pilotprojektes sind Aufbau, Erprobung und Evaluierung von ARS. Das Projekt wird als ein Verbundprojekt der TU Berlin und der UdK Berlin, unter der Beteiligung von Kooperationspartner:innen aus dem akademischen und außer-akademischen Bereich in Berlin-Brandenburg durchgeführt.</p>
        </body>
        <back>
            <div type="bibliogr">
                <listBibl>
                    <head>Bibliographie</head>
                    <bibl>Dürfeld, Michael, Anika Schultz, Christian Stein (et al.). 2021. "Kollaborative Architekturforschung als Programm einer Architekturwissenschaft". In 
                        <hi rend="italic">Architekturwissenschaft. Vom Suffix zur Agenda</hi>
                        <hi rend="italic">, </hi>hg. von Juan Almarza Anwandter, Jan Bovelet, Michael Dürfeld (et al.), 210-233. Berlin: Universitätsverlag der TU Berlin.
                    </bibl>
                    <bibl>Latour, Bruno und Steve Woolgar. 1979. 
                        <hi rend="italic">Laboratory Life: The Construction of Scientific Facts</hi>. Beverly Hills: Sage Publications.
                    </bibl>
                    <bibl>White, Harrison C. 2008. 
                        <hi rend="italic">Identity and Control: How Social Formations Emerge</hi>. Princeton: University Press.
                    </bibl>
                </listBibl>
            </div>
        </back>
    </text>
</TEI>
