<?xml version="1.0" encoding="UTF-8"?>
<TEI xml:id="DEICKE_Aline_Living_Handbook__Digitale_Quellenkritik_" xmlns="http://www.tei-c.org/ns/1.0">
    <teiHeader>
        <fileDesc>
            <titleStmt>
                <title type="full">
                    <title type="main">Living Handbook “Digitale Quellenkritik”</title>
                    <title type="sub"/>
                </title>
                <author>
                    <persName>
                        <surname>Deicke</surname>
                        <forename>Aline</forename>
                    </persName>
                    <affiliation>Akademie der Wissenschaften und der Literatur | Mainz / Philipps-Universität Marburg</affiliation>
                    <email>aline.deicke@adwmainz.de</email>
                    <idno type="ORCID">0000-0001-7347-7625</idno>
                </author>
                <author>
                    <persName>
                        <surname>Wachter</surname>
                        <forename>Christian</forename>
                    </persName>
                    <affiliation>Universität Bielefeld</affiliation>
                    <email>christian.wachter@uni-bielefeld.de</email>
                    <idno type="ORCID">0000-0003-2937-0868</idno>
                </author>
                <author>
                    <persName>
                        <surname>Feichtinger</surname>
                        <forename>Moritz</forename>
                    </persName>
                    <affiliation>Universität Basel</affiliation>
                    <email>moritz.feichtinger@unibas.ch</email>
                    <idno type="ORCID">0000-0003-1260-8884</idno>
                </author>
                <author>
                    <persName>
                        <surname>Lemaire</surname>
                        <forename>Marina</forename>
                    </persName>
                    <affiliation>Universität Trier</affiliation>
                    <email>marina.lemaire@uni-trier.de</email>
                    <idno type="ORCID">0000-0003-4726-2481</idno>
                </author>
                <author>
                    <persName>
                        <surname>Schmunk</surname>
                        <forename>Stefan</forename>
                    </persName>
                    <affiliation>Hochschule Darmstadt</affiliation>
                    <email>stefan.schmunk@h-da.de</email>
                    <idno type="ORCID">0000-0001-9706-9757</idno>
                </author>
                <author>
                    <persName>
                        <surname>Hall</surname>
                        <forename>Mark</forename>
                    </persName>
                    <affiliation>Open University</affiliation>
                    <email>mark.hall@open.ac.uk</email>
                    <idno type="ORCID">0000-0003-0081-4277</idno>
                </author>
                <author>
                    <persName>
                        <surname>Harvey</surname>
                        <forename>Francis</forename>
                    </persName>
                    <affiliation>Leibniz-Institut für Länderkunde</affiliation>
                    <email>f_harvey@leibniz-ifl.de</email>
                    <idno type="ORCID">0000-0003-0027-8320</idno>
                </author>
                <author>
                    <persName>
                        <surname>Durdaği</surname>
                        <forename>A. Nursen</forename>
                    </persName>
                    <affiliation>Sakarya Üniversitesi</affiliation>
                    <email>ndurdagi@sakarya.edu.tr</email>
                    <idno type="ORCID">0000-0002-9596-3381</idno>
                </author>
            </titleStmt>
            <editionStmt>
                <edition>
                    <date>2022-12-15T12:07:28.792711744</date>
                </edition>
            </editionStmt>
            <publicationStmt>
                    <publisher>Culture and Computation Lab</publisher>
                    <address>
                        <addrLine>Université du Luxembourg</addrLine>
                        <addrLine>2, Avenue de l'Université</addrLine>
                        <addrLine>L-4365 Esch-sur Alzette</addrLine>
                        <addrLine>Luxembourg</addrLine>
                    </address>
                    <publisher>Luxembourg Centre for Contemporary and Digital History</publisher>
                    <address>
                        <addrLine>Université du Luxembourg</addrLine>
                        <addrLine>2, Avenue de l'Université</addrLine>
                        <addrLine>L-4365 Esch-sur Alzette</addrLine>
                        <addrLine>Luxembourg</addrLine>
                    </address>
                    <publisher>Trier Center for Digital Humanities</publisher>
                    <address>
                        <addrLine>Universität Trier</addrLine>  
                        <addrLine>Universitätsring 15</addrLine>
                        <addrLine>54296 Trier</addrLine>
                        <addrLine>Deutschland</addrLine>
                    </address>
                </publicationStmt>
            <sourceDesc>
                <p>Converted from an OASIS Open Document</p>
            </sourceDesc>
        </fileDesc>
        <encodingDesc>
            <appInfo>
                <application ident="DHCONVALIDATOR" version="1.22">
                    <label>DHConvalidator</label>
                </application>
            </appInfo>
        </encodingDesc>
        <profileDesc>
            <textClass>
                <keywords scheme="ConfTool" n="category">
                    <term>Paper</term>
                </keywords>
                <keywords scheme="ConfTool" n="subcategory">
                    <term>Panel</term>
                </keywords>
                <keywords scheme="ConfTool" n="keywords">
                    <term>Digitale Quellenkritik</term>
                    <term>Open Publication</term>
                    <term>Theorie der DH</term>
                    <term>Algorithmenkritik</term>
                </keywords>
            </textClass>
        </profileDesc>
    </teiHeader>
    <text>
        <body>
            <p>
                <anchor xml:id="id_docs-internal-guid-6bfb74a8-7fff-7b1b-f913-3848ae15a4f0"/>
                <hi rend="color(#000000)">Geistes- und Kulturwissenschaften</hi>
                <hi rend="color(#000000)"> </hi>
                <hi rend="color(#000000)">bauen in ihren Erkenntnisprozessen wesentlich auf der Befragung von Quellen unterschiedlichster Materialität und Medialität auf: So bezeichnet der Begriff sämtliche Objekte und Überreste, die zum Erkenntnisgewinnungsprozess über das Vergangene beitragen, z. B. Gemälde, Musiknotenblätter, Texte, Fotografien, Münzen, Inschriften, Kleidung oder andere Alltagsgegenstände. Quellen liefern aber keine Wahrheiten, sondern müssen gedeutet und in die Sprache der (historischen) Wissenschaften übersetzt werden. Zudem können Quellen subjektiv, fehlerhaft, verfälscht oder auch nur in Teilen erhalten sein. Um diesen Herausforderungen zu begegnen, hat sich in den historischen Wissenschaften die Methode der Quellenkritik etabliert (vgl. Koselleck 1977). Sie dient dazu, die Aussagekraft einer Quelle für ein gegebenes Forschungsvorhaben (insbesondere in Relation zu anderen Quellen) zu beurteilen und stellt damit letztlich die Grundlage zu ihrer Analyse dar. Hierfür werden sie z. B. beschrieben, indexiert, kontextualisiert, übersetzt und daran anschließend ausgewertet. Die Quellenkritik ist damit eine der Grundsäulen des Forschens schlechthin, sowohl in den historischen Wissenschaften als auch darüber hinaus (vgl. z. B. Arnold 2001).</hi>
            </p>
            <p>Die digitale Transformation verändert alle Bereiche der Gesellschaft – dies schließt die Wissenschaft insgesamt und die historischen Wissenschaften im Speziellen ein. Neben Quellen genuin digitaler Natur, sog. “born digital” Quellen wie z. B. Software, Websites, Social Media Beiträge und persönliche Textnachrichten, stehen “traditionelle” Quellen im zunehmenden Maße digitalisiert zur Verfügung. Diese digitalen Repräsentationen stellen die Quellenkritik allerdings vor neue Herausforderungen: Wer hat die Quelle wie digitalisiert und zu welchem Zweck? Welche Formate und Transformationsalgorithmen wurden verwendet? Wer hostet die digitale Quelle und gewährleistet die Langzeitverfügbarkeit sowie ihre Integrität? Wie wird die Quelle auffindbar für diejenigen, die sie in ihrer Forschung verwenden wollen? Zu all diesen Fragen müssen sich die Geistes- und Kulturwissenschaften verhalten und dabei sowohl philosophische Überlegungen (Was ist eigentlich ein digitales Objekt?), als auch Überlegungen zu Methodologie, Langzeitarchivierung, manueller / semi-automatischer / automatischer Erschließung, Forschungsethik und viele andere mehr berücksichtigen.</p>
            <p>
                <hi rend="color(#000000)">Die traditionelle Quellenkritik muss vor diesem Hintergrund um die Dimension einer digitalen Quellenkritik erweitert werden. Hierzu sind in jüngerer Zeit bereits einige Beiträge vorgelegt worden (vgl. z. B. Fickers 2020; Föhr 2017; Hering 2014; Pfanzelter 2015), doch mit dem rasanten technischen Wandel und vor dem Hintergrund sich stark verändernder digitaler Infrastrukturen und Arbeitsprozesse in der Wissenschaft (z. B. im Zusammenhang mit der Nationalen Forschungsdateninfrastruktur) braucht es eine stete und kritische Begleitung des Themas, wie es nur ein kontinuierlich und kooperativ geführter wissenschaftlicher Diskurs gewährleisten kann. Dieser Aufgabe hat sich der Arbeitskreis Digitale Quellenkritik (der lose an den DHd-Verband und die Arbeitsgruppe digitale Geschichtswissenschaft des Historikerverbands angeschlossen ist) verschrieben. Die Gruppe setzt sich aus Vertreter*innen mit unterschiedlichen institutionellen Hintergründen (Forschungs- und Infrastruktureinrichtungen) und aus diversen geistes- und kulturwissenschaftlichen Disziplinen zusammen, um die verschiedenen Aspekte digitaler Quellenkritik möglichst vielseitig zu beleuchten. Der Arbeitskreis hat es sich zur Aufgabe gemacht, die Thematik aufzufächern, die verschiedenen theoretischen, methodischen und inhaltlichen Aspekte zu identifizieren und sie in einem </hi>
                <hi rend="color(#000000)italic">living handbook</hi>
                <hi rend="color(#000000)"> </hi>
                <hi rend="color(#000000)">zusammenzuführen. Das </hi>
                <hi rend="color(#000000)italic">living handbook</hi>
                <hi rend="color(#000000)"> </hi>
                <hi rend="color(#000000)">stellt dabei sowohl eine Kondensationsfläche für den </hi>
                <hi rend="color(#000000)italic">status quo</hi>
                <hi rend="color(#000000)"> </hi>
                <hi rend="color(#000000)">als auch eine Einführung in die Thematik und eine Diskussionsgrundlage dar.</hi>
            </p>
            <p>
                <hi rend="color(#000000)">Aktuell befinden sich bereits mehrere Kapitel des </hi>
                <hi rend="color(#000000)italic">living handbooks</hi>
                <hi rend="color(#000000)"> </hi>
                <hi rend="color(#000000)">im Publikationsprozess, andere Kapitel sind noch in der Aufarbeitung bzw. Planung. Um den derzeitigen Stand im Detail vorzustellen und im Rahmen von Diskussionen weitere Impulse aus der DH-Community einzuholen und in die Kapitel zu integrieren, erscheint ein Panel auf der DHd2023 als ideales Format. Entsprechend soll dort nachstehende Auswahl an Kapiteln kurz präsentiert und zur Diskussion gestellt werden. Sowohl das Projekt des </hi>
                <hi rend="color(#000000)italic">living handbooks</hi>
                <hi rend="color(#000000)"> </hi>
                <hi rend="color(#000000)">als auch die öffentliche Diskussion mit der DH-Community stehen damit ganz im Geiste des Tagungsmottos “Open Humanities – Open Culture”. </hi>
            </p>
            <div type="div1" rend="DH-Heading1">
                <head>Beitrag 1: Offenes, community-getriebenes Publikationsformat</head>
                <p>Aline Deicke</p>
                <p>
                    <hi rend="color(#000000)">Das Handbuch ist ein Community-Projekt und per Definition nie abgeschlossen: Es hält sich offen für Korrekturen, Ergänzungen und Aktualisierungen. Die Prozesse der Arbeit mit Quellen, ihre kritische Reflexion und Interpretation und der Weg von einer Quelle zu einer wissenschaftlichen Aussage sollen damit transparent gemacht und aktualisiert werden. Das </hi>
                    <hi rend="color(#000000)italic">living handbook</hi>
                    <hi rend="color(#000000)"> </hi>
                    <hi rend="color(#000000)">zur digitalen Quellenkritik ist so ein Stück gelebte Open Culture der digitalen Geistes- und Kulturwissenschaften.</hi>
                </p>
                <p>Anhand der Arbeiten und Debatten um das Handbuch lassen sich Aspekte diskutieren, die Open Science in den Digital Humanities allgemein betreffen: Wie lässt sich eine möglichst weite Partizipation von Stimmen und Perspektiven aus der Gesellschaft und verschiedenen Fachcommunities mit der Sicherung von Expertise vereinbaren? Welche Verfahren der redaktionellen Überarbeitung erfordert eine offene und stetige Erweiterung von Texten? Wie lassen sich Elemente des traditionellen Publikationsbetriebs (Reputationsmetriken, Reviewverfahren etc.) in einen community-getriebenen, kollaborativen Prozess überführen?</p>
            </div>
            <div type="div1" rend="DH-Heading1">
                <head>Beitrag 2: Theorie der digitalen Quellenkritik</head>
                <p>Moritz Feichtinger </p>
                <p>
                    <hi rend="color(#000000)">Das Projekt des </hi>
                    <hi rend="color(#000000)italic">living handbooks</hi>
                    <hi rend="color(#000000)"> </hi>
                    <hi rend="color(#000000)">ist getrieben von der gemeinsamen Einsicht, dass Quellenkritik im digitalen Zeitalter um neue Herangehensweisen und Fragestellungen erweitert werden muss. Unklar bleibt jedoch, inwieweit dieser digitale Wandel die theoretischen und methodischen Grundlagen der Disziplinen erfassen wird oder sollte. Handelt es sich bei digital unterstützten Praktiken des Befragens, Analysierens und Interpretierens lediglich um den Einsatz eines modernisierten Werkzeugkastens, oder ändert sich die Gewinnung historischer Erkenntnis fundamentaler? Wenn der Umgang mit Quellen von der Suche über die Bearbeitung bis zur Interpretation in erheblichem Umfang von digitalen Methoden bestimmt ist, bedeutet dies letztlich eine Erweiterung oder Erneuerung der Grundkenntnisse und Grundwissenschaften historischen Forschens?</hi>
                </p>
                <p>Der Beitrag fragt also nach den Erfordernissen digitaler Quellenkritik und deren Konsequenzen für die Methodik und Hermeneutik historischen Forschens. Debattiert werden soll, welche Zugänge anderer Disziplinen übernommen werden können und unter welchen Bedingungen dies geschehen kann (oder sollte). Zudem möchten wir zur Diskussion stellen, welche Gestalt und welches Ausmaß der Einfluss digitaler Quellenkritik auf die Hermeneutik haben kann (oder sollte).</p>
                <p>Erleben wir einen Wandel oder eine Pluralisierung der Erkenntnisverfahren? Bedeutet dies eine Schärfung des Profils akademischer Forschung (und ihrer hergebrachten Hermeneutik) oder eine stärkere Annäherung an andere Disziplinen?</p>
            </div>
            <div type="div1" rend="DH-Heading1">
                <head>Beitrag 3: Algorithmenkritik und die Grenzen des Algorithmus</head>
                <p>Mark Hall</p>
                <p>Im digitalen Raum werden Quellen zwangsläufig algorithmisch verarbeitet: von der Suche relevanter Quellen über ihre Analyse bis hin zur Visualisierung der Analyseergebnisse – Algorithmen sind allgegenwärtig. Jeder dieser Algorithmen hat das Potenzial, Quellen und Ergebnisse zu verzerren respektive zu beeinflussen (Van Es 2018). Eine kritische Reflexion der im Forschungsprozess verwendeten Algorithmen ist daher integraler Bestandteil der digitalen Methoden- und Quellenkritik (Dobson 2015).</p>
                <p>In der Informatik wird der Algorithmus generell als unabhängig von den bearbeiteten Daten gesehen. Diese künstliche Trennung ist aber für die Algorithmenkritik aus mehreren Gründen problematisch: Erstens lässt sich die Frage nach potenziellen Verzerrungen nur im Hinblick auf die spezifischen Eigenschaften der zu verarbeitenden Daten beantworten. Ein Algorithmus kann für das eine Quellenkorpus geeignet sein und den Aussagewert eines anderen verzerren. Zweitens sind bei vielen Methoden die Grenzen zwischen Daten, Modell und Algorithmus nicht trennscharf. So nutzt Maschinelles Lernen etwa mehrere Algorithmen, um zum einen aus Daten ein Modell zu trainieren und zum anderen, um das Modell auf die Quelle anzuwenden. Diese Aspekte können nicht unabhängig voneinander betrachtet werden.</p>
                <p>Es ist daher notwendig, eine holistische Algorithmenkritik zu entwickeln, die den Algorithmus im Kontext der Daten und Modelle analysiert. Zu diskutierende Fragen sind unter anderem: Ist diese enge Verknüpfung von Algorithmus, Daten und Modellen wirklich notwendig? Was für Methoden der Algorithmenkritik kann man ohne eine detaillierte Analyse des Codes anwenden? Wo zieht man die Grenze zur Datenkritik?</p>
            </div>
            <div type="div1" rend="DH-Heading1">
                <head>Beitrag 4: Für die verräumlichten Geisteswissenschaften: Von Karten zu Standorten</head>
                <p>Francis Harvey</p>
                <p>In einer digitalen Quellenkritik (Fickers 2020; Pfanzelter 2015) kann die Aufarbeitung von Orten und Standorten wichtige epistemologische und ontologische Hinweise für die Forschung geben (Bodenhamer et al 2010). Digitalisierte Karten und raumbezogene Daten stellen neue Herausforderungen dar. Forschende können zwar mit Einsichten aus der traditionellen Geographie und Kartographie die eigene Quellenkritik oft vertiefen, aber mit dem digitalen Wandel geht ein epistemologischer Wandel einher, der neue Herausforderungen an den verräumlichten Erkennungsgewinnungsprozess stellt (Capurro 2010). So kommen beispielsweise Fragen dazu auf, wie unterschiedlichen Zugängen zu Digitalisaten durch Informationsinfrastrukturen entgegengewirkt oder wie eine digitalisierte Kartenkritik in eine digitale Quellenkritik integriert werden kann.</p>
            </div>
            <div type="div1" rend="DH-Heading1">
                <head>Beitrag 5: Populäre Wissensproduktion – digitale Quellenlücke?</head>
                <p>A. Nursen Durdaği</p>
                <p>Die flächendeckende Nutzung von Computern in Wissenschaft und Gesellschaft, die rasante Entwicklung des Internets mit einer enormen Zunahme der Digitalisierung u.a. mit Hilfe von künstlicher Intelligenz führt zu einer unumkehrbaren Veränderung der menschlichen Informationsrezeption. Wissen wird nicht mehr ausschließlich über traditionelle Wege rezipiert, sondern oftmals über populär (wissenschaftlich)e Zugänge wie z. B. YouTube-Videos, Social Media Beiträge etc. Je mehr Informationen vorliegen und generiert werden, umso schwieriger wird es zu identifizieren, welche Beiträge wissenschaftlichen, peer-geprüften Forschungsprozessen entstammen. Insbesondere geht oft verloren, wie und von wem Informationen zu Sachverhalten erstellt, kommuniziert und verändert wurden. Für eine digitale Quellenkritik und -analyse bedeutsam sind u.a. soziale und geografische Unterschiede in der Verfügbarkeit von Ressourcen, in der Zugänglichkeit von Dokumenten angesichts (staatlicher) Geschichtspolitik und Zensur, eine sorgfältige Dokumentation der Datenhistorie sowie die Gewährleistung einer langfristigen Auffindbarkeit. Dennoch stellt sich die Frage, ob und in welchem Umfang es in Zukunft für Institutionen, Gremien oder auch Einzelakteur*innen überhaupt möglich sein wird, die Genese von Informationen umfassend zu recherchieren und nachzuvollziehen, und welchen Einfluss diese Unsicherheiten auf Prozesse der Wissensproduktion haben werden.</p>
            </div>
        </body>
        <back>
            <div type="bibliogr">
                <listBibl>
                    <head>Bibliographie</head>
                    <bibl>
                        <anchor xml:id="id_docs-internal-guid-cf0d3014-7fff-54d1-685e-9a86c3f49fbe"/>
                        <hi rend="color(#000000)">Arnold, Klaus. 2001. “Der wissenschaftliche Umgang mit Quellen.” In </hi>
                        <hi rend="color(#000000)italic">Geschichte. Ein Grundkurs</hi>
                        <hi rend="color(#000000)">, hg. von Hans-Jürgen Goertz, 2. Auflage, 42–58. Hamburg: Rowohlt.</hi>
                    </bibl>
                    <bibl>
                        <hi rend="color(#000000)">Bodenhamer, David, John Corrigan und Trevor M. Harris (Hg.). 2010. </hi>
                        <hi rend="color(#000000)italic">The Spatial Humanities</hi>
                        <hi rend="color(#000000)">. Bloomington: Indiana University Press.</hi>
                    </bibl>
                    <bibl>
                        <hi rend="color(#000000)">Capurro, Rafael. 2010. “Digital Hermeneutics—An Outline.” </hi>
                        <hi rend="color(#000000)italic">AI &amp; Society</hi>
                        <hi rend="color(#000000)"> </hi>
                        <hi rend="color(#000000)">35, Nr. 1: 35–42. </hi>
                        <ptr target="https://doi.org/10.1007/s00146-009-0255-9"/>
                        <hi rend="color(#000000)"> </hi>
                        <hi rend="color(#000000)">(zugegriffen: 02. August 2022).</hi>
                    </bibl>
                    <bibl>
                        <hi rend="color(#222222) background-color(#ffffff)">Dobson, James E. 2015. “Can an algorithm be disturbed? Machine learning, intrinsic criticism, and the Digital Humanities.” </hi>
                        <hi rend="color(#222222) background-color(#ffffff)italic">College Literature</hi>
                        <hi rend="color(#222222) background-color(#ffffff)"> </hi>
                        <hi rend="color(#222222) background-color(#ffffff)">42, Nr. 4: 543–564. </hi>
                        <ptr target="https://doi.org/10.1353/lit.2015.0037"/>
                        <hi rend="color(#222222) background-color(#ffffff)"> </hi>
                        <hi rend="color(#000000)"> </hi>
                        <hi rend="color(#000000)">(zugegriffen: 02. August 2022).</hi>
                    </bibl>
                    <bibl>
                        <hi rend="color(#222222) background-color(#ffffff)">Es, Karin van, Maranke Wieringa und Mirko Tobias Schäfer. 2018. “Tool Criticism: From Digital Methods to Digital Methodology.” In </hi>
                        <hi rend="color(#222222) background-color(#ffffff)italic">Proceedings of the 2nd International Conference on Web Studies</hi>
                        <hi rend="color(#222222) background-color(#ffffff)">, hg. von Everardo Reyes, Mark Bernstein, Giancarlo Ruffo und Imad Saleh, 24–27. WS.2 2018. New York, NY, USA: Association for C</hi>
                        <hi rend="color(#222222) background-color(#ffffff)">omputing Machinery.</hi>
                        <ref target="https://doi.org/10.1145/3240431.3240436">
                            <hi rend="color(#222222) background-color(#ffffff)"> </hi>
                        </ref>
                        <ptr target="https://doi.org/10.1145/3240431.3240436"/>
                        <hi rend="color(#000000)"> </hi>
                        <hi rend="color(#000000)">(zugegriffen: 02. August 2022).</hi>
                    </bibl>
                    <bibl>
                        <hi rend="color(#000000)">Fickers, Andreas. 2010. “Update für die Hermeneutik. Geschichtswissenschaft auf dem Weg zur digitalen Forensik?” </hi>
                        <hi rend="color(#000000)italic">Zeithistorische Forschungen – Studies in Contemporary History</hi>
                        <hi rend="color(#000000)"> </hi>
                        <hi rend="color(#000000)">17, Nr. 1: 157–68.</hi>
                        <ref target="https://doi.org/10.14765/zzf.dok-1765">
                            <hi rend="color(#000000)"> </hi>
                        </ref>
                        <ptr target="https://doi.org/10.14765/zzf.dok-1765"/>
                        <hi rend="color(#000000)"> </hi>
                        <hi rend="color(#000000)">(zugegriffen: 02. August 2022).</hi>
                    </bibl>
                    <bibl>
                        <hi rend="color(#000000)">Föhr, Pascal. 2017. </hi>
                        <hi rend="color(#000000)italic">Historische Quellenkritik im Digitalen Zeitalter</hi>
                        <hi rend="color(#000000)">. Thesis, University of Basel.</hi>
                        <ref target="https://doi.org/info:doi/10.5451/unibas-006805169">
                            <hi rend="color(#000000)"> </hi>
                        </ref>
                        <ptr target="https://doi.org/info:doi/10.5451/unibas-006805169"/>
                        <hi rend="color(#000000)"> </hi>
                        <hi rend="color(#000000)">(zugegriffen: 02. August 2022).</hi>
                    </bibl>
                    <bibl>
                        <hi rend="color(#000000)">Hering, Katharina. 2014. “Provenance Meets Source Criticism.” </hi>
                        <hi rend="color(#000000)italic">Journal of Digital Humanities</hi>
                        <hi rend="color(#000000)"> </hi>
                        <hi rend="color(#000000)">3, Nr. 2.</hi>
                        <ref target="http://journalofdigitalhumanities.org/3-2/provenance-meets-source-criticism/">
                            <hi rend="color(#000000)"> </hi>
                        </ref>
                        <ptr target="http://journalofdigitalhumanities.org/3-2/provenance-meets-source-criticism/"/>
                        <hi rend="color(#000000)"> </hi>
                        <hi rend="color(#000000)">(zugegriffen: 02. August 2022).</hi>
                    </bibl>
                    <bibl>
                        <hi rend="color(#000000)">Koselleck, Reinhart. 1977. “Standortbindung und Zeitlichkeit. Ein Beitrag zur historiographischen Erschließung der geschichtlichen Welt.” In </hi>
                        <hi rend="color(#000000)italic">Objektivität und Parteilichkeit</hi>
                        <hi rend="color(#000000)">, hg. von Reinhart Koselleck, Wolfgang Mommsen, und Jörn Rüsen. München: Deutscher Taschenbuch-Verlag.</hi>
                    </bibl>
                    <bibl>
                        <hi rend="color(#000000)">Knowles, Anne. 2014. “The Contested Nature of Historical GIS.” </hi>
                        <hi rend="color(#000000)italic">International Journal of Geographical Information </hi>
                        <hi rend="color(#000000)">28, Nr. 1: 206–211. </hi>
                        <ptr target="https://doi.org/10.1080/13658816.2013.850696"/>
                        <hi rend="color(#000000)">  </hi>
                        <hi rend="color(#000000)">(zugegriffen: 02. August 2022).</hi>
                    </bibl>
                    <bibl>
                        <hi rend="color(#000000)">Pfanzelter, Eva. 2015. “Die historische Quellenkritik und das Digitale.” </hi>
                        <hi rend="color(#000000)italic">Archiv und Wirtschaft. Zeitschrift für das Archivwesen der Wirtschaft</hi>
                        <hi rend="color(#000000)"> </hi>
                        <hi rend="color(#000000)">1: 5–19.</hi>
                        <ref target="http://diglib.uibk.ac.at/ulbtirolfodok/866898">
                            <hi rend="color(#000000)"> </hi>
                        </ref>
                        <ptr target="http://diglib.uibk.ac.at/ulbtirolfodok/866898"/>
                        <hi rend="color(#000000)"> </hi>
                        <hi rend="color(#000000)">(zugegriffen: 02. August 2022).</hi>
                    </bibl>
                </listBibl>
            </div>
        </back>
    </text>
</TEI>
