<?xml version="1.0" encoding="UTF-8"?>
<TEI xml:id="GEISSEL_Pia_Stilometrie_in_der_Diplomatik__Ein_neues_Forschu" xmlns="http://www.tei-c.org/ns/1.0">
    <teiHeader>
        <fileDesc>
            <titleStmt>
                <title type="full">
                    <title type="main">Stilometrie in der Diplomatik: Ein neues Forschungsfeld?</title>
                    <title type="sub"/>
                </title>
                <author>
                    <persName>
                        <surname>Geißel</surname>
                        <forename>Pia</forename>
                    </persName>
                    <affiliation>Bergische Universität Wuppertal, Deutschland</affiliation>
                    <email>geissel@uni-wuppertal.de</email>
                </author>
            </titleStmt>
            <editionStmt>
                <edition>
                    <date>2022-12-15T20:02:53.411348259</date>
                </edition>
            </editionStmt>
            <publicationStmt>
                    <publisher>Culture and Computation Lab</publisher>
                    <address>
                        <addrLine>Université du Luxembourg</addrLine>
                        <addrLine>2, Avenue de l'Université</addrLine>
                        <addrLine>L-4365 Esch-sur Alzette</addrLine>
                        <addrLine>Luxembourg</addrLine>
                    </address>
                    <publisher>Luxembourg Centre for Contemporary and Digital History</publisher>
                    <address>
                        <addrLine>Université du Luxembourg</addrLine>
                        <addrLine>2, Avenue de l'Université</addrLine>
                        <addrLine>L-4365 Esch-sur Alzette</addrLine>
                        <addrLine>Luxembourg</addrLine>
                    </address>
                    <publisher>Trier Center for Digital Humanities</publisher>
                    <address>
                        <addrLine>Universität Trier</addrLine>  
                        <addrLine>Universitätsring 15</addrLine>
                        <addrLine>54296 Trier</addrLine>
                        <addrLine>Deutschland</addrLine>
                    </address>
                </publicationStmt>
            <sourceDesc>
                <p>Converted from an OASIS Open Document</p>
            </sourceDesc>
        </fileDesc>
        <encodingDesc>
            <appInfo>
                <application ident="DHCONVALIDATOR" version="1.22">
                    <label>DHConvalidator</label>
                </application>
            </appInfo>
        </encodingDesc>
        <profileDesc>
            <textClass>
                <keywords scheme="ConfTool" n="category">
                    <term>Paper</term>
                </keywords>
                <keywords scheme="ConfTool" n="subcategory">
                    <term>Doctoral Consortium</term>
                </keywords>
                <keywords scheme="ConfTool" n="keywords">
                    <term>Analysing</term>
                    <term>Stylistic Analysis</term>
                    <term>Programming</term>
                </keywords>
            </textClass>
        </profileDesc>
    </teiHeader>
    <text>
        <body>
            <p>Seit rund 20 Jahren steigt die online verfügbare Menge an digitalen Daten in unterschiedlichster Form und Qualität. Dies erleichtert den Geisteswissenschaftler|innen den Zugang zu neuen Materialien und senkt die Hemmschwelle sich mit Big Data zu beschäftigen und der „methodological monoculture of close reading“(Karsdorp et al. 2021, 
                <hi rend="italic">preface</hi>) zu entkommen. Dadurch müssen sie sich aber auch vermehrt mit den technischen, sprich, computergestützten Anwendungen und Programmiersprachen beschäftigen. Zudem müssen Daten meist noch gesammelt, von überflüssiger Information bereinigt und Ergebnisse visuell aufbereitet werden. Alle diese neuen Schritte sind je nach Datengrundlage aufwändig, da Techniken erst erlernt und korrekt angewendet werden müssen. Als zusätzlicher Faktor werden für Berechnungen großer Datenmengen fachfremde Methoden aus der Mathematik oder Informatik entlehnt. Die Anwendung dieser arithmetischen Methoden werden jedoch oftmals nicht ausreichend hinterfragt. Zusätzlich fehlt zur Überprüfung der Methoden auch die empirische Evidenz vor allem dann, wenn das Untersuchungsmaterial keine faktischen Hinweise liefern kann. 
            </p>
            <p>Auch in der Geschichtswissenschaft wenden sich, angeregt durch niedrigschwelligen Zugang zu online verfügbaren Texten, Geisteswissenschaftler:innen neuen Forschungsfragen zu. So eröffnet beispielsweise die Stilometrie neue Möglichkeiten, die Anonymität eines mittelalterlichen Textzeugens aufzuheben und neue Thesen bezüglich Überlieferung und Organisation in Schreibstuben und Kanzleien aufzustellen. Dabei bewegen sich jedoch erstens die Forschungsfragen häufig um eine konkrete Identifizierung eines Stiles, einer Kanzlei oder einer Schreibschule und weniger über Makrosignale wie übergeordnete geographische, kulturelle oder sprachliche Dimensionen. Zweitens vernachlässigt die Arbeit am konkreten Korpus auch die Auseinandersetzung mit der Auswahl der geeigneten mathematischen Verfahren, die hinter den computergestützten Berechnungen stehen. Eine Auseinandersetzung auf der Makroebene über die Effektivität von beispielsweise einem Distanzmaß-Verfahren wie Burrows’s Delta auf die konkrete Textgattung der Urkunden findet bis heute noch nicht statt. Zwar gibt es Messungen über den Wirkungsgrad des Verfahrens für Lyrik und Prosa in lateinischer Sprache und kurzer oder auch fehlerhafter Texte<ref n="1" target="ftn1"/>, dennoch finden darin die spezifischen Eigenschaften von Urkunden nicht ausreichend Berücksichtigung: Individuelle, orthographische Signale, formelhafte Sprache und lückenhafte Überlieferungen sind nur einige der spezifischen Faktoren, welche noch nicht ausreichend für Burrow‘s Delta untersucht wurden (vgl. Eder 2013, 2015). 
            </p>
            <p>Betrachtet man das weitere Forschungsfeld zum Thema Autorschaftsattributionen werden aktuell vermehrt andere statistische Ansätze in Erwägung gezogen, die nicht zwingend auf Textfeatures wie Wortlängen oder inhaltlichen Merkmale wie Worthäufigkeiten basieren. Eine Fokussierung auf syntaktische oder semantische Zusammenhänge beispielsweise könnte bei der Untersuchung der Signale in Urkunden ebenso Distinktionen herausheben. Eine Loslösung vom Vector-Space-Model und Burrows Delta hin zu Topics und Neuronalen Netzen wurde zwar bisher auf dem Typus Urkunden noch nicht im großen Rahmen angewandt, dennoch könnte man dadurch potentiell das Manko der geringen Textlängen und der formelhaften Sprache umgehen. Neuere Ansätze haben sich zudem das Ziel gesetzt, durch eine Kombination mehrerer methodischer und textimmanenter Ansätze Merkmale herauszuarbeiten. Diese umschließen dann folglich nicht mehr nur die klassische Stilometrie, sondern auch die oben genannten syntaktischen und semantischen Features. Ob diese neuen Ansätze bei Urkunden Wirkung zeigen, soll ein Ziel dieser Dissertation werden.</p>
            <p>Ein grundsätzliches Problem bezüglich der Urkundentexte ist allerdings, dass diese häufig nicht von ihren originalen Textzeugen, sondern nur aus digitalisierten Editionen entnommen sind, die nicht dem eigentlichen Überlieferungstext entsprechen müssen. Wie sehr vertraut man Texten aus älteren Editionen vor 1945, in denen die Lachmannsche Editionstechnik angewendet wurde, mit der die 
                <hi rend="italic">emendatio </hi>angeblicher Fremdeingriffe unbedarft angewendet und zudem schlecht oder gänzlich undokumentiert in den Druck gegeben wurde (vgl. Plachta 2006, S. 29)?
            </p>
            <p>Aus diesen Überlegungen heraus ist es naheliegend, die stilometrischen Verfahren einmal aus der Makroperspektive zu untersuchen: Anstatt sich mit einer These zu beschäftigen, die aus dem konkreten Material, vielleicht sogar aus dem close reading-Prozess selbst, entstanden ist, sollten die mathematischen Methoden an einer großen und diversen Menge an Urkundenmaterial untersucht werden. Eine mannigfaltige Auswahl bieten dazu mehrere Urkundenportale, wie monasterium.net, Cartae Europae Medii Aevi, Codice diplomatico della Lombardia medievale oder Telma.<ref n="2" target="ftn2"/> Dabei spielen zunächst weder die Urkundentypen, noch die zeitliche Dimension, in der die Urkunden entstanden sind, eine Rolle. Die Annahme ist eher, dass verschiedene Verfahren unterschiedlich starke Distinktionen der Urkunden unterstreichen. Ihre jeweilige Sensibilität für bestimmte Eigenschaften des Textmaterials gilt es herauszuarbeiten und methodisch zu begründen. So lassen sich Stärken und Schwächen der Methoden analysieren und gegenüberstellen, nicht im Sinne eines Rankings (‚bessere vs schlechtere Methode‘), sondern im Hinblick auf ihre Eignung für spezifische Korpora und Fragestellungen. Ein solcher Ansatz erlaubt es Forschenden nicht nur, eine fundiertere Entscheidung über die anzuwendende Methode zu treffen, sondern im Idealfall sogar, diese gezielt auf den eigenen Anwendungsfall abzustimmen und zu verfeinern.
            </p>
        </body>
        <back>
<div type="notes">
<note xml:id="ftn1" rend="footnote text" n="1">Stichwort fehlerhaftes OCR.</note>
<note xml:id="ftn2" rend="footnote text" n="2"><ref target="https://www.monasterium.net/mom/home">https://www.monasterium.net/mom/home</ref>, <ref target="http://telma-chartes.irht.cnrs.fr/">http://telma-chartes.irht.cnrs.fr/</ref>, <ref target="https://cema.lamop.fr/">https://cema.lamop.fr/</ref>, <ref target="https://lombardiabeniculturali.it/cdlm/edizioni/">https://lombardiabeniculturali.it/cdlm/edizioni/</ref>.
                </note></div>
            <div type="bibliogr">
                <listBibl>
                    <head>Bibliographie</head>
                    <bibl>
                        <hi rend="bold">Argamon, Shlomo</hi>. 2008. „Interpreting Burrows’s Delta: Geometric and Probabilistic Foundations.“ In 
                        <hi rend="italic">Literary and Linguistic Computing,</hi> 23,2. S. 131-147. Oxford: University Press.
                    </bibl>
                    <bibl>
                        <hi rend="bold">Burrows, John</hi>. 2002. „‘Delta’: A Measure of Stylistic Difference and a Guide to Likely Authorship.“ In 
                        <hi rend="italic">Literary and Linguistic Computing,</hi> 17,3. S. 267-287. Oxford: University Press.
                    </bibl>
                    <bibl>
                        <hi rend="bold">Burrows, John</hi>. 2003. „Questions of authorship: attribution and beyond: a lecture delivered on the occasion of the Roberto Busa Award ACH-ALLC 2001, New York." In 
                        <hi rend="italic">Computers and the Humanities, </hi>37,1. S. 5-32. Dordrecht: Kluwer.
                    </bibl>
                    <bibl>
                        <hi rend="bold">Eder, Maciej</hi>. 2012. „Computational stylistics and Biblical translation: How reliable can a dendrogram be?“ In 
                        <hi rend="italic">The Translator and the Computer, </hi>hgg. von Piotrowski/Grabowski, S. 155-170. 
                        <hi rend="color(#000000)">Wrocław</hi>
                        <hi rend="color(#000000)">: </hi>
                        <hi rend="color(#000000)">Verlag der Hochschule für Philologie in </hi>
                        <hi rend="color(#000000)">Wrocław</hi>
                        <hi rend="color(#000000)">.</hi>
                    </bibl>
                    <bibl>
                        <hi rend="bold">Eder, Maciej</hi>. 2013. „Mind your Corpus: Systematic errors in authorship attribution“. In 
                        <hi rend="italic">Literary and Linguistic Computing, </hi>28,4. S. 603-614. Oxford: University Press.
                    </bibl>
                    <bibl>
                        <hi rend="bold">Eder, Maciej</hi>. 2015. „Does size matter? Authorship attribution, small samples, big problem.“ In 
                        <hi rend="italic">Digital Scholarship in the Humanities,</hi> 30,2. S. 167-182. Oxford: Oxford Academic.
                    </bibl>
                    <bibl>
                        <hi rend="bold">Eder, Maciej </hi>
                        <hi rend="bold">und Jan </hi>
                        <hi rend="bold">Rybicki</hi>. 2015. „Go Set A Watchman while we Kill the Mockingbird In Cold Blood.“ 
                        <ptr target="https://computationalstylistics.github.io/blog/harper-lee/"/> (zugegriffen: 03. August 2022).
                    </bibl>
                    <bibl>
                        <hi rend="bold">Evert, Stefan, Thomas Proisl, Fotis Jannidis, Isabella Reger, Steffen Pielström, Christof Schöch </hi>
                        <hi rend="bold">u</hi>
                        <hi rend="bold">nd Thorsten Vitt</hi>. 2017. „Understanding and explaining Delta measures for authorship attribution“. In 
                        <hi rend="italic">Digital Scholarship in the Humanities</hi> 32,Suppl. 2. S. ii4- ii16 10.1093/llc/fqx023.
                    </bibl>
                    <bibl>
                        <hi rend="bold">Jockers, M</hi>
                        <hi rend="bold">atthew </hi>
                        <hi rend="bold">und Daniela M. Witten</hi>. 2010. „A comparative study of machine learning methods for authorship attribution.“ In 
                        <hi rend="italic">Literary and Linguistic Computing,</hi> 25,2. S. 215–23. Oxford: University Press.
                        <lb/>
                        <hi rend="bold">Juola, Patrick </hi>
                        <hi rend="bold">und</hi>
                        <hi rend="bold"> Stephen Ramsay</hi>. 2017. „Six Septembers: Mathematics for the Humanist.“ 
                        <emph>Zea E-Books Collection,</emph> 55. Lincoln: Zea Books. 
                        <lb/>
                        <hi rend="bold">Karsdorp, F</hi>
                        <hi rend="bold">olgert, </hi>
                        <hi rend="bold">Mike Kestemont und Allen Riddel</hi>. 2021. „Humanities Data Analysis: Case Studies with Python.“ Princeton: Princeton University Press.
                    </bibl>
                    <bibl>
                        <hi rend="bold">Koppel, Moshe, </hi>
                        <hi rend="bold">Jonathan </hi>
                        <hi rend="bold">Schler </hi>
                        <hi rend="bold">und Shlomo </hi>
                        <hi rend="bold">Argamon</hi>. 2009. „Computational Methods in Authorship Attribution.“ In 
                        <hi rend="italic">Journal of the American Society for Information Science and Technology, </hi>60,1. S. 9-26. New York: Wiley.
                    </bibl>
                    <bibl>
                        <hi rend="bold">Koppel, Mosche </hi>
                        <hi rend="bold">und </hi>
                        <hi rend="bold">Yaron </hi>
                        <hi rend="bold">Winter</hi>. 2014. „Determining If Two Documents Are Written by the Same Author.“ In 
                        <hi rend="italic">Journal of the American Society for Information Science and Technology, </hi>65,1. 
                        <lb/>S. 178–187. New York: Wiley.
                    </bibl>
                    <bibl>
                        <hi rend="bold">Kou, Gang, Pei Yang, Yi Peng, Feng Xiao, Yang Chen, und Fawaz E. Alsaadi</hi>. 2020. „Evaluation of Feature Selection Methods for Text Classification with Small Datasets Using Multiple Criteria Decision-Making Methods“. 
                        <hi rend="italic">Applied Soft Computing</hi> 86. 
                        <ref target="https://doi.org/10.1016/j.asoc.2019.105836">10.1016/j.asoc.2019.105836</ref>. 
                        <lb/>
                        <hi rend="bold">Modupe, Abiodun, Turgay Celik, Vukosi Marivate, und Oludayo O. Olugbara</hi>. 2022. „Post-Authorship Attribution Using Regularized Deep Neural Network“. 
                        <hi rend="italic">Applied Sciences</hi> 12 (15). 
                        <ref target="https://doi.org/10.3390/app12157518">10.3390/app12157518</ref>.
                        <lb/>
                        <hi rend="bold">Plachta, Bodo</hi>. 2006. Editionswissenschaft eine Einführung in Methode und Praxis der Edition neuerer Texte. 2. Aufl. Stuttgart: Reclam.
                    </bibl>
                    <bibl>
                        <hi rend="bold">Plakias, Spyridon, und Efstathios Stamatatos</hi>. 2008. „Tensor Space Models for Authorship Identification“. In 
                        <hi rend="italic">Artificial Intelligence: Theories, Models and Applications</hi>, herausgegeben von John Darzentas, George A. Vouros, Spyros Vosinakis, und Argyris Arnellos, 239–49. Lecture Notes in Computer Science. Berlin: Springer.
                    </bibl>
                    <bibl>
                        <hi rend="bold">Potha, Nektaria </hi>
                        <hi rend="bold">und Efstathios </hi>
                        <hi rend="bold">Stamatatos</hi>. 2017. „An Improved Impostors Method for Authorship Verification.“ 
                        <ptr target="http://www.icsd.aegean.gr/lecturers/stamatatos/papers/CLEF-Potha-2017.pdf"/> (zugegriffen: 03. August 2022).
                    </bibl>
                    <bibl>
                        <hi rend="bold">Vogeler, Georg</hi>. 2006. „Vom Nutz und Frommen digitaler Urkundeneditionen.“ In 
                        <hi rend="italic">Archiv für Diplomatik</hi>,
                        <hi rend="italic"> </hi>52. S. 449-466. Wien: Böhlau.
                    </bibl>
                    <bibl>
                        <hi rend="bold">Vogeler, Georg</hi>. o.J. „Die Text Encoding Initiative (TEI) als Werkzeug des Urkundeneditors – Erfahrungen und Desiderate.“ https://rep.adw-goe.de/bitstream/handle/11858/00-001S-0000-0023-9A13-A/6_Vogeler.pdf?sequence=70. (zugegriffen: 03. August 2022).
                    </bibl>
                    <bibl>
                        <hi rend="bold">Wu, Haiyan, Zhiqiang Zhang, und Qingfeng Wu</hi>. 2021. „Exploring Syntactic and Semantic Features for Authorship Attribution“. 
                        <hi rend="italic">Applied Soft Computing</hi> 111. 
                        <ref target="https://doi.org/10.1016/j.asoc.2021.107815">10.1016/j.asoc.2021.107815</ref>.
                    </bibl>
                </listBibl>
            </div>
        </back>
    </text>
</TEI>
