<?xml version="1.0" encoding="UTF-8"?>
<TEI xml:id="GENGNAGEL_Tessa_Open_DH__Mapping_Blind_Spots" xmlns="http://www.tei-c.org/ns/1.0">
    <teiHeader>
        <fileDesc>
            <titleStmt>
                <title>Open DH? Mapping Blind Spots</title>
                <author>
                    <persName>
                        <surname>Gengnagel</surname>
                        <forename>Tessa</forename>
                    </persName>
                    <affiliation>Universität zu Köln, Deutschland</affiliation>
                    <email>tessa.gengnagel@uni-koeln.de</email>
                    <idno type="ORCID">0000-0001-8820-5112</idno>
                </author>
                <author>
                    <persName>
                        <surname>Lang</surname>
                        <forename>Sarah</forename>
                    </persName>
                    <affiliation>Universität Graz, Österreich</affiliation>
                    <email>sarah.lang@uni-graz.at</email>
                    <idno type="ORCID">0000-0002-4618-9481</idno>
                </author>
                <author>
                    <persName>
                        <surname>Probst</surname>
                        <forename>Nora</forename>
                    </persName>
                    <affiliation>Universität zu Köln, Deutschland</affiliation>
                    <email>nora.probst@uni-koeln.de</email>
                    <idno type="ORCID">0000-0001-6932-0879</idno>
                </author>
                <author>
                    <persName>
                        <surname>Gerber</surname>
                        <forename>Anja</forename>
                    </persName>
                    <affiliation>Berlin-Brandenburgische Akademie der Wissenschaften, Deutschland</affiliation>
                    <email>anja.gerber@bbaw.de</email>
                    <idno type="ORCID">0000-0003-2576-1511</idno>
                </author>
                <author>
                    <persName>
                        <surname>Dang</surname>
                        <forename>Sarah-Mai</forename>
                    </persName>
                    <affiliation>Philipps-Universität Marburg, Deutschland</affiliation>
                    <email>sarah-mai.dang@uni-marburg.de</email>
                    <idno type="ORCID">0000-0002-1960-247X</idno>
                </author>
                <author>
                    <persName>
                        <surname>Duan</surname>
                        <forename>Tinghui</forename>
                    </persName>
                    <affiliation>Universität Trier</affiliation>
                    <email>tinghui.duan@uni-jena.de</email>
                    <idno type="ORCID">0000-0002-3324-0938</idno>
                </author>
                <author>
                    <persName>
                        <surname>Grallert </surname>
                        <forename>Till</forename>
                    </persName>
                    <affiliation>Humboldt-Universität zu Berlin, Deutschland</affiliation>
                    <email>till.grallert@fu-berlin.de</email>
                    <idno type="ORCID">0000-0002-5739-8094</idno>
                </author>
                <author>
                    <persName>
                        <surname>Keck</surname>
                        <forename>Jana</forename>
                    </persName>
                    <affiliation>Deutsches Historisches Institut Washington (GHI), USA</affiliation>
                    <email>keck@ghi-dc.org</email>
                    <idno type="ORCID">0000-0002-9416-1256</idno>
                </author>
                <author>
                    <persName>
                        <surname>Nyhan</surname>
                        <forename>Julianne</forename>
                    </persName>
                    <affiliation>Technische Universität Darmstadt, Deutschland</affiliation>
                    <email>julianne.nyhan@tu-darmstadt.de</email>
                    <idno type="ORCID">0000-0002-4998-1757</idno>
                </author>
            </titleStmt>
            <editionStmt>
                <edition>
                    <date>2022-12-14T17:26:00Z</date>
                </edition>
            </editionStmt>
            <publicationStmt>
                    <publisher>Culture and Computation Lab</publisher>
                    <address>
                        <addrLine>Université du Luxembourg</addrLine>
                        <addrLine>2, Avenue de l'Université</addrLine>
                        <addrLine>L-4365 Esch-sur Alzette</addrLine>
                        <addrLine>Luxembourg</addrLine>
                    </address>
                    <publisher>Luxembourg Centre for Contemporary and Digital History</publisher>
                    <address>
                        <addrLine>Université du Luxembourg</addrLine>
                        <addrLine>2, Avenue de l'Université</addrLine>
                        <addrLine>L-4365 Esch-sur Alzette</addrLine>
                        <addrLine>Luxembourg</addrLine>
                    </address>
                    <publisher>Trier Center for Digital Humanities</publisher>
                    <address>
                        <addrLine>Universität Trier</addrLine>  
                        <addrLine>Universitätsring 15</addrLine>
                        <addrLine>54296 Trier</addrLine>
                        <addrLine>Deutschland</addrLine>
                    </address>
                </publicationStmt>
            <sourceDesc>
                <p>Converted from a Word document</p>
            </sourceDesc>
        </fileDesc>
        <encodingDesc>
            <appInfo>
                <application ident="DHCONVALIDATOR" version="1.22">
                    <label>DHConvalidator</label>
                </application>
            </appInfo>
        </encodingDesc>
        <profileDesc>
            <textClass>
                <keywords scheme="ConfTool" n="category">
                    <term>Paper</term>
                </keywords>
                <keywords scheme="ConfTool" n="subcategory">
                    <term>Panel</term>
                </keywords>
                <keywords scheme="ConfTool" n="keywords">
                    <term>multilingualism</term>
                    <term>data feminism</term>
                    <term>decolonisation</term>
                </keywords>
            </textClass>
        </profileDesc>
    </teiHeader>
    <text>
        <body>
            <p style="text-align: left; ">Harkening back to the “big tent” metaphor (e.g. Terras 2013) which characterized debates about the inclusivity of the field ten years ago, the topic of ‘openness’ in the conference theme invites associations of ‘blue skies’, endless horizons, and the sense that everything is possible – in terms of participation, dissemination and objects of observation. This notion is complicated by several issues that discourses of cultural criticism have identified in the Digital Humanities in recent years (although they are not exclusive to the field): Among them monolingualism (Fiormonte 2021), a heritage of colonialism (Risam 2019) and gender imbalance (Gao et al. 2022, 330), to name but a few.</p>
            <p style="text-align: left; ">It is as of yet unclear whether and how the aspirations of the field can be reconciled with the realities of its practices. Supposing, however, that there is something to be learned from shifting the gaze towards the “borderlands” (Earhart 2018) of the field’s perceived center of activity – especially in a continental European context –, it would appear paramount to interrogate the theme of the conference and probe the boundaries of its ‘openness’ against this backdrop of socio-economic, political and infrastructural inequalities.</p>
            <p style="text-align: left; ">In order to remedy the 
                <hi rend="italic">invisibility</hi> of feminist, postcolonial and multilingual approaches or indeed their marginalization as topics with niche interest only intended for those directly affected by them, the panel will consist of six panelists that will each bring a different thematic focus to bear:
            </p>
<list type="unordered">
                <item>Dr. Sarah-Mai Dang, Philipps University Marburg | 
                    <hi rend="bold">data feminism</hi>
                </item>
                <item>Tinghui Duan, University of Trier | 
                    <hi rend="bold">multilinguality</hi>
                </item>
                <item>Dr. Till Grallert, Humboldt University of Berlin | 
                    <hi rend="bold">decolonization</hi>
                </item>
                <item>Jana Keck, German Historical Institute Washington (GHI) | 
                    <hi rend="bold">transnationality</hi>
                </item>
                <item>Prof. Dr. Julianne Nyhan, Technical University of Darmstadt | 
                    <hi rend="bold">hidden history</hi>
                </item>
                <item>Dr. Antonio Rojas Castro, Berlin-Brandenburg Academy of Sciences and Humanities | 
                    <hi rend="bold">cultural context</hi>
                </item>
            </list>
            <p style="text-align: left; ">All of these statements will have their own unique perspective but they will also intersect in many ways, which is why the panel chose a broad view on potential borders and blind spots: Sarah-Mai Dang will address film-historical desiderata while Julianne Nyhan’s statement on the history of DH will also take gender aspects into account. Antonio Rojas Castro’s presentation of the German-Cuban collaboration in the 
                <hi rend="italic">Proyecto Humboldt Digital</hi> project will argue for the necessity of decolonial and postcolonial considerations. Till Grallert’s statement, which will focus on the neo-colonial invisibility of the cultural heritage of large parts of the societies of the Global South, will also provide input on the challenges for DH of under-resourced languages. This in turn connects to Tinghui Duan who will address challenges of multilinguality in the Global East. Jana Keck will cover perspectives of the Global North by presenting the transnational forum of the DH working group of the German Historical Institutes that engage, for example, in transnational discussions of data feminism which leads us back to Sarah-Mai Dang’s statement.
            </p>
            <p style="text-align: left; ">Each panel member will give a short statement (5 minutes each, 30 minutes in total). These will be interwoven with the first round of discussion among the panelists (30 minutes). Due to the broad range of topics, the expert statements as well as this first round of discussion will address a shared set of key points to anchor and focus the conversation. After this initial hour, the discussion will be open to questions from audience members (30 minutes), making for a total length of 90 minutes.</p>
            <p style="text-align: left; ">The panel will be held in English due to it being an international panel with an international topic. This does not mean, however, that the panel will be oblivious to the cultural academic context in which it will take place. Moderation will make the conscious effort of connecting the panel discussion with discourses of the German-speaking DH community and situating the outcome of the panel both within and beyond the conference setting of the DHd.</p>
            <p style="text-align: left; ">It is important to note that the panel does not presume to speak for marginalized groups whom it does not represent. For this reason, it primarily aims to provide a forum for self-reflection, as a first step towards a dialogue that should be extended in the future and should, as its long-term goal, seek to amplify voices that would otherwise not be heard.</p>
            <p style="text-align: left; ">Details of the panelist statements which will initiate the discussion are as follows (in alphabetical order):</p>
            <div type="div1" rend="DH-Heading1">
            <head>
                <hi rend="bold" xml:space="preserve">Sarah-Mai Dang, </hi>
                <hi rend="italic bold">New Insights and Old Blind Spots: Visualizing Film Historical Research Data</hi>
            </head>
            <p style="text-align: left; ">With the increasing production and use of data in the wake of digitalization, the goal of feminist film historians to increase the visibility of women's work in film history has taken on a new urgency (Dang 2020). Through the production, processing and dissemination of data, blind spots can be maintained or amplified, but also minimized (Wreyford/Cobb 2017; D’Ignazio/Klein 2020). In her presentation, Sarah-Mai Dang will show how digital data visualization can help us to open up research on women in early cinema and thus make their impact in film history more visible. By presenting a case study on the Women Film Pioneers Explorer (
                <ref target="https://www.online.uni-marburg.de/women-film-pioneers-explorer">https://www.online.uni-marburg.de/women-film-pioneers-explorer</ref>, Dickel et al. 2021), she seeks to discuss how visualized visions about the past can be defined as situated knowledges.
            </p></div>
            <div type="div1" rend="DH-Heading1">
            <head>
                <hi rend="bold" xml:space="preserve">Tinghui Duan, </hi>
                <hi rend="italic bold">Multilinguality as Challenge</hi>
            </head>
            <p style="text-align: left; ">Multilinguality in DH can refer to the inclusion of multilingual research objects in digital resources. It also refers to the need for multilingual academic exchange (which is often limited to English), especially since many terms are difficult to translate. Both aspects come with major challenges (cf. Fiormonte 2021). Tinghui Duan will address these challenges by using the example of the Romantic Period Poetry Archive (
                <ref target="https://t.co/QdLYAaWiCZ">https://t.co/QdLYAaWiCZ</ref>), an “open access digital platform of global Romantic-period poetry”. Since the project itself notes that its "selection process is largely Western/Northern-centric" (e.g. Görner 2021, Matuschek 2021), it is not surprising that not a single Chinese romantic writer was registered originally (
                <ref target="https://t.co/o8MkasqQ0A">https://t.co/o8MkasqQ0A</ref>). While three Chinese writers have now been admitted at the suggestion of Tinghui Duan (for romanticism in Asia cf. Long et al. 2018, Rabut 2014), he will address possibilities of acknowledging languages more equally.
            </p></div>
            <div type="div1" rend="DH-Heading1">
            <head>
                <hi rend="bold" xml:space="preserve">Till Grallert, </hi>
                <hi rend="italic bold">Neo-Colonial Layers of Invisibility in a Digitised World: Arabic Cultural Production and the Affordances of the Digital</hi>
            </head>
            <p style="text-align: left; ">Against the backdrop of his work on Arabic periodicals from the late nineteenth-century Eastern Mediterranean, Till Grallert will challenge the equation of "digitisation = access" by outlining the layers of inaccessibility inherent to existing digitisation efforts and infrastructures concentrated, for a large part, in the Global North (Grallert 2022, Risam 2018, 2019). These are a) a knowledge gap regarding the material artefacts themselves; b) a digitisation bias rooted in collection and survival biases and the direct costs of digitisation; c) the hegemony of socio-technical infrastructures rooted in Anglo-American neoliberal capitalism and the Western cultural canon (cf. Piron 2018); d) insufficient computational tools for layout and optical character recognition (cf. Wrisley et al. forthcoming); and e) insufficient access to basic digital infrastructures and utilities (cf. Aiyegbusi 2019). </p></div>
            <div type="div1" rend="DH-Heading1">
            <head>
                <hi rend="bold" xml:space="preserve">Jana Keck, </hi>
                <hi rend="italic bold">The Working Group Digital Humanities of the Max Weber Foundation and its Role as a Transnational Forum for German DH Scholars</hi>
            </head>
            <p style="text-align: left; ">The Working Group Digital Humanities of the Max Weber Foundation brings together German DH scholars from 11 institutes worldwide with diverse backgrounds in the humanities (cf. Keck/Rohden 2021). The group provides not only a platform to discuss DH methods, theories and projects, but it also allows for the reflection on how the respective cultural, political, social, or economic conditions of the different locations shape the everyday experiences of DH research. Discussions in the group about upcoming trends and topics in DH have revealed a unanimous view: We need more ethics in DH! Jana Keck’s statement will elaborate on the group’s findings that it is not so much the debate about technological innovations or newest tools that brings DH-scholars together worldwide, but rather discussions on ethical frameworks in DH (Proferes 2020). </p></div>
            
            <div type="div1" rend="DH-Heading1">
            <head>
                <hi rend="bold" xml:space="preserve">Julianne Nyhan, </hi>
                <hi rend="italic bold">On Hidden and Devalued Labour in the Incunabular Digital Humanities: The Index Thomisticus Project c. 1954–67</hi>
            </head>
            <p style="text-align: left; ">Julianne Nyhan will seek to 'represence' the role of gender and invisible labour in the incunabular DH. Between 1954–1967, the Index Thomisticus project, an influential project in the early years of the field of Humanities Computing, had a workforce that numbered, at its peak, about 65 individuals. Yet many of those who worked in this project, especially the young women handling the project data, remain absent from histories of the development of DH. As her forthcoming book (Nyhan 2023) explores, these labour absences were neither inconsequential nor thoughtless, but can be understood to distill processes of exclusion/inclusion and expressions of social and epistemological hierarchy that would shape not only the emerging field of humanities computing, and in due course DH, but aspects of the wider development of computing too.</p></div>
            <div type="div1" rend="DH-Heading1">
            <head>
                <hi rend="bold" xml:space="preserve">Antonio Rojas Castro, </hi>
                <hi rend="italic bold">Diversifying the User Experience in Digital Editions</hi>
            </head>
            <p style="text-align: left; ">User experience research and design is very common in libraries, archives, and universities to assess the ease with which the community uses informational resources (Azadbakht, Blair, and Jones 2017; Seale, Hicks, and Nicholson 2022). In the field of DH, researchers have recognized the important role of the graphical user interface in digital editions (Bleier et al. 2018) and how software and tools are shaping the presentation of texts (Alvite-Díez and Rojas Castro 2022). This statement aims to take a critical approach to user experience and to interrogate how we can diversify the targeted users of Proyecto Humboldt Digital (
                <ref target="https://habanaberlin.hypotheses.org/">https://habanaberlin.hypotheses.org/</ref>) to broaden the access and usage of our digital editions.
            </p></div>
        </body>
        <back>
            <div type="bibliogr">
                <listBibl>
<head>Bibliographie</head>
                    <bibl>Aiyegbusi, Babalola Titilola. 2019. “Decolonizing Digital Humanities: Africa in Perspective.” In 
                        <hi rend="italic">Bodies of Information: Intersectional Feminism and Digital Humanities</hi>, ed. by Elizabeth Losh and Jacqueline Wernimont, 434–46. Debates in the Digital Humanities 4. Minneapolis: University of Minnesota Press. 
                        <ref target="https://doi.org/10.5749/j.ctv9hj9r9.26">https://doi.org/10.5749/j.ctv9hj9r9.26</ref>. 
                    </bibl>
                    <bibl>Alvite-Díez, M. Luisa, and Antonio Rojas Castro. 2022. “Ediciones digitales académicas: concepto, estándares de calidad y herramientas de publicación.” 
                        <hi rend="italic">El profesional de la Información</hi> 31 (2). 
                        <ref target="https://doi.org/10.3145/epi.2022.mar.16">https://doi.org/10.3145/epi.2022.mar.16</ref>. 
                    </bibl>
                    <bibl>Azadbakht, Elena, John Blair, and Lisa Jones. 2017. “Everyone’s Invited: A Website Usability Study Involving Multiple Library Stakeholders.” 
                        <hi rend="italic">Information Technology and Libraries</hi> 36 (4): 34–45. 
                        <ref target="https://doi.org/10.6017/ital.v36i4.9959">https://doi.org/10.6017/ital.v36i4.9959</ref>. 
                    </bibl>
                    <bibl>Bleier, Roman, Martina Bürgermeister, Helmut W. Klug, Frederike Neuber, and Gerlinde Schneider, eds. 2018. 
                        <hi rend="italic">Digital Scholarly Editions as Interfaces</hi>. Schriften des Instituts für Dokumentologie und Editorik 12. Norderstedt: Books on Demand.
                    </bibl>
                    <bibl>Dang, Sarah-Mai. 2020. ”Unknowable Facts and Digital Databases: Reflections on the Women Film Pioneers Project and Women in Film History.“ 
                        <hi rend="italic">Digital Humanities Quarterly</hi> 14 (4). 
                        <ref target="http://www.digitalhumanities.org/dhq/vol/14/4/000528/000528.html">http://www.digitalhumanities.org/dhq/vol/14/4/000528/000528.html</ref>. 
                    </bibl>
                    <bibl>Dickel, Henri, Matija Miskovic, Kharazm Noori, Christian Schmidt, Atefeh Soltanifard, Sarah-Mai Dang, and Thorsten Thormählen. 2021–. “Women Film Pioneers Explorer.“ 
                        <ref target="https://www.online.uni-marburg.de/women-film-pioneers-explorer/">https://www.online.uni-marburg.de/women-film-pioneers-explorer/</ref>. 
                    </bibl>
                    <bibl>D’Ignazio, Catherine, and Lauren F. Klein. 2020. 
                        <hi rend="italic">Data Feminism</hi>. Cambridge, MA: The MIT Press.
                    </bibl>
                    <bibl>Earhart, Amy E. 2018. “Digital Humanities within a Global Context: Creating Borderlands of Localized Expression.” 
                        <hi rend="italic">Fudan Journal of the Humanities and Social Sciences</hi> 11: 357–369. 
                        <ref target="https://doi.org/10.1007/s40647-018-0224-0">https://doi.org/10.1007/s40647-018-0224-0</ref>. 
                    </bibl>
                    <bibl>Fiormonte, Domenico. 2021. “Taxation against Overrepresentation? The Consequences of Monolingualism for Digital Humanities.” In 
                        <hi rend="italic">Alternative Historiographies of the Digital Humanities</hi>, ed. by Dorothy Kim and Adeline Koh, 333–376. Santa Barbara: Punctum Books. 
                        <ref target="https://www.jstor.org/stable/j.ctv1r7878x.13">https://www.jstor.org/stable/j.ctv1r7878x.13</ref>. 
                    </bibl>
                    <bibl>Gao, Jin, Julianne Nyhan, Oliver Duke-Williams, and Simon Mahony. 2022. “Gender Influences in Digital Humanities Co-Authorship Networks.” 
                        <hi rend="italic">Journal of Documentation</hi> 78 (7): 327–350. 
                        <ref target="https://doi.org/10.1108/JD-11-2021-0221">https://doi.org/10.1108/JD-11-2021-0221</ref>. 
                    </bibl>
                    <bibl>Görner, Rüdiger. 2021. 
                        <hi rend="italic">Romantik: Ein europäisches Ereignis</hi>. Ditzingen: Reclam.
                    </bibl>
                    <bibl>Grallert, Till. 2022. “Open Arabic Periodical Editions: A Framework for Bootstrapped Scholarly Editions Outside the Global North.” In “Minimal Computing,” ed. by Roopika Risam and Alex Gil, special issue, 
                        <hi rend="italic">Digital Humanities Quarterly</hi> 16 (2). 
                        <ref target="http://digitalhumanities.org/dhq/vol/16/2/000593/000593.html">http://digitalhumanities.org/dhq/vol/16/2/000593/000593.html</ref>. 
                    </bibl>
                    <bibl>Keck, Jana, and Jan Rohden 2021. “Virtuelle Reise: Digital Humanities in der Max Weber Stiftung.“ In 
                        <hi rend="italic">vDHd-Konferenz Abstracts</hi> 2021. 
                        <ref target="https://doi.org/10.5281/zenodo.5850834">https://doi.org/10.5281/zenodo.5850834</ref>. 
                    </bibl>
                    <bibl>Long, Hoyt, Anatoly Detwyler, and Yuancheng Zhu. 2018. “Self-Repetition and East Asian Literary Modernity, 1900–1930.” 
                        <hi rend="italic">Journal of Cultural Analytics</hi> 2 (2). 
                        <ref target="https://doi.org/10.22148/16.022">https://doi.org/10.22148/16.022</ref>. 
                    </bibl>
                    <bibl>Nyhan, Julianne. 2023. 
                        <hi rend="italic">Hidden and Devalued Feminized Labour in the Digital Humanities: On the Index Thomisticus Project 1965–67</hi>. London: Routledge.
                    </bibl>
                    <bibl>Matuschek, Stefan. 2021. 
                        <hi rend="italic">Der gedichtete Himmel: Eine Geschichte der Romantik</hi>. 1st edition. München: C.H. Beck.
                    </bibl>
                    <bibl>Piron, Florence. 2018. “Postcolonial Open Access.” In 
                        <hi rend="italic">Open Divide: Critical Studies in Open Access</hi>, ed. by Ulrich Herb and Joachim Schöpfel. Sacramento: Litwin Books. 
                        <ref target="http://hdl.handle.net/20.500.11794/16178">http://hdl.handle.net/20.500.11794/16178</ref>. 
                    </bibl>
                    <bibl>Proferes, Nicholas. 2020. 
                        <hi rend="italic">What Ethics can Offer the Digital Humanities and What the Digital Humanities can Offer Ethics</hi>. London: Routledge.
                    </bibl>
                    <bibl>Rabut, Isabelle. 2014. “Chinese Romanticism: The Acculturation of a Western Notion”. In 
                        <hi rend="italic">Modern China and the West</hi>, ed. by Peng Hsiao-yen and Isabelle Rabut, 201–223. Leiden/Boston: Brill. 
                        <ref target="https://doi.org/10.1163/9789004270220_009">https://doi.org/10.1163/9789004270220_009</ref>. 
                    </bibl>
                    <bibl>Risam, Roopika. 2018. “Decolonizing the Digital Humanities in Theory And Practice.” In 
                        <hi rend="italic">The Routledge Companion to Media Studies and Digital Humanities</hi>, ed. by Jentery Sayers, 78–86. London: Routledge.
                    </bibl>
                    <bibl>Risam, Roopika. 2019. 
                        <hi rend="italic">New Digital Worlds: Postcolonial Digital Humanities in Theory, Praxis, and Pedagogy</hi>. Evanston, IL: Northwestern University Press. 
                        <ref target="https://doi.org/10.2307/j.ctv7tq4hg">https://doi.org/10.2307/j.ctv7tq4hg</ref>. 
                    </bibl>
                    <bibl>Seale, Maura, Alison Hicks, and Karen P. Nicholson. 2022. “Toward a Critical Turn in Library UX.” 
                        <hi rend="italic">College &amp; Research Libraries</hi> 83 (1): 6–24. 
                        <ref target="https://doi.org/10.5860/crl.83.1.6">https://doi.org/10.5860/crl.83.1.6</ref>. 
                    </bibl>
                    <bibl>Terras, Melissa. 2013. “Peering Inside the Big Tent.” In 
                        <hi rend="italic">Digital Humanities: A Reader</hi>, ed. by Melissa Terras, Julianne Nyhan, and Edward Vanhoutte, 263–270. Farnham, Surrey: Ashgate.
                    </bibl>
                    <bibl>Wreyford, Natalie, and Shelley Cobb. 2017. “Data and Responsibility: Toward a Feminist Methodology for Producing Historical Data on Women in the Contemporary UK Film Industry.” 
                        <hi rend="italic">Feminist Media Histories</hi> 3 (3): 107–132. 
                        <ref target="https://doi.org/10.1525/fmh.2017.3.3.107">https://doi.org/10.1525/fmh.2017.3.3.107</ref>. 
                    </bibl>
                    <bibl>Wrisley, David Joseph, Masoud Ghorbaninejad, and Nathan P. Gibson. Forthcoming. “RTL.” In 
                        <hi rend="italic">Debates in the Digital Humanities 2022</hi>. Minneapolis: University of Minnesota Press.
                    </bibl>
                </listBibl>
            </div>
        </back>
    </text>
</TEI>
