<?xml version="1.0" encoding="UTF-8"?>
<TEI xml:id="HENNING_Pia_Das_preu_ische_Kriegsspiel_als_Forschungsobjekt" xmlns="http://www.tei-c.org/ns/1.0">
    <teiHeader>
        <fileDesc>
            <titleStmt>
                <title>Das preußische Kriegsspiel als Forschungsobjekt</title>
                <author>
                    <persName>
                        <surname>Henning</surname>
                        <forename>Pia</forename>
                    </persName>
                    <affiliation>Deutsches Biomasseforschungszentrum; Julius-Maximilians-Universität Würzburg</affiliation>
                    <email>pia.henning@dbfz.de</email>
                </author>
            </titleStmt>
            <editionStmt>
                <edition>
                    <date>2022-12-08T09:50:00Z</date>
                </edition>
            </editionStmt>
            <publicationStmt>
                    <publisher>Culture and Computation Lab</publisher>
                    <address>
                        <addrLine>Université du Luxembourg</addrLine>
                        <addrLine>2, Avenue de l'Université</addrLine>
                        <addrLine>L-4365 Esch-sur Alzette</addrLine>
                        <addrLine>Luxembourg</addrLine>
                    </address>
                    <publisher>Luxembourg Centre for Contemporary and Digital History</publisher>
                    <address>
                        <addrLine>Université du Luxembourg</addrLine>
                        <addrLine>2, Avenue de l'Université</addrLine>
                        <addrLine>L-4365 Esch-sur Alzette</addrLine>
                        <addrLine>Luxembourg</addrLine>
                    </address>
                    <publisher>Trier Center for Digital Humanities</publisher>
                    <address>
                        <addrLine>Universität Trier</addrLine>  
                        <addrLine>Universitätsring 15</addrLine>
                        <addrLine>54296 Trier</addrLine>
                        <addrLine>Deutschland</addrLine>
                    </address>
                </publicationStmt>
            <sourceDesc>
                <p>Converted from a Word document</p>
            </sourceDesc>
        </fileDesc>
        <encodingDesc>
            <appInfo>
                <application ident="DHCONVALIDATOR" version="1.22">
                    <label>DHConvalidator</label>
                </application>
            </appInfo>
        </encodingDesc>
        <profileDesc>
            <textClass>
                <keywords scheme="ConfTool" n="category">
                    <term>Paper</term>
                </keywords>
                <keywords scheme="ConfTool" n="subcategory">
                    <term>Posterpräsentation</term>
                </keywords>
                <keywords scheme="ConfTool" n="keywords">
                    <term>Kriegsspiel</term>
                    <term>Natural Language Processing</term>
                    <term>Textkorpus</term>
                </keywords>
                <keywords scheme="ConfTool" n="topics">
                    <term>Sammlung</term>
                    <term>Programmierung</term>
                    <term>Annotieren</term>
                    <term>Veröffentlichung</term>
                    <term>Stilistische Analyse</term>
                    <term>Text</term>
                </keywords>
            </textClass>
        </profileDesc>
    </teiHeader>
    <text>
        <body>
            <div type="div1" rend="DH-Heading1">
                <head>Historischer Hintergrund</head>
            <p rend="paragraph" style="text-align: left; ">
                <hi rend="normaltextrun">Die Geschichte Preußens und seiner Armee wurde bereits intensiver erforscht. Das Kriegsspiel, das mit dieser verbunden ist, bisher jedoch kaum. Um ein Gesamtbild für diese Zeit und ihre Zusammenhänge erhalten zu können, ist eine kritische Auseinandersetzung mit dem Kriegsspiel ebenfalls nötig. Das 1824 vom preußischen Artillerieoffizier Georg Heinrich von Reisswitz ursprünglich der Armee vorgestellte
                    <hi rend="italic" style="font-size:11pt" xml:space="preserve"> Preußische Kriegsspiel</hi> war das erste offiziell eingeführte professionelle Kriegsspiel. Es handelt sich um eine kartenbasierte Simulation bei der Truppenfiguren maßstabsgetreu dargestellt sind. Der Würfel dient zur Ermittlung von Gefechtsausgängen und anderen nicht durch die Anleitungen festgelegten Entscheidungen. Die damaligen Offiziere versuchten militärische Auseinandersetzungen realitätsnah zu simulieren (Wintjes 2017, Henning 2021b). Bis zu Beginn des 20. Jahrhunderts wurde das Kriegsspiel von unterschiedlichen Autoren weiterentwickelt, so dass heute 20 Regelwerke vorliegen (Henning 2021a; 2021b).
                </hi>
                <hi rend="eop"> </hi>
            </p></div>

            <div type="div1" rend="DH-Heading1">
                <head>Forschungsstand</head>
            <p rend="paragraph" style="text-align: left; ">
                <hi rend="normaltextrun">Aus einem vorangegangenen Projekt liegen Faksimiles von 18 Originalen vor. Diese wurden mit 
                    <hi rend="italic" style="font-size:11pt" xml:space="preserve">OCR4all </hi>(Reul et al. 2019) erfasst. Da die Faksimiles in unterschiedlichen Frakturschrifttypen vorliegen, musste das OCR-Modell jeweils neu trainiert und für eine erste statistische Analyse einzeln vorverarbeitet werden. Aufgrund des Umfangs und der unterschiedlichen Bildqualität kann die Digitalisierung und Standardisierung des Korpus als zentrale Aufgabe betrachtet werden, bevor die eigentlichen Analysen stattfinden können. Die manuelle Nachkorrektur der Texte und die einheitliche Auszeichnung nach TEI ist ein laufendes Projekt. Weiterhin ist bekannt, dass diverse Übersetzungen der Regelwerke veröffentlicht wurden, allerdings sind diese noch gänzlich unerforscht und bisher nicht im Korpus integriert (Henning 2021a; 2021b, Wintjes 2022).
                </hi>
                <hi rend="eop"> </hi>
            </p>
            <p rend="paragraph" style="text-align: left; ">
                <hi rend="normaltextrun">Teil der bisherigen Analyse war die Extraktion von distinktiven Merkmalen auf Textebene. Diese wurden im Rahmen meiner Masterthesis bereits erstellt und veröffentlicht (Henning, 2021a; Henning, 2021b). So konnte mit Hilfe einer Zeta-Analyse gezeigt werden, dass eine Zuordnung der einzelnen Texte zur Textsorte 
                    <hi rend="italic" style="font-size:11pt">Preußisches Kriegsspiel</hi> basierend auf distinktiven Wörtern möglich sein kann. Eine auf BERTs (Devlin et al. 2019) Word Embedding (WE) folgende Support Vector Machine (SVM) zeigt, dass eine automatische Textklassifzierung in ‘Regelwerke’ und ‘militärtheoretische Literatur’ – als Vergleichskorpus – ebenfalls aussichtsreich ist. Auch die Untersuchung der 
                    <hi rend="italic" style="font-size:11pt">most</hi>
                    <hi rend="italic" style="font-size:11pt" xml:space="preserve"> frequent </hi>
                    <hi rend="italic" style="font-size:11pt">words</hi> (MFW), 
                    <hi rend="italic" style="font-size:11pt">named</hi>
                    <hi rend="italic" style="font-size:11pt">entity</hi>
                    <hi rend="italic" style="font-size:11pt">recognition</hi> (NER) und 
                    <hi rend="italic" style="font-size:11pt">part</hi>
                    <hi rend="italic" style="font-size:11pt">of</hi>
                    <hi rend="italic" style="font-size:11pt">speech</hi> (POS) helfen Merkmale des Korpus, wie zum Beispiel die Verwendung der Truppengattungen und des Würfels, sowie den allgemeinen sprachlichen Aufbau (z.B. Wort-/Satzlänge, Verteilung von Substantiven/Adjektiven/Verben) der Textkategorie
                    <hi rend="italic" style="font-size:11pt" xml:space="preserve"> Preußisches Kriegsspiel </hi>nachzuweisen. Die nach zeitlichen Aspekten gebildeten Teilkorpora sowie das gebildete Vergleichskorpus können ebenfalls anhand der Merkmale unterschieden werden (Versuchsaufbauten: Henning 2021a; 2021b). Dadurch konnte die Hypothese gestärkt werden, dass sich die untersuchten Regelwerke und gebildeten Teilkorpora nicht nur gemeinsam gegen ein Vergleichskorpus abgrenzen lassen, sondern auch untereinander, wodurch eine historische Entwicklung deutlich wird. Durch distinktive Merkmale wie die Verwendung des Würfels als Zufallskomponente und die Veränderung der Gewichtung der Truppengattungen, sind drei Phasen innerhalb der Kriegsspielgeschichte definierbar (Henning 2021a; 2021b). 
                </hi>
                <hi rend="eop"> </hi>
            </p>
            <p rend="paragraph" style="text-align: left; ">
                <hi rend="normaltextrun">Sieben Regelwerke, entstanden zwischen 1862 und 1874, der Autoren Wilhelm von Tschischwitz (1862, 1866, 1870, 1874) und Thilo von Trotha (1867, 1970, 1874) wurden bereits einzeln</hi>
                <hi rend="scxw84434420"> </hi>
                <lb/>
                <hi rend="normaltextrun">intensiver untersucht und jeweils zu einer Ausgabe zusammengeführt. Tschischwitz’ Werke</hi>
                <hi rend="scxw84434420"> </hi>
                <lb/>
                <hi rend="normaltextrun">bereits veröffentlicht (Wintjes, 2019), Trothas’ liegen in einer bisher unveröffentlichten Abschlussarbeit vor (Henning, 2018). Dadurch ist eine tiefere Analyse des</hi>
                <hi rend="scxw84434420"> </hi>
                <lb/>
                <hi rend="normaltextrun">gesamten Korpus angestoßen, sowie die Forschung in der praktischen Durchführung einer </hi>
                <hi rend="scxw84434420"> </hi>
                <lb/>
                <hi rend="normaltextrun">Simulation, mit Studenten oder an einer Führungsakademie, ermöglicht worden.</hi>
                <hi rend="eop"> </hi>
            </p> </div>

            <div type="div1" rend="DH-Heading1">
                <head>Geplantes Promotionsprojekt</head>
            <p rend="paragraph" style="text-align: left; ">
                <hi rend="normaltextrun">Kernziel des Projekts ist die öffentliche Bereitstellung eines Regelwerkskorpus, inklusive dazugehöriger tabellarischer Beiwerke sowie Übersetzungen. Mit Hilfe von Methoden des 
                    <hi rend="italic" style="font-size:11pt">natural</hi>
                    <hi rend="italic" style="font-size:11pt">language</hi>
                    <hi rend="italic" style="font-size:11pt">processing</hi> (NLP) sollen inhaltliche und sprachliche Unterschiede und Entwicklungen im Laufe der Entstehungsgeschichte der Kriegsspiele aufgezeigt werden. Ziel ist eine diachrone und vergleichende Analyse der Gattung der Regelwerke sowie das Erstellen einer Ontologie für Regelwerke und nicht-literarischer Texte über das Kriegsspiel hinaus. Durch die Erstellung einer digitalen Sammlung und Ontologie, die auf vollständig annotierten und aufbereiteten Texten basiert, kann in einem Webtool eine direkte visuelle Vergleichbarkeit zwischen individuell gewählten Regelwerken geschaffen werden.  Texte, Faksimiles, Analyseergebnisse und weitere für das preußische Kriegsspiel relevante Materialen sollen zentral gesammelt und für die Forschung sowie die interessierte Öffentlichkeit bereitgestellt werden. Beispielsweise verändert sich die Nutzung eines Würfels als zufallsgebende Instanz zur dritten Phase der Kriegsspiele. Auch die Veränderung bei der Verwendung der Truppengattungen, kann so verdeutlicht werden. Dies kann durch Textverweise und Hervorhebungen sowohl im Original, in einer aufbereiteten Version als auch als Graphik kenntlich gemacht werden. Visualisierungen über sprachliche und formale Veränderungen bieten zudem neue Zugänge zu dem Forschungsgegenstand.
                </hi>
            </p>
            <figure>
                <graphic n="1001" width="12.488333333333333cm" height="6.326272222222222cm" url="Pictures/fbd6cc187a35d8ac6d293d65ee644ad9.png" rend="inline"/>
                <head>Abbildung 1: Veränderung der Truppengattungen in den Regelwerken</head>
            </figure>
            </div>
        </body>
        <back>
            <div type="bibliogr">
                <listBibl>
<head>Bibliographie</head>
                    <bibl style="text-align: left; ">
                        <hi rend="bold">Devlin, Jacob,</hi> Ming-Wei Chang, Kenton Lee, Kristina Toutanova. “BERT: Pre-training of Deep Bidirectional Transformers for Language Understanding”. 
                        <hi rend="italic">Proceedings of the 2019 Conference of the North American Chapter of the Association for Computational Linguistics: Human Language Technologies</hi> (1): 4171–4186. Minneapolis, Minnesota.
                    </bibl>
                    <bibl style="text-align: left; ">
                        <hi rend="bold">Henning, Pia.</hi> 2018. “Das Kriegsspiel des Thilo Wolf von Trotha“. Bachelorthesis, Julius-Maximilians-Universität Würzburg. 
                    </bibl>
                    <bibl>
                        <hi rend="bold">Henning, Pia.</hi> 2021a. „‘Game on!’: A Research Project on the Prussian Kriegsspiel“. 
                        <hi rend="italic">British Journal for Military History</hi> 7 (2): 174–83. 
                        <ref target="https://doi.org/10.25602/GOLD.bjmh.v7i2.1561">doi:10.25602/GOLD.bjmh.v7i2.1561.</ref>
                    </bibl>
                    <bibl>
                        <hi rend="bold">Henning, Pia.</hi> 2021b. „Die Entwicklung des preußischen Kriegsspiels”. Masterthesis, Julius-Maximilians-Universität Würzburg.
                    </bibl>
                    <bibl>
                        <hi rend="bold">Reul, Christian,</hi> Dennis Christ, Alexander Hartelt, Nico Balbach, Maximilian Wehner, Uwe Springmann, Christoph Wick, Christine Grundig, Andreas Büttner and Frank Puppe. 2019. „OCR4all—An Open-Source Tool Providing a (Semi-)Automatic OCR Workflow for Historical Printings” 
                        <hi rend="italic">Applied Sciences</hi> 9(22): 4853. 
                        <ref target="https://doi.org/10.3390/app9224853">https://doi.org/10.3390/app9224853</ref>
                    </bibl>
                    <bibl>
                        <hi rend="bold">Wintjes, Jorit.</hi> 2017. „When a Spiel is not a Game”. Vulcan, 5(1): 5-28. 
                    </bibl>
                    <bibl>
                        <hi rend="bold">Wintjes, Jorit.</hi> 2019. „Das Kriegsspiel des Wilhelm von ”. Hamburg.
                    </bibl>
                    <bibl style="text-align: left; ">
                        <hi rend="bold">Wintjes, Jorit.</hi> 2022. “A School for War – A Brief History of the Prussian Kriegsspiel”, C. Turnitsa/C. Blais/A. Tolk (eds.), 
                        <hi rend="italic">Simulation and Wargaming</hi>. Hoboken. 25-46
                    </bibl>
                </listBibl>
            </div>
        </back>
    </text>
</TEI>
