<?xml version="1.0" encoding="UTF-8"?>
<TEI xml:id="HOWANITZ_Gernot_Kaleidoskopische_Muster_des_Protests__Visuel" xmlns="http://www.tei-c.org/ns/1.0">
    <teiHeader>
        <fileDesc>
            <titleStmt>
                <title type="full">
                    <title type="main">Kaleidoskopische Muster des Protests. Visuelle und textuelle (Selbst-)Repräsentationen osteuropäischer Protestkulturen aus qualitativer und quantitativer Perspektive</title>
                    <title type="sub"/>
                </title>
                <author>
                    <persName>
                        <surname>Howanitz</surname>
                        <forename>Gernot</forename>
                    </persName>
                    <affiliation>Universität Innsbruck, Österreich</affiliation>
                    <email>gernot.howanitz@uibk.ac.at</email>
                </author>
                <author>
                    <persName>
                        <surname>Kaltseis</surname>
                        <forename>Magdalena</forename>
                    </persName>
                    <affiliation>Universität Innsbruck, Österreich</affiliation>
                    <email>Magdalena.Kaltseis@aau.at</email>
                </author>
            </titleStmt>
            <editionStmt>
                <edition>
                    <date>2022-07-27T13:59:12.871140406</date>
                </edition>
            </editionStmt>
            <publicationStmt>
                    <publisher>Culture and Computation Lab</publisher>
                    <address>
                        <addrLine>Université du Luxembourg</addrLine>
                        <addrLine>2, Avenue de l'Université</addrLine>
                        <addrLine>L-4365 Esch-sur Alzette</addrLine>
                        <addrLine>Luxembourg</addrLine>
                    </address>
                    <publisher>Luxembourg Centre for Contemporary and Digital History</publisher>
                    <address>
                        <addrLine>Université du Luxembourg</addrLine>
                        <addrLine>2, Avenue de l'Université</addrLine>
                        <addrLine>L-4365 Esch-sur Alzette</addrLine>
                        <addrLine>Luxembourg</addrLine>
                    </address>
                    <publisher>Trier Center for Digital Humanities</publisher>
                    <address>
                        <addrLine>Universität Trier</addrLine>  
                        <addrLine>Universitätsring 15</addrLine>
                        <addrLine>54296 Trier</addrLine>
                        <addrLine>Deutschland</addrLine>
                    </address>
                </publicationStmt>
            <sourceDesc>
                <p>Converted from an OASIS Open Document</p>
            </sourceDesc>
        </fileDesc>
        <encodingDesc>
            <appInfo>
                <application ident="DHCONVALIDATOR" version="1.22">
                    <label>DHConvalidator</label>
                </application>
            </appInfo>
        </encodingDesc>
        <profileDesc>
            <textClass>
                <keywords scheme="ConfTool" n="category">
                    <term>Paper</term>
                </keywords>
                <keywords scheme="ConfTool" n="subcategory">
                    <term>Posterpräsentation</term>
                </keywords>
                <keywords scheme="ConfTool" n="keywords">
                    <term>Visuelle Medien</term>
                    <term>Protestkulturen</term>
                    <term>Osteuropa</term>
                    <term>Distant Viewing</term>
                    <term>Multimodal Discourse Analysis</term>
                </keywords>
                <keywords scheme="ConfTool" n="topics">
                    <term>Inhaltsanalyse</term>
                    <term>Annotieren</term>
                    <term>Visualisierung</term>
                    <term>Bilder</term>
                    <term>Multimedia</term>
                    <term>Video</term>
                </keywords>
            </textClass>
        </profileDesc>
    </teiHeader>
    <text>
        <body>
            <div type="div1" rend="DH-Heading">
                <head>
                    <anchor xml:id="id_docs-internal-guid-22898d9e-7fff-e135-9044-3cae6898337d"/>Motivation
                </head>
                <p>Die Posterpräsentation stellt das Projekt „Kaleidoskopische Muster des Protests“ vor, das visuelle und textuelle (Selbst-)Repräsentationen osteuropäischer Protestkulturen sowohl aus qualitativer als auch aus quantitativer Perspektive untersucht. Dieses Projekt wird von der Österreichischen Akademie der Wissenschaften gefördert und startet im Jänner 2023.</p>
                <p>Politische Protestbewegungen haben in Osteuropa, insbesondere in Russland, der Ukraine und Belarus in den letzten zehn Jahren großen Aufschwung erlebt. In diesen drei Ländern besetzten Protestierende öffentliche Plätze und verwendeten visuelle Symbole und Slogans, um andere Menschen dazu bewegen, sich den Protesten anzuschließen. Gleichzeitig wurden Bilder der Protestierenden auch von den autoritären Regierungen dieser Länder genutzt, um die Protestbewegungen zu delegitimieren.</p>
                <p>Eine wichtige Rolle bei der Organisation der Proteste sowie deren Wahrnehmung spielen soziale Netzwerke (Smyth &amp; Oates 2015; Onuch 2015) und die Medien, vor allem das staatlich kontrollierte Fernsehen, das nach wie vor als das wichtigste Informationsmedium in diesen drei Ländern gilt (vgl. Szostek 2018). Aus diesem Grund sind medial vermittelte (Selbst-)Repräsentationen, u.a. YouTube-Videos, Blogbeiträge, Kommunikation über soziale Netzwerke, Fernsehnachrichten sowie Dokumentarfilme, ein integraler Bestandteil der Proteste selbst: Symbole und Slogans werden dazu genutzt, um die Ideen und Forderungen der Protestierenden zu verbreiten, weshalb Proteste 
                    <hi rend="italic">per se</hi> als „kommunikativer Akt“ charakterisiert werden können (Kuße 2021). So signalisierten beispielsweise bei den Protesten in Russland (2011/12) weiße Bänder eine regierungskritische Haltung, während eine regierungsfreundliche Einstellung durch schwarz-orangene Georgsbänder ausgedrückt wurde. Auf dem Euromajdan in der Ukraine (2013/14) waren neben der Europaflagge auch rechtsnationale Symbole präsent. In Belarus (2021) diente die weiß-rot-weiße Flagge als Hauptsymbol für die Proteste gegen die Regierung (vgl. Gaufman 2021).
                </p>
                <p>Slogans verstehen wir im Sinne von Friedman (2019) als die „Spitze diskursiver Eisberge“ sowie als „wichtige symbolische Schlüssel“ zu sozialen Bewegungen, wobei wir uns bewusst sind, dass deren ursprüngliche Bedeutung mit der Zeit transformiert und neuinterpretiert werden kann. Im Unterschied zu Symbolen definieren wir Slogans als rein textuelle Erscheinungen.</p>
                <p>Symbole lesen wir hingegen in Anlehnung an Cassirer (1996) als „soziale Phänomene“, die an die Stelle der rein sprachlichen Kommunikation treten. Sie sind mit einer bestimmten Bedeutung oder Bedeutungen aufgeladen, die sowohl individuell als auch im Kontext (im sozialen Raum) interpretiert werden können.</p>
                <p>Im Laufe unserer quantitativen und qualitativen Analyse werden wir laufend überprüfen, ob diese Definitionen noch Gültigkeit haben oder überarbeitet bzw. angepasst/nachgeschärft werden müssen. Die Veränderung der Symbolik möchten wir jedenfalls miteinbeziehen und aus unserer Sicht ist das aufgrund der unterschiedlichen Perioden und Länder, die wir im Projekt abdecken, möglich. </p>
            </div>
            <div type="div1" rend="DH-Heading">
                <head>Methoden</head>
                <p>Um die (Selbst-)Repräsentationen von Protest in den oben genannten osteuropäischen Ländern zu erfassen, betrachten wir diese aus drei verschiedenen Perspektiven: (1) die Selbstrepräsentation der Protestkulturen auf YouTube sowie in den sozialen Netzwerken, (2) deren offizielle Darstellung in regierungstreuen sowie in unabhängigen TV-Nachrichtensendungen und (3) ihre cineastische Darstellung in drei Dokumentarfilmen. Aufgrund dieser verschiedenen Blickwinkel sprechen wir in unserem Projekttitel auch metaphorisch von „kaleidoskopischen Mustern des Protests“, die unsere Forschung sichtbar machen soll. Zu diesem Zweck kombinieren wir eine automatische Symbolerkennung mittels künstlicher neuronaler Netze (R-CNN) mit der Multimodalen Diskursanalyse (MDA) aus der Linguistik (Kress 2011). Mit diesem Ansatz folgen wir N. K. Hayles’ (2010) Kombination von „close reading“, „machine reading“, und „hyper reading“; übertragen auf die visuellen Medien wird dabei aus dem „machine reading“ Arnold/Tiltons (2019) „distant viewing“.</p>
                
                    <figure>
                        <graphic url="Pictures/1f0b91954d51fb7711ab2953c9d97111.png"/>
                    <head>Abb. 1: Beispielframe aus einem YouTube-Video (links), Annotationen von einem vortrainierten Netz für panoptische Segmentierung (Mitte), Annotationen von unserem selbst trainierten Netz (rechts)</head>
                    </figure>
                <p>Der Rückgriff auf „distant viewing“ ist nicht zuletzt aufgrund der großen Datenmenge notwendig: Seit Februar 2022 haben wir über 74.000 YouTube-Videos zu Belarus, Russland und der Ukraine inklusive Metadaten gesichert – mit einer Gesamtlaufzeit von knapp eineinhalb Jahren. Dieses Videokorpus wird von einem selbst trainierten neuronalen Netz nach nationalistischen Symbolen aus Osteuropa durchsucht. Konkret verwenden wir das Detectron2 Framework, weil es erlaubt, schnell eigene Netze zu trainieren, deshalb wird es verwendet; ergänzend werden wir auch vortrainierte Netze verwenden, etwa eine zero-shot-detection mit CLIP, um Szenenbeschreibungen zu bekommen. </p>
                <p>Das eigene Training ist insofern notwendig, als frei verfügbare vortrainierte Netze das notwendige domänenspezifische Wissen nicht mitbringen. Das Beispiel in Abb. 1 zeigt, wie das vortrainierte Netz zwar die grundlegende Konfiguration des Videoframes beschreiben kann; die für uns wichtigen Flaggen werden jedoch nicht oder falsch erkannt. Die kontextspezifische Information liefert somit unser eigenes Netzwerk, dessen Betaversion wir im Sinne der Open Humanities bereits veröffentlicht haben (Howanitz/Radisch 2022). Dieses Netz erreicht zur Zeit eine AP50 von 75.794 bei einem Trainingskorpus von 4.045 Bildern mit 8.156 Annotationen und einem Testkorpus mit 1.032 Bildern und 2.109 Annotationen. Wir haben 44 Symbolklassen definiert, und es sind knapp 100 Bilder pro Klasse im Korpus. Beim Training haben wir 20.000 Iterationen mit Batches von je 512 Bildern verwendet.</p>
                <p>Die Resultate der Symbolerkennung werden zunächst evaluiert, visualisiert und anschließend für die MDA in MAXQDA aufbereitet. Die automatisch erstellten Annotationen dienen dabei nicht unmittelbar einem "close viewing". Vielmehr soll der quantitative Teil des Projekts helfen, gezielt Videos für die qualitative Analyse auszuwählen. Darüber hinaus interessiert uns eine statistische Auswertung des Symbolrepertoires im Korpus (z.B. Symbolverteilung über einen gewissen Zeitraum). Schließlich analysieren wir mithilfe der MDA ausgewählte Videos, um den Kontext, die Akteur:innen und ihre Rolle sowie die Interaktion verbaler und visueller Informationen zu untersuchen. Dabei konzentrieren wir uns auf die Fragen, welche allgemeinen Muster visueller und textueller (Selbst-)Repräsentationen von Protest erkennbar sind, welche Gemeinsamkeiten und Unterschiede es zwischen den einzelnen Ländern sowie den unterschiedlichen Medien gibt sowie auf die Frage, wie Protestsymbole und -slogans in den jeweiligen Medien (re-)kontextualisiert werden.</p>
            </div>
            <div type="div1" rend="DH-Heading">
                <head>Ziele</head>
                <p>Ziel unseres Projekts ist einerseits, ein Best-Practice-Beispiel für die Analyse eines großen visuellen Korpus zu liefern. Darüber hinaus erforschen wir visuelle und textuelle (Selbst-)Repräsentationen von Protestkulturen in Osteuropa und untersuchen, wie Bilder und Texte in verschiedenen Medien und Kontexten (wieder)verwendet werden. Schließlich stellt unser Projekt auch eine Momentaufnahme verschiedener osteuropäischer Protestkulturen dar und beantwortet die Frage, was von den Protesten nach Ablauf einer gewissen Zeit übrig bleibt: Insbesondere in autoritären Staaten wie Belarus und Russland ist nicht davon auszugehen, dass staatliche Medien die Erinnerung an regierungskritische Proteste bewahren.</p>
            </div>
        </body>
        <back>
            <div type="bibliogr">
                <listBibl>
                    <head>Bibliographie</head>
                    <bibl>
                        <hi rend="bold">Arnold, Taylor und Lauren Tilton.</hi> 2019. “Distant Viewing: Analyzing Large Visual Corpora.” 
                        <hi rend="italic">DSH</hi>, fqz013, https://doi.org/10.1093/digitalsh/fqz013 (letzter Zugriff 26. 7. 2022).
                    </bibl>
                    <bibl>
                        <hi rend="bold">Cassirer, Ernst.</hi> 1996. 
                        <hi rend="italic">Versuch über den Menschen. Einführung in eine Philosophie der Kultur</hi>. Hamburg: Meiner.
                    </bibl>
                    <bibl>
                        <hi rend="bold">Friedman, Jonathan.</hi> 2019. “Preface.” In Makovicky, Nicolette; Trémon, Anne-Christine &amp; Zandonai, Sheyla S. (eds.): 
                        <hi rend="italic">Slogans: Subjection, Subversion, and the Politics of Neoliberalism</hi>. London/New York: Routledge, xiii-xvii.
                    </bibl>
                    <bibl>
                        <hi rend="bold">Gaufman, Elizaveta.</hi> 2021. “The Gendered Iconography of Belarus Protest.” 
                        <hi rend="italic">New Perspectives</hi> 29.1, 80–89.
                    </bibl>
                    <bibl>
                        <hi rend="bold">Hayles, Nancy K.</hi> 2010. “How We Read: Close, Hyper, Machine.” 
                        <hi rend="italic">ADE Bulletin</hi> 150, 62–79.
                    </bibl>
                    <bibl>
                        <hi rend="bold">Howanitz, Gernot und Erik Radisch.</hi> 2022. “Nationalist(ic) Symbols from Eastern Europe.” 
                        <hi rend="italic">Github.com</hi>, 21. 2. 2022 (v1.0.0). https://zenodo.org/record/6206733#.YuEpDLuxWEI (letzter Zugriff 26. 7. 2022).
                    </bibl>
                    <bibl>
                        <hi rend="bold">Kress, Gunther.</hi> 2011: “Multimodal Discourse Analysis.” In 
                        <hi rend="italic">The Routledge Handbook of Discourse Analysis</hi>, hg. von James P. Gee und Michael Handford, 35–50. London u.a.: Routledge.
                    </bibl>
                    <bibl>
                        <hi rend="bold">Kuße, Holger (Hg.).</hi> 2021. 
                        <hi rend="italic">Kommunikacija v ėpochu protestov. </hi>Berlin: Peter Lang.
                    </bibl>
                    <bibl>
                        <hi rend="bold">Onuch, Olga.</hi> 2015. “EuroMaidan Protests in Ukraine: Social Media versus Social Networks.” 
                        <hi rend="italic">Problems of Post-</hi>
                        <hi rend="italic">C</hi>
                        <hi rend="italic">ommunism</hi> 62.4, 217–235
                    </bibl>
                    <bibl>
                        <hi rend="bold">Smyth, Regina und Sarah Oates.</hi> 2015. “Mind the Gaps: Media Use and Mass Action in Russia.” 
                        <hi rend="italic">Europe-Asia Studies</hi> 67.2, 285–305.
                    </bibl>
                    <bibl>
                        <hi rend="bold">Szostek, Joanna.</hi> 2018. “The Mass Media and Russia’s ‘Sphere of Interests’: Mechanisms of Regional Hegemony in Belarus and Ukraine.” 
                        <hi rend="italic">Geopolitics</hi> 23.2, 307–329.
                    </bibl>
                </listBibl>
            </div>
        </back>
    </text>
</TEI>
