<?xml version="1.0" encoding="utf-8"?>
<TEI xmlns="http://www.tei-c.org/ns/1.0" 
   xml:id="intro-002">
   <teiHeader>
      <fileDesc>
         <titleStmt>
            <title type="nodisplay">Logo Page</title>
         </titleStmt>
         <publicationStmt>
            <publisher>Culture and Computation Lab</publisher>
            <address>
               <addrLine>Université du Luxembourg</addrLine>
               <addrLine>2, Avenue de l'Université</addrLine>
               <addrLine>L-4365 Esch-sur Alzette</addrLine>
               <addrLine>Luxembourg</addrLine>
            </address>
            <publisher>Luxembourg Centre for Contemporary and Digital History</publisher>
            <address>
               <addrLine>Université du Luxembourg</addrLine>
               <addrLine>2, Avenue de l'Université</addrLine>
               <addrLine>L-4365 Esch-sur Alzette</addrLine>
               <addrLine>Luxembourg</addrLine>
            </address>
            <publisher>Trier Center for Digital Humanities</publisher>
            <address>
               <addrLine>Universität Trier</addrLine>  
               <addrLine>Universitätsring 15</addrLine>
               <addrLine>54296 Trier</addrLine>
               <addrLine>Deutschland</addrLine>
            </address>
         </publicationStmt>
         <sourceDesc>
            <p>No source: created in electronic format.</p>
         </sourceDesc>
      </fileDesc>
      <profileDesc>
         <textClass>
            <keywords scheme="original" n="category">
               <term>Intro</term>
            </keywords>
            <keywords scheme="original" n="subcategory">
               <term>Short Paper</term>
            </keywords>
            <keywords scheme="original" n="topic">
               <term></term>
            </keywords>
            <keywords scheme="original" n="keywords">
               <term></term>
            </keywords>
         </textClass>
      </profileDesc>
      <revisionDesc>
         <change>
            <date/>
            <name/>
            <desc/>
         </change>
      </revisionDesc>
   </teiHeader>
   <text type="paper" n="single">
      <body>
         <div n="publisher_info">
            <!--<figure><graphic url="logo"/></figure>-->
            <p n="intro_text">
               Die Abstracts wurden von den Autorinnen und Autoren in einem Template<lb/>
               erstellt und mittels des von Marco Petris, Universität Hamburg, entwickelten<lb/>
               DHConvalidators in eine TEI konforme XML-Datei konvertiert.<lb/>
            </p>
            <p n="intro_text">
               Herausgeber:innen: Anna Busch, Peer Trilcke<lb/>
               Redaktion und Korrektur der Auszeichnungen:<lb/>
               &#160;&#160;&#160;&#160;&#160;Alistair Plum, Vivien Wolter, Hendrik Chudoba, Joëlle Weis<lb/>
               Konvertierung TEI nach PDF: Alistair Plum<lb/> 
               &#160;&#160;&#160;&#160;&#160;https://github.com/plumaj/DHd2023-BoA<lb/>
               Historie der Autorinnen und Autoren sowie Versionen der Konversionsskripte:<lb/>
               Ingo Börner (2022) <lb/>
               &#160;&#160;&#160;&#160;&#160;https://github.com/ingoboerner/dhd2022_boa<lb/>
               Nina Seemann (2020) <lb/>
               &#160;&#160;&#160;&#160;&#160;https://github.com/NinaSeemann/DHd2020-BoA<lb/>
               Attila Klett (2019)<lb/>
               &#160;&#160;&#160;&#160;&#160;https://github.com/texttechnologylab/DHd2019BoA<lb/>
               Claes Neuefeind (2018)<lb/> 
               &#160;&#160;&#160;&#160;&#160;https://github.com/GVogeler/DHd2018<lb/>
               Aramís Concepción Durán (2016)<lb/>
               &#160;&#160;&#160;&#160;&#160;https://github.com/aramiscd/dhd2016-boa.git<lb/>
               Karin Dalziel (2013)<lb/>
               &#160;&#160;&#160;&#160;&#160;https://github.com/karindalziel/TEI-to-PDF<lb/>          
               Konferenz-Logo: Benjamin Bellgrau<lb/>
            </p></div>
            <div n="publisher_info">
               <p>Konferenz-Logo und Gestaltung des Covers: Julia Hennemann (Trier Center for Digital Humanities)</p>
               <p>Gestaltung der Konferenz-Website: Kirill Mitsurov (Luxembourg Centre for Contemporary and Digital History) </p></div>
            <div><p n="intro_text">
               Online verfügbar: https://doi.org/10.5281/zenodo.7688632<lb/>
            </p></div>
      </body>
   </text>
</TEI>