<?xml version="1.0" encoding="UTF-8"?>
<TEI xml:id="KLAES_Jan_Sebastian_Die_digitale_Schulbuch_Bibliothek_GEI_Di" xmlns="http://www.tei-c.org/ns/1.0">
    <teiHeader>
        <fileDesc>
            <titleStmt>
                <title>Die digitale Schulbuch-Bibliothek GEI-Digital im neuen Gewand: Ein modernes Präsentationssystem öffnet digitalisierte Schulbücher für die Open Humanities</title>
                <author>
                    <persName>
                        <surname>Klaes</surname>
                        <forename>Jan Sebastian</forename>
                    </persName>
                    <affiliation>Leibniz-Institut für Bildungsmedien | Georg Eckert-Institut, Deutschland</affiliation>
                    <email>klaes@leibniz-gei.de</email>
                    <idno type="ORCID">0000-0003-3597-7017</idno>
                </author>
                <author>
                    <persName>
                        <surname>Krüger</surname>
                        <forename>Katharina</forename>
                    </persName>
                    <affiliation>Leibniz-Institut für Bildungsmedien | Georg Eckert-Institut, Deutschland</affiliation>
                    <email>katharina.krueger@leibniz-gei.de</email>
                </author>
                <author>
                    <persName>
                        <surname>Leonhardt</surname>
                        <forename>Susann</forename>
                    </persName>
                    <affiliation>Leibniz-Institut für Bildungsmedien | Georg Eckert-Institut, Deutschland</affiliation>
                    <email>leonhardt@leibniz-gei.de</email>
                </author>
                <author>
                    <persName>
                        <surname>Nieländer</surname>
                        <forename>Maret</forename>
                    </persName>
                    <affiliation>Leibniz-Institut für Bildungsmedien | Georg Eckert-Institut, Deutschland</affiliation>
                    <email>nielaender@leibniz-gei.de</email>
                </author>
                <author>
                    <persName>
                        <surname>Sommer</surname>
                        <forename>Kai</forename>
                    </persName>
                    <affiliation>Leibniz-Institut für Bildungsmedien | Georg Eckert-Institut, Deutschland</affiliation>
                    <email>sommer@leibniz-gei.de</email>
                </author>
                <author>
                    <persName>
                        <surname>Towara</surname>
                        <forename>Nadine</forename>
                    </persName>
                    <affiliation>Leibniz-Institut für Bildungsmedien | Georg Eckert-Institut, Deutschland</affiliation>
                    <email>towara@leibniz-gei.de</email>
                </author>
            </titleStmt>
            <editionStmt>
                <edition>
                    <date>2022-12-14T20:55:00Z</date>
                </edition>
            </editionStmt>
            <publicationStmt>
                    <publisher>Culture and Computation Lab</publisher>
                    <address>
                        <addrLine>Université du Luxembourg</addrLine>
                        <addrLine>2, Avenue de l'Université</addrLine>
                        <addrLine>L-4365 Esch-sur Alzette</addrLine>
                        <addrLine>Luxembourg</addrLine>
                    </address>
                    <publisher>Luxembourg Centre for Contemporary and Digital History</publisher>
                    <address>
                        <addrLine>Université du Luxembourg</addrLine>
                        <addrLine>2, Avenue de l'Université</addrLine>
                        <addrLine>L-4365 Esch-sur Alzette</addrLine>
                        <addrLine>Luxembourg</addrLine>
                    </address>
                    <publisher>Trier Center for Digital Humanities</publisher>
                    <address>
                        <addrLine>Universität Trier</addrLine>  
                        <addrLine>Universitätsring 15</addrLine>
                        <addrLine>54296 Trier</addrLine>
                        <addrLine>Deutschland</addrLine>
                    </address>
                </publicationStmt>
            <sourceDesc>
                <p>Converted from a Word document</p>
            </sourceDesc>
        </fileDesc>
        <encodingDesc>
            <appInfo>
                <application ident="DHCONVALIDATOR" version="1.22">
                    <label>DHConvalidator</label>
                </application>
            </appInfo>
        </encodingDesc>
        <profileDesc>
            <textClass>
                <keywords scheme="ConfTool" n="category">
                    <term>Paper</term>
                </keywords>
                <keywords scheme="ConfTool" n="subcategory">
                    <term>Posterpräsentation</term>
                </keywords>
                <keywords scheme="ConfTool" n="keywords">
                    <term>Bildungsmedien</term>
                    <term>Schulbücher</term>
                    <term>Digitale Bibliothek</term>
                    <term>Volltexte</term>
                    <term>Digitalisate</term>
                </keywords>
                <keywords scheme="ConfTool" n="topics">
                    <term>Sammlung</term>
                    <term>Webentwicklung</term>
                    <term>Daten</term>
                    <term>Bilder</term>
                    <term>Infrastruktur</term>
                </keywords>
            </textClass>
        </profileDesc>
    </teiHeader>
    <text>
        <body>
            <div type="div1" rend="DH-Heading1">
            <head>Ausgangslage: </head>
            <p style="text-align: left; ">GEI-Digital startete als Digitalisierungsprojekt im Jahr 2009 und bietet Zugang zu digitalisierten Schulbüchern zahlreicher Fächer, Epochen und Regionen. Das Schulbuchkorpus umfasst die Themengebiete Geschichte, Geographie und Politik sowie Fibeln, Atlanten, Realien- und Lesebücher („GEI-Digital“ unter 
                <ref target="https://gei-digital.gei.de/viewer/index/">https://gei-digital.gei.de/viewer/index/</ref>). 
            </p>
            <p style="text-align: left; ">Der Digitalisierungsprozess umfasst dabei die Herstellung hochauflösender digitaler Images, die Erzeugung von Meta- und Strukturdaten, die Volltexterfassung, die Präsentation der Digitalisate auf der GEI-Digital-Website und Maßnahmen zur Langzeitsicherung. Gegenwärtig liegt der Fokus von GEI-Digital auf deutschsprachigen Werken, die in der Zeit zwischen dem ersten Aufkommen des Schulbuches im 16. Jahrhundert bis zum Ende des Kaiserreiches im Jahre 1918 erschienen sind. </p>
            <p style="text-align: left; ">Die aktuell verfügbaren Sammlungen bzw. Teilkorpora auf GEI-Digital stellen eine Auswahl an historischen Schulbüchern dar, die als repräsentativ für das jeweilige Fach, die einzelnen Schulstufen und -formen und regional unterschiedlichen Ausgaben gelten kann. Im Hinblick auf die hohe Schulbuchproduktion im Deutschen Reich und die Bedeutung der Epoche für die Konstruktion einer nationalen Identität wird das digitale Korpus fachspezifisch und zeitlich in separaten Kollektionen auf GEI-Digital präsentiert. Internationale historische Schulbücher sind punktuell vorhanden und werden perspektivisch weiter ausgebaut (Hertling und Klaes 2018a, 21-44 und Hertling und Klaes 2018b 45-68).</p>
            <p style="text-align: left; ">Digitalisiert und unter einer Public Domain-Lizenz zur freien Nachnutzung zur Verfügung gestellt, werden nach dem geltenden Urheberrechtsgesetz (UrhG) bislang nur Werke, deren Autoren seit mehr als 70 Jahren verstorben sind. Derzeit beinhaltet GEI-Digital circa 7.400 Schulbücher mit über 1,8 Millionen Seiten. Davon konnten bereits 1,4 Millionen einer Volltexterkennung zugeführt werden. Zu den nicht im Volltext vorliegenden Beständen zählen aufgrund der überwiegend grafischen Darstellungen, Atlanten, sog. Schreiblesefibeln, und Bestände in Frakturschrift mit einem Erscheinungsjahr vor 1800. Die Implementierung einer Volltexterkennung insbesondere für ältere Frakturschriften bei mittelgroßen Sammlungen ist Gegenstand eines von der DFG geförderten Verbundprojekts „OCR-D OCR4all-libraries“ (Engl et.al. 2020 und „DFG – GEPRIS“ o.J.). Dabei wird in Zusammenarbeit mit dem Zentrum für Philologie und Digitalität (ZPD) der Universität Würzburg das Open-Source-Werkzeug OCR4all (Reul et. al. 2019) so erweitert und angepasst, dass es von Bibliotheken und Archiven bei der Digitalisierung größerer Mengen eigensetzt werden kann. </p>
            <p style="text-align: left; ">In den letzten 10 Jahren haben sich die Anforderungen an das Design und Präsentation digitaler Inhalte massiv geändert. Vor dem Hintergrund hat sich das GEI entschieden den Web-Auftritt von GEI-Digital grundlegend zu erneuern und zu optimieren. Die Präsentation der Inhalte erfolgte bisher auf Basis des von der Firma Intranda und unter der Open Source-Lizenz stehenden Softwarelösung „Goobi Workflow“ und „Goobi Viewer“, die am GEI seit 2012 unverändert eingesetzt wird (Hankiewicz 2019, 77-88). </p></div>
            <div type="div1" rend="DH-Heading1">
            <head>Vorgehen: </head>
            <p style="text-align: left; ">Bereits 2014 wurde eine umfangreiche Nutzer:innenbefragung durchgeführt, die wichtige Bedarfe sichtbar machte. In der Folge wurden gezielte Feedbackrunden mit Forschenden in den Digital Humanities etabliert, um die sichtbaren Bedarfe zu konkretisieren. Unter Berücksichtigung dieser Ausgangslage begann am GEI eine interdisziplinäre Arbeitsgruppe aus den forschenden Abteilungen und der Forschungsbibliothek einen Katalog mit Optimierungsanforderungen zusammen zu stellen. Dabei kristallisierten sich Volltextverfügbarkeit, Sammlungsverwaltung und Schnittstellen für die Datenbereitstellung als zukünftige Kernbedarfe dieser Zielgruppe heraus. </p>
            <p style="text-align: left; ">Allerdings erforderte die 2020 veraltete Softwareinfrastruktur des Goobi Viewers als Fundament für die Realisierung der Kernbedarfe ein umfassendes Upgrade. Um aber den weiterentwickelten Goobi Viewer auch für andere Anwenderinstitutionen möglichst einfach nachnutzen zu können, hat das GEI zusammen mit dem Entwicklerteam von Intranda entschieden, diese Software in Form einer unter Open Source laufenden Containervirtualisierung, auch Docker genannt, zur Verfügung zu stellen. Docker erlaubt eine vereinfachte Bereitstellung von Software-Anwendung, da alle relevanten Softwarepakete enthalten und somit schnell für eine Installation bereitstehen. Die gesamte Goobi Viewer-Software steht jetzt als Docker-Anwendung unter GitHub zur Nachnutzung bereit (Goobi-Viewer-Docker o.J.). Eng verbunden mit dem Implementierungsprozess war auch eine starke Fokussierung auf die Lokalisierung, Eingrenzung und Behebung von Problemen und Fehlern. Die interdisziplinäre Arbeitsgruppe konnte gerade im Sinne eines agilen Vorgehens schnell und effektiv Herausforderungen angehen und Lösungsansätze erarbeiten. </p></div>
            <div type="div1" rend="DH-Heading1">
            <head>Zusammenfassung und Ausblick:</head>
            <p style="text-align: left; ">Das abgestufte Vorgehen mit einer Nutzer:innenbefragung, gezielten Feedbackrunden mit Forschenden und einer interdisziplinären Arbeitsgruppe erwies sich in dem hier vorliegenden Szenario als gewinnbringend. Mit Abschluss der Phase eines ersten technischen Upgrades und einer umfassenden Erneuerung der Software-Infrastruktur steht die digitale Schulbuchbibliothek GEI-Digital in einem neuen Outfit für die Nutzer:innen in den Digital Humanities zur Verfügung. Gerade die interdisziplinäre Zusammenarbeit von Akteur:innen aus den Forschungsinfrastrukturen und den wissenschaftlichen Anwender:innen konnte einen erfolgreichen Neustart sicherstellen und die nachhaltige Grundlage für weitere Optimierungen legen. </p>
            <p style="text-align: left; ">Der kontinuierliche Betrieb einer digitalen Bibliothek und deren Optimierung sollte als eine Daueraufgabe verstanden werden. Vor dem Hintergrund ist vorgesehen, die Nutzungsmöglichkeiten von GEI-Digital für die vielfältigen Bedarfe weiter zu verbessern. Zu den nächsten Schritten zählen die Bereitstellung nachnutzbarer Datenformate nach aktuellen Standards und die Persistenz der Daten im Hinblick auf z.B. die verschiedenen Volltextversionen bei Anwendung verschiedener OCR-Engines im Kontext von Forschungsdaten.</p></div>
        </body>
        <back>
            <div type="bibliogr">
                <listBibl>
                    <head>Bibliographie</head>
                    <bibl style="text-align: left;">„DFG - GEPRIS - OCR4all-libraries – Volltexterkennung historischer Sammlungen“. o. J. Zugegriffen 14. Dezember 2022. 
                        <ref target="https://gepris.dfg.de/gepris/projekt/460665940?context=projekt&amp;task=showDetail&amp;id=460665940&amp;">https://gepris.dfg.de/gepris/projekt/460665940?context=projekt&amp;task=showDetail&amp;id=460665940&amp;</ref>.
                    </bibl>
                    <bibl>Engl, Elisabeth, Konstantin Baierer, Matthias Boenig, Volker Hartmann, und Clemens Neudecker. 2020. „Volltexte – die Zukunft alter Drucke: Bericht zum Abschlussworkshop des OCR-D-Projekts“. 
                        <hi rend="italic">o-bib. Das offene Bibliotheksjournal / Herausgeber VDB</hi> 7 (2): 1–4. 
                        <ref target="https://doi.org/10.5282/o-bib/5600">https://doi.org/10.5282/o-bib/5600</ref>.
                    </bibl>
                    <bibl>„GEI-Digital“. 2022. Zugegriffen 10. Dezember 2022. 
                        <ref target="https://gei-digital.gei.de/viewer/index/">https://gei-digital.gei.de/viewer/index/</ref>.
                    </bibl>
                    <bibl>
                        <hi rend="bold">Goobi-Viewer-Docker</hi>. (2022), Abgerufen 3. August 2022, von https://github.com/intranda/goobi-viewer-docker
                    </bibl>
                    <bibl>Hankiewicz, Steffen. 2018. „Goobi entwickeln – Eine Open-Source Software zur Verwaltung von Workflows in Digitalisierungsprojekten“. In 
                        <hi rend="italic">Digitalisierung in Bibliotheken</hi>, herausgegeben von Gregor Neuböck, 77–88. De Gruyter. 
                        <ref target="https://doi.org/10.1515/9783110501094-006">https://doi.org/10.1515/9783110501094-006</ref>.
                    </bibl>
                    <bibl>Hertling, Anke, und Sebastian Klaes. 2018a. „Historische Schulbücher als digitales Korpus für die Forschung: Auswahl und Aufbau einer digitalen Schulbuchbibliothek“. In 
                        <hi rend="italic">Digital Humanities in der internationalen Schulbuchforschung</hi>, Volume 9:21–44. Eckert. Expertise, Volume 9. V&amp;R unipress. 
                        <ref target="https://doi.org/10.14220/9783737009539.21">https://doi.org/10.14220/9783737009539.21</ref>.
                    </bibl>
                    <bibl>Hertling, Anke, und Sebastian Klaes. 2018b. „»GEI-Digital«als Grundlage für Digital-Humanities-Projekte: Erschließung und Datenaufbereitung“. In 
                        <hi rend="italic">Digital Humanities in der internationalen Schulbuchforschung</hi>, Volume 9:45–68. Eckert. Expertise, Volume 9. V&amp;R unipress. 
                        <ref target="https://doi.org/10.14220/9783737009539.45">https://doi.org/10.14220/9783737009539.45</ref>.
                    </bibl>
                    <bibl>Reul, Christian, Dennis Christ, Alexander Hartelt, Nico Balbach, Maximilian Wehner, Uwe Springmann, Christoph Wick, Christine Grundig, Andreas Büttner, und Frank Puppe. 2019. „OCR4all—An Open-Source Tool Providing a (Semi-)Automatic OCR Workflow for Historical Printings“. 
                        <hi rend="italic">Applied Sciences</hi> 9 (22): 4853. 
                        <ref target="https://doi.org/10.3390/app9224853">https://doi.org/10.3390/app9224853</ref>.
                    </bibl>
                </listBibl>
            </div>
        </back>
    </text>
</TEI>
