<?xml version="1.0" encoding="UTF-8"?>
<TEI xml:id="KLAMMT_Anne_Forschungssoftware_rezensieren___Konzeption__Dur" xmlns="http://www.tei-c.org/ns/1.0">
    <teiHeader>
        <fileDesc>
            <titleStmt>
                <title type="full">
                    <title type="main">Forschungssoftware rezensieren - Konzeption, Durchführung und Umsetzung</title>
                    <title type="sub"/>
                </title>
                <author>
                    <persName>
                        <surname>Homburg</surname>
                        <forename>Timo</forename>
                    </persName>
                    <affiliation>Hochschule Mainz, Mainz, Deutschland</affiliation>
                    <email>timo.homburg@hs-mainz.de</email>
                    <idno type="ORCID">0000-0002-9499-5840</idno>
                </author>
                <author>
                    <persName>
                        <surname>Klammt</surname>
                        <forename>Anne</forename>
                    </persName>
                    <affiliation>Deutsches Forum für Kunstgeschichte Paris, Frankreich</affiliation>
                    <email>aklammt@hotmail.com</email>
                    <idno type="ORCID">0000-0003-3697-9241</idno>
                </author>
                <author>
                    <persName>
                        <surname>Offert</surname>
                        <forename>Fabian</forename>
                    </persName>
                    <affiliation>University of California, Santa Barbara, USA</affiliation>
                    <email>offert@ucsb.edu</email>
                </author>
                <author>
                    <persName>
                        <surname>Thiery</surname>
                        <forename>Florian</forename>
                    </persName>
                    <affiliation>Römisch-Germanisches Zentralmuseum, Mainz, Deutschland</affiliation>
                    <email>florian.thiery@rgzm.de</email>
                    <idno type="ORCID">0000-0002-3246-3531</idno>
                </author>
            </titleStmt>
            <editionStmt>
                <edition>
                    <date>2022-08-01T19:22:51.461700370</date>
                </edition>
            </editionStmt>
            <publicationStmt>
                    <publisher>Culture and Computation Lab</publisher>
                    <address>
                        <addrLine>Université du Luxembourg</addrLine>
                        <addrLine>2, Avenue de l'Université</addrLine>
                        <addrLine>L-4365 Esch-sur Alzette</addrLine>
                        <addrLine>Luxembourg</addrLine>
                    </address>
                    <publisher>Luxembourg Centre for Contemporary and Digital History</publisher>
                    <address>
                        <addrLine>Université du Luxembourg</addrLine>
                        <addrLine>2, Avenue de l'Université</addrLine>
                        <addrLine>L-4365 Esch-sur Alzette</addrLine>
                        <addrLine>Luxembourg</addrLine>
                    </address>
                    <publisher>Trier Center for Digital Humanities</publisher>
                    <address>
                        <addrLine>Universität Trier</addrLine>  
                        <addrLine>Universitätsring 15</addrLine>
                        <addrLine>54296 Trier</addrLine>
                        <addrLine>Deutschland</addrLine>
                    </address>
                </publicationStmt>
            <sourceDesc>
                <p>Converted from an OASIS Open Document</p>
            </sourceDesc>
        </fileDesc>
        <encodingDesc>
            <appInfo>
                <application ident="DHCONVALIDATOR" version="1.22">
                    <label>DHConvalidator</label>
                </application>
            </appInfo>
        </encodingDesc>
        <profileDesc>
            <textClass>
                <keywords scheme="ConfTool" n="category">
                    <term>Paper</term>
                </keywords>
                <keywords scheme="ConfTool" n="subcategory">
                    <term>Workshop</term>
                </keywords>
                <keywords scheme="ConfTool" n="keywords">
                    <term>Open Schiences</term>
                    <term>Research Software Engineering</term>
                    <term>Rezension</term>
                    <term>Digital Literacy</term>
                </keywords>
                <keywords scheme="ConfTool" n="topics">
                    <term>Bewertung</term>
                    <term>Schreiben</term>
                    <term>Kollaboration</term>
                    <term>Software</term>
                </keywords>
            </textClass>
        </profileDesc>
    </teiHeader>
    <text>
        <body>
            <p>Der Workshop adressiert eine signifikante Lücke in den Praktiken und Formaten der digitalen Geisteswissenschaften als 
                <hi rend="italic">Open Humanities</hi>: die bisher noch untergeordnete Rolle von Softwarerezensionen von 
                <hi rend="italic">Forschungssoftware</hi>.
            </p>
            <p>Wissenschaftliche Rezensionen von Forschungssoftware schätzen deren Beitrag zur Lösung einer Aufgabe im Forschungsprozess, ihre Anwendbarkeit und Zielgruppe, sowie ihre handwerkliche Qualität und Nachhaltigkeit ein. Softwarerezensionen wären daher ein wesentlicher Bestandteil einer Wissenschaftspraxis, die ihre Methoden offenlegt und kritisch reflektiert. Bislang aber erscheinen noch wenige Rezensionen und das, obwohl es mittlerweile in den Geisteswissenschaften im deutschsprachigen Raum erste Zeitschriften zu ihrer Veröffentlichung gibt. Es finden sich jedoch noch kaum Autor*innen.<ref n="1" target="ftn1"/> Der Workshop soll Interessierten einen Einstieg bieten und somit zur Verbreitung und Anerkennung dieses wichtigen wissenschaftlichen Formats beitragen.
            </p>
            <p>Gemeinschaftlich mit den Teilnehmer*innen möchten wir am Beispiel kleiner, überschaubarer Tools alle Arbeitsschritte einer Rezension von Forschungssoftware am praktischen Beispiel durchführen. Im Mittelpunkt steht das Kennenlernen und Anwenden von Aspekten, mit denen eine Software besprochen werden kann. Die Beurteilung von Forschungssoftware muss ihre Aufgabe in der Forschung, ihre Nutzbarkeit aus Anwender*innsicht und ihre Nachhaltigkeit aus technischer Sicht umfassen. Damit fragen Rezensionen von Software ganz unterschiedliche Kompetenzen ab und sind daher besonders gut und effizient als Team zu bearbeiten. Im Idealfall entsteht während des Workshops genug Material, um unterstützt von den Workshopanbieter*innen ohne umfangreiche Nacharbeiten eine Rezension beim Journal CKIT oder den Archäologischen Informationen einzureichen.</p>
            <p>Forschungssoftware ist ein wesentlicher Bestandteil (digitaler) geisteswissenschaftlicher Forschung. Sie ermöglicht und steuert oft den gesamten Forschungsprozess (Katerbow u. Feulner 2018; Schmidt u. Marwick 2020). Dieser Einfluss reicht von der Auswahl und Strukturierung der Daten, über die angewandten rechnerischen Verfahren bis hin zu den Ausgabeformaten. Entsprechend können fehlerhaft implementierte Algorithmen, irreführende Nutzeroberflächen und unvollständige Dokumentationen die Forschung erschweren oder sogar zum Scheitern von Forschungsprozessen führen. Auch bei einem positiven Verlauf schreiben sich die Tools so tief in die Ergebnisse ein, dass eine digitale Quellenkritik immer wieder auch die Betrachtung der vorhergehenden Prozessierung und somit der Tools einbezieht. Dokumentierte, quelloffene Software ermöglicht schließlich, sie gezielt für spezifische Bedarfe weiterzuentwickeln oder ihre grundlegende Idee und Konzeption in Softwareprojekten mit aktuellen Bibliotheken erneut umzusetzen.</p>
            <p>Aus unterschiedlichen Gesichtspunkten ist somit die kritische Betrachtung und Würdigung von Software, die in spezifischer Weise in der Forschung eingesetzt wird, sehr wünschenswert. Bislang wird der Bedarf, verstreut und über verschiedene Nutzergruppen verteilt, oft durch Erfahrungsberichte, Tutorials und zitierfähige Publikationen der Software etwa über Github oder Zenodo bedient. Insbesondere Erfahrungsberichte enthalten vielfach bereits Informationen, die Auswahlkriterien für die Nutzer*innen sind. Dies betrifft nicht alleine Anmerkungen zur Form und Verständlichkeit der Interaktion mit dem Programm oder die Import- und Exportfunktionen, sondern die Berichte zeigen zudem, wie die Software für die Bearbeitung einer geisteswissenschaftlichen Forschungsfrage eingesetzt wird. Allerdings finden Merkmale zur Beurteilung der Stabilität der Programme, zu ihrer Erweiterbarkeit oder auch ihrem Einsatz in anderen technischen Setups kaum Berücksichtigung. Tutorials, oft von den Entwickler*innen selbst verfasst, geben meist ebenfalls umfassend Einblick in die Funktionen, bewerten diese aber nicht. 
                <hi rend="italic">Benchmark papers</hi> und Softwarepublikationen richten sich schließlich nur an Entwickler*innen.
            </p>
            <p>Nach der Bestimmung von Zielen und Blickwinkeln für Softwarerezensionen in der geisteswissenschaftlichen Forschung stellt sich die Frage nach den Kriterien, der Vorgehensweise und spezifischen Anforderungen. Die Zeitschrift Archäologische Informationen hat 2021 einen Vorschlag veröffentlicht (Homburg et al. 2021), der gemeinsam von Fachwissenschaftlerinnen und Informatiker*innen unterschiedlicher Schwerpunktsetzungen verfasst, und inzwischen kommentiert wurde (Carloni 2021; High-Steskal 2021). Der Text war eine wichtige Grundlage für die Ausformulierung der von den Herausgeber*innen der Zeitschrift CKIT formulierten Leitfragen, an denen sich die erwünschten Beiträge ausrichten sollen (CKIT 2021). Sie sind im Expert*innenforum der Task Area 3 “Research tools and data services” von NFDI4Culture 2022 diskutiert und angenommen worden, so dass sie heute in einer inhaltlichen und funktionalen Verbindung mit der entstehenden Software Registry stehen. Sie sind damit ein Anfang, um Gewohnheiten und 
                <hi rend="italic">best practices</hi> in der Forschungsgemeinschaft zu entwickeln. Entsprechend werden sie auch von den Workshopanbieter*innen als Orientierung verwendet.
            </p>
            <div type="div1" rend="DH-Heading2">
                <head>Gemeinsame Ziele</head>
                <list type="unordered">
                    <item>Erwerb der Kenntnis von wesentlichen Parametern zur Beurteilung einer Software im Forschungskontext</item>
                    <item>Sammeln von Erfahrungen in der Zusammenstellung von spezifischen Nutzeranforderungen an eine Software</item>
                    <item>Erwerb der Kenntnis von Vorgehensweisen, um Informationen zur handwerklichen Qualität von Software zu sammeln</item>
                    <item>Sammeln von Erfahrungen im Einschätzen eigener Kompetenzen zur Beurteilung von Software</item>
                    <item>Sammeln von Erfahrungen im (gemeinsamen) Verfassen einer Softwarerezension im Forschungskontext</item>
                </list>
            </div>
            <div type="div1" rend="DH-Heading2">
                <head>Ergebnisformat</head>
                <p>Ziel des Workshops ist es, auf Grundlage der genannten Handreichung (CKIT 2021) gemeinsam die Funktionalität und handwerklichen Qualität einer Software zu beschreiben sowie ihre Nutzbarkeit im Zuge der Bearbeitung einer geisteswissenschaftlichen Frage zu beurteilen.</p>
                <p>Im Idealfall soll daraus eine gemeinsam verfasste Rezension entstehen, die bei der Zeitschrift CKIT oder den Archäologischen Informationen zur Veröffentlichung eingereicht wird.</p>
            </div>
            <div type="div1" rend="DH-Heading2">
                <head>Beispiele zur Rezension vorgeschlagener Forschungssoftware</head>
                <p>1. SPARQLing Unicorn QGIS Plugin</p>
                <p>Beschreibung: QGIS-Plugin (noch kein 
                    <hi rend="italic">stable release</hi>, experimental), das eine einfache Integration von Geodaten aus Wikidata und anderen Linked Open Data SPARQL Endpoints ermöglicht. (Plugin: 
                    <ptr target="https://plugins.qgis.org/plugins/sparqlunicorn/"/>; Github: 
                    <ptr target="https://github.com/sparqlunicorn/sparqlunicornGoesGIS"/>)
                </p>
                <p>2. 
                    <ref target="https://github.com/YaleDHLab/pix-plot">PixPlot</ref>
                </p>
                <p>Beschreibung: WebApp / eigenständige Software zum Clustern und anschließender Visualisierung von Bildern auf Grundlage von 
                    <hi rend="italic">neural network features</hi>. (Projekt: https://dhlab.yale.edu/projects/pixplot/ ; Github: 
                    <ptr target="https://github.com/YaleDHLab/pix-plot"/>)
                </p>
                <p>3. 
                    <ref target="https://minicomp.github.io/wax/">Wax</ref>
                </p>
                <p>Beschreibung: Eine Software-Lösung, um einfach digitale Ausstellungen mit IIIF-Technologien zu realisieren. Die Software verfolgt einen 
                    <hi rend="italic">minimal computing</hi>-Ansatz. (Projekt: https://minicomp.github.io/wax/ ; Github: 
                    <ptr target="https://github.com/minicomp/wax"/>)
                </p>
            </div>
            <div type="div1" rend="DH-Heading1">
                <head>Workshoporganisation</head>
                <p>Der Workshop wird in fünf Schritten durchgeführt. Dabei übernehmen die Workshopanbieter*innen die Funktion als Lotsen und geben zu jedem Schritt einen inhaltlichen Input. Anschließend wird gemeinsam von den Teilnehmer*innen die Untersuchung der Software auf die zuvor festgelegten Kriterien vorgenommen und die Ergebnisse von ihnen dokumentiert. Als Arbeitsumgebung wird ein GitHub-Repositorium genutzt. Der Fokus liegt auf der Evaluierung der Software in der Gruppe und dem Austausch über die Anwendbarkeit und Bedeutung der verschiedenen Kriterien zur Beschreibung der ausgewählten Software. Der Workshop schließt mit einer gemeinsamen Reflexion zum Verlauf des Workshops ab.</p>
                <div type="div2" rend="DH-Heading2">
                    <head>Ablauf</head>
                    <div type="div3" rend="DH-Heading3">
                        <head>Vorfeld</head>
                        <p>Schritt 1 (im Vorfeld der DHd) </p>
                        <list type="unordered">
                            <item>Im Vorfeld des Workshops installieren die Teilnehmer*innen die Software und benutzen sie in einem vorgegebenen 
                                <hi rend="italic">use </hi>
                                <hi rend="italic">c</hi>
                                <hi rend="italic">ase</hi> mit einem Testdatensatz. Sie notieren dabei, unterstützt durch einige Leitfragen, für sich ihre Erfahrungen.
                            </item>
                            <item>In einer gemeinsamen Tabelle geben sie anonym Kennwerte zu ihrem technischen Setup an. Arbeitsumfang: etwa 120 min.</item>
                        </list>
                    </div>
                    <div type="div3" rend="DH-Heading3">
                        <head>Workshop (0,5 Tage)</head>
                        <list type="unordered">
                            <item>Kennenlernen</item>
                            <item>Erste Eindrücke zur Software sammeln</item>
                        </list>
                        <p>Schritt 2 - Forschungskontext der Software und grundlegende Funktionen</p>
                        <list type="unordered">
                            <item>Impuls 1 (5-10 min.): 
                                <hi rend="italic">Vorstellung des Anwendungsbereichs der Software in der geisteswissenschaftlichen Forschung</hi>
                            </item>
                            <item>Gemeinsame Auswahl und Anwendung von Kriterien, um die generelle Funktion der Software zu beschreiben und zu beurteilen.</item>
                            <item>Beurteilung der Software nach diesen Kriterien (Gruppenarbeit)</item>
                        </list>
                        <p>Schritt 3 - Perspektive Anwender*innen</p>
                        <list type="unordered">
                            <item>Impuls 2 (5-10 min.): 
                                <hi rend="italic">Den Wald vor </hi>
                                <hi rend="italic">lauter </hi>
                                <hi rend="italic">Bäumen nicht </hi>
                                <hi rend="italic">sehen</hi>
                                <hi rend="italic"> - Schwerpunkte in der Beschreibung aus Anwender*innensicht setzen</hi>
                            </item>
                            <item>Gemeinsame Auswahl von Kriterien </item>
                            <item>Einbeziehung subjektiver Aspekte (Kompetenzen, Forschungsinteresse, Gewohnheiten)</item>
                            <item>Beurteilung der Software nach diesen Kriterien (Gruppenarbeit)</item>
                        </list>
                    </div>
                    <div type="div3" rend="DH-Heading3">
                        <head>Workshop (0,5 Tage)</head>
                        <p>Schritt 4 - Perspektive Entwickler*innen</p>
                        <list type="unordered">
                            <item>Impuls 3 (5-10 min.): 
                                <hi rend="italic">Finden, was für Entwickler*innen interessant ist</hi>
                            </item>
                            <item>Gemeinsame Auswahl und Anwendung von Kriterien, um die Software mit Blick auf ihre handwerkliche Qualität, Nachhaltigkeit und Entwicklungsfähigkeit zu beschreiben</item>
                            <item>Zwischenbilanz : Einschätzung der Software</item>
                        </list>
                        <p>Schritt 5 - Bilanz und Ausblick</p>
                        <list type="unordered">
                            <item>Zusammenführung der ausgewerteten Kriterien und der Zwischenbilanzen</item>
                            <item>Gemeinsame Verständigung, ob eine Fortführung als Publikationsprojekt möglich, sinnvoll und machbar ist</item>
                            <item>Feedback zum Workshop</item>
                        </list>
                    </div>
                </div>
                <div type="div2" rend="DH-Heading2">
                    <head>Vorkenntnisse und Kompetenzen</head>
                    <list type="unordered">
                        <item>Es sind keine spezifischen Vorkenntnisse erforderlich. Wesentlich ist ein allgemeines Interesse an Software und die Motivation zum offenen Arbeiten im Team.</item>
                    </list>
                </div>
                <div type="div2" rend="DH-Heading2">
                    <head>Technisches Setup</head>
                    <list type="unordered">
                        <item>Die Teilnehmer*innen bringen ihren eigenen Rechner mit. Vor Ort wird ein Bildschirm benötigt.</item>
                    </list>
                </div>
                <div type="div2" rend="DH-Heading2">
                    <head>Teilnehmer*innenzahl</head>
                    <p>Max. 15</p>
                </div>
            </div>
            <div type="div1" rend="DH-Heading1">
                <head>Anbieter*innen Workshop</head>
                <list type="unordered">
                    <item>Timo Homburg ist Wissenschaftlicher Mitarbeiter am i3mainz Institut für Raumbezogene Informations- und Messtechnik der Hochschule Mainz. Er erforscht Anwendungen im Bereich (Geospatial) Semantic Web, Computerlinguistik und den Digital Humanities. Seit 2019 ist er auch aktiver Wegbereiter für neue Geodatenstandards in der Standardisierungsgruppe zu GeoSPARQL, der OGC.</item>
                    <item>Anne Klammt ist zum Zeitpunkt der Einreichung als Forschungsleiterin am Deutschen Forum für Kunstgeschichte Paris verantwortlich für die Digital Humanities. Seit 2020 publiziert sie zur Frage, wie Forschungssoftware und Datendienste wissenschaftlich rezensiert werden können.</item>
                    <item>Fabian Offert ist Assistant Professor for the History and Theory of the Digital Humanities an der University of California in Santa Barbara. Er ist Mitherausgeber der Zeitschrift CKIT und forscht zur Nutzung von neuesten Praktiken des maschinellen Lernens in den digitalen Geisteswissenschaften, mit einem Schwerpunkt im Bereich digitale Kunstgeschichte.</item>
                    <item>Florian Thiery ist Research Software Engineer im “Arbeitsbereich Wissenschaftliche IT, digitale Plattformen und Tools” des Römisch-Germanischen Zentralmuseums und forscht dort und entwickelt Forschungssoftware im Sonderforschungsgebiet “Explorative Forschung, Theorien- und Methodenentwicklung” im Handlungsfeld “Semantic Modelling and Knowledge Graphs”. Seit 2020 ist er Mitglied des Vorstands der Gesellschaft für Forschungssoftware (de-RSE e.V.), Mitentwickler des SPARQLing Unicorn QGIS Plugin und forscht im Bereich semantischer Modellierung und Linked Open Data und Wikidata zu Irischen Ogham Steinen, was im Rahmen des Wikimedia Deutschland Fellow-Programms Freies Wissen gefördert wurde.</item>
                </list>
            </div>
        </body>
        <back>
<div type="notes">
<note xml:id="ftn1" rend="footnote text" n="1">Nach eigenen Erfahrungen der Workshopanbieter*innen und Rückmeldungen der Redaktion der Zeitschrift Archäologischen Informationen, die seit 2019 eine eigene Rubrik für Softwarerezensionen bereitstellen. </note></div>
            <div type="bibliogr">
                <listBibl>
                    <head>Bibliographie</head>
                    <bibl>«Construction KIT: a review journal for research tools and data services in the humanities». Zugegriffen 26. Juli 2022. 
                        <ptr target="https://journals.ub.uni-heidelberg.de/index.php/ckit/index"/>.
                    </bibl>
                    <bibl>High-Steskal, Nicole. 2021. «Contribution to the discussion: Handreichung zur Rezension von Forschungssoftware in der Archäologie und den Altertumswissenschaften: (Homburg, Klammt, Mara et al., 2020)». 
                        <hi rend="italic">Archäologische Informationen</hi> 44: 257–59. https://doi.org/10.11588/ai.2021.1.89200.
                    </bibl>
                    <bibl>Homburg, Timo, Anne Klammt, Hubert Mara, Clemens Schmid, Sophie C. Schmidt, Florian Thiery, und Martina Trognitz. 2021. «Diskussionsbeitrag: Handreichung zur Rezension von Forschungssoftware in der Archäologie und den Altertumswissenschaften.». 
                        <hi rend="italic">Archäologische Informationen</hi> 43: 357–72.
                    </bibl>
                    <bibl>Katerbow, Mathhias und Feulner, Georg. 2018. «Handreichung zum Umgang mit Forschungssoftware». Zenodo, 27.2.2018. 
                        <ptr target="https://doi.org/10.5281/zenodo.1172970"/>.
                    </bibl>
                    <bibl>Carloni, Massimiliano. 2021. «Einige Anmerkungen zur ‚Handreichung zur Rezension von Forschungssoftware‘ : (Homburg, Klammt, Mara et al., 2020)». 
                        <hi rend="italic">Archäologische Informationen</hi> 44: 253–56. https://doi.org/10.11588/ai.2021.1.89199.
                    </bibl>
                    <bibl>Schmidt, Sophie. C. und Ben Marwick. 2020. «Tool-Driven Revolutions in Archaeological Science».
                        <hi rend="italic">Journal of Computer Applications in Archaeology</hi> 3: 18-32. https://doi.org/10.5334/jcaa.29.
                    </bibl>
                </listBibl>
            </div>
        </back>
    </text>
</TEI>
