<?xml version="1.0" encoding="UTF-8"?>
<TEI xml:id="KRAUTTER_Benjamin_Skalierungspraktiken_in_der_computergest_t" xmlns="http://www.tei-c.org/ns/1.0">
    <teiHeader>
        <fileDesc>
            <titleStmt>
                <title>Skalierungspraktiken in der computergestützten Analyse von literarischen Texten</title>
                <author>
                    <persName>
                        <surname>Krautter</surname>
                        <forename>Benjamin</forename>
                    </persName>
                    <affiliation>Universität zu Köln, Deutschland</affiliation>
                    <email>Benjamin.Krautter@uni-koeln.de</email>
                    <idno type="ORCID">0000-0003-1804-7520</idno>
                </author>
            </titleStmt>
            <editionStmt>
                <edition>
                    <date>2022-07-15T10:28:00Z</date>
                </edition>
            </editionStmt>
            <publicationStmt>
                    <publisher>Culture and Computation Lab</publisher>
                    <address>
                        <addrLine>Université du Luxembourg</addrLine>
                        <addrLine>2, Avenue de l'Université</addrLine>
                        <addrLine>L-4365 Esch-sur Alzette</addrLine>
                        <addrLine>Luxembourg</addrLine>
                    </address>
                    <publisher>Luxembourg Centre for Contemporary and Digital History</publisher>
                    <address>
                        <addrLine>Université du Luxembourg</addrLine>
                        <addrLine>2, Avenue de l'Université</addrLine>
                        <addrLine>L-4365 Esch-sur Alzette</addrLine>
                        <addrLine>Luxembourg</addrLine>
                    </address>
                    <publisher>Trier Center for Digital Humanities</publisher>
                    <address>
                        <addrLine>Universität Trier</addrLine>  
                        <addrLine>Universitätsring 15</addrLine>
                        <addrLine>54296 Trier</addrLine>
                        <addrLine>Deutschland</addrLine>
                    </address>
                </publicationStmt>
            <sourceDesc>
                <p>Converted from a Word document</p>
            </sourceDesc>
        </fileDesc>
        <encodingDesc>
            <appInfo>
                <application ident="DHCONVALIDATOR" version="1.22">
                    <label>DHConvalidator</label>
                </application>
            </appInfo>
        </encodingDesc>
        <profileDesc>
            <textClass>
                <keywords scheme="ConfTool" n="category">
                    <term>Paper</term>
                </keywords>
                <keywords scheme="ConfTool" n="subcategory">
                    <term>Vortrag</term>
                </keywords>
                <keywords scheme="ConfTool" n="keywords">
                    <term>scalable reading</term>
                    <term>Netzwerkanalyse</term>
                    <term>Drama</term>
                </keywords>
                <keywords scheme="ConfTool" n="topics">
                    <term>Inhaltsanalyse</term>
                    <term>Theoretisierung</term>
                    <term>Netzwerkanalyse</term>
                    <term>Literatur</term>
                </keywords>
            </textClass>
        </profileDesc>
    </teiHeader>
    <text>
        <body>
            <div type="div1" rend="DH-Heading1">
                <head>Einleitung</head>
                <p style="text-align: left; ">In den vergangenen Jahren haben Publikationen aus dem Bereich der digitalen Literaturwissenschaft vermehrt auf das durch den Altphilologen und Anglisten Martin Mueller geprägte Konzept s
                    <hi rend="italic">calable reading</hi> hingewiesen, es diskutiert oder sogar zum Vorbild für das eigene methodische Vorgehen auserkoren (vgl. exemplarisch Arnold, Fiechter 2022, 162–165; Horstmann, Kleymann 2019, insb. Kap. 1 und 5; Schruhl 2018, Kap. 5; Weitin 2017, 1–6; Willand, Reiter 2017, 178). Ein Vorzug des „integrative[n] Konzept[s]“ – so wird immer wieder betont – sei dessen Anlage, die eine Verbindung von „qualitativ-hermeneutische[n] und quantitativ-statische[n] Methoden“ erlaube (Weitin 2015, 2).<ref n="1" target="ftn1"/> Dementsprechend ist der von Mueller als „happy synthesis of ‚close‘ and ‚distant‘ reading“ (Mueller 2012, o.S.) angelegte Begriff des 
                    <hi rend="italic">scalable reading</hi> verbreitet als 
                    <hi rend="italic">mixed-methods-</hi>Ansatz wahrgenommen worden (vgl. etwa Herrmann 2018, § 5–7; Kleymann 2022, § 23–25) und wird in der Hauptsache als methodologisches Schlagwort verwendet, das die Verknüpfung qualitativer und quantitativer Methoden anzeigen soll (vgl. etwa Viehhauser 2017, Kap. 4 oder Krause und Pethes 2017, 108). Die unterschiedlichen Skalierungspraktiken, die dem Konzept anhaften, und das häufig betonte brückenbildende Potential von 
                    <hi rend="italic">scalable reading</hi> scheinen mir bislang aber noch nicht ausreichend reflektiert worden zu sein.<ref n="2" target="ftn2"/>
                </p>
                <p style="text-align: left; ">In einem ersten Schritt meines Beitrags werde ich die verschiedenen Dimensionen, auf die sich Muellers Konzeption von 
                    <hi rend="italic">scalable reading</hi> erstreckt, ausdifferenzieren und erläutern. Daran anschließend werde ich in einem zweiten Schritt am Beispiel von literarischen Netzwerkanalysen dramatischer Texte exemplarisch darlegen, wie sich etablierte computergestützte Methoden (vgl. Jannidis 2017, 147–161; Trilcke 2013, 201–247) zu diesen Dimensionen verhalten. Um das Konzept des 
                    <hi rend="italic">scalable reading</hi> für die analytische Praxis fruchtbar zu machen, scheint es mir grundlegend, die dafür angedachten computergestützten Methoden auf ihre Skalierbarkeit hin zu prüfen. Denn während Franco Moretti und Matthew Jockers mit ihren Begriffen 
                    <hi rend="italic">distant reading</hi> und 
                    <hi rend="italic">macroanalysis</hi> die gewohnte literaturwissenschaftliche „Beobachtungshaltung, die ihre Gegenstände auf einer ‚mittleren Skala‘ situier[t]“ (Spoerhase 2020, 7), als ungeeignet für eine umfassende Literaturgeschichtsschreibung kritisieren (vgl. etwa Moretti 2000a, 207–209),<ref n="3" target="ftn3"/> versucht Mueller mit 
                    <hi rend="italic">scalable reading</hi> Mikro-, Meso- und Makro-Skalen zusammenzudenken.
                </p>
            </div>
            <div type="div1" rend="DH-Heading1">
                <head>Die Dimensionen von 
                    <hi rend="italic">scalable reading</hi>
                </head>
                <p style="text-align: left; ">In einem programmatisch ausgerichteten Blogbeitrag hob Mueller 2012 hervor, wie ihn „[t]he charms of Google Earth“ (Mueller 2012, o.S.) zu 
                    <hi rend="italic">scalable reading</hi> als methodischer Metapher für die Betrachtung literarischer Texte geführt habe. Seine Überlegungen konzentrieren sich hauptsächlich auf die Operation des 
                    <hi rend="italic" xml:space="preserve">Zoomens </hi>(vgl. dazu Krautter, Willand 2020, 77–79). Durch Herein- und Herauszoomen würden in Google Earth unterschiedliche Repräsentationsformen entstehen, die je verschiedene Informationen tragen: „different properties of phenomena are revealed by looking at them from different distances“ (Mueller 2012, o.S.).<ref n="4" target="ftn4"/> Ein ähnliches Verfahren imaginiert Mueller nun auch für die Analyse literarischer Texte. Er zielt darauf ab, Verbindungslinien zwischen Einzeltextbetrachtungen und der Untersuchung größerer Zusammenhänge in Textsammlungen ziehen zu können und dabei die aufwändige Aufarbeitung von Kontexten, das Lesen sehr vieler Texte und letztlich die Identifikation von aufschlussreichen Mustern zu beschleunigen und zu vereinfachen.<ref n="5" target="ftn5"/> Grundlage dafür sind die verschiedenen Skalen, die sich hinter Muellers 
                    <hi rend="italic">reading</hi>- bzw. Analysebegriff verbergen. 
                    <hi rend="italic">Scalable reading</hi> erstreckt sich nach meiner Ansicht auf mindestens vier skalierbar gedachte analytische Dimensionen. 
                </p>
                <p style="text-align: left; ">Die Skalenpluralität beginnt erstens bei der Textgrundlage: Literarische Texte liegen in „einer weiten ‚Scale‘ von Surrogaten“ (Weitin 2015, 10) vor, die nebeneinander koexistieren: „Our typical encounter with a text is through a surrogate“ (Mueller 2013, o.S.). Mueller spricht an dieser Stelle von Surrogaten, da immer schon mit unterschiedlich gearteten Repräsentationen des Originals gearbeitet wurde und wird: Das können beispielsweise Faksimiles, Text- und Werkausgaben, Digitalisate oder auch speziell kodierte Textsammlungen sein (vgl. dazu Mueller 2014, § 4–20). Surrogate können darüber hinaus in stark transformierter oder abstrahierter Form auftreten, beispielsweise in Gestalt von Häufigkeitswortlisten. Auch die Netzwerkanalyse fußt demnach auf Surrogaten. Peer Trilcke und Frank Fischer sprechen von einem „Zwischenformat“, das in ihrem Fall nur noch diejenigen Strukturinformationen der Dramen vorhalte, die zur Netzwerkerstellung herangezogen werden (Trilcke, Fischer 2018, Kap. 3). Der Dramentext selbst ist nicht mehr Teil des Zwischenformats.</p>
                <p style="text-align: left; ">An diese unterschiedlichen Repräsentationsformen von Literatur ist zweitens die Frage des Umfangs geknüpft: Wie groß ist der Untersuchungsgegenstand? Handelt es sich nur um einen einzelnen Text, vielleicht sogar nur um einen Ausschnitt des Textes, oder aber um eine größere Sammlung von Texten? Wie umfangreich ist diese Sammlung? Nicht nur die Zahl der zu betrachtenden Texte, auch die Textsorte kann hier Teil der Skalierungsfrage sein: Sollen kurze Novellen oder 1000-seitige Langromane untersucht werden, ein kurzer Einakter oder Karl Kraus’ monumentales Lesedrama 
                    <hi rend="italic">Die letzten Tage der Menschheit</hi>, in dem in 220 Szenen fast 1000 sprechende Figuren auftreten (vgl. Fischer u.a. 2020, 279).
                </p>
                <p style="text-align: left; ">Drittens stellt sich die Frage nach der Größe der Analyseeinheiten. Morettis 
                    <hi rend="italic">distant reading</hi> grenzt sich, wie Carlos Spoerhase herausgearbeitet hat, von der üblichen Meso-Skala literaturwissenschaftlicher Untersuchungen ab, bei der das Verständnis eines oder einiger weniger literarischer Texte im Fokus stehe (vgl. Spoerhase 2020, 7). Für Moretti ist dagegen alles interessant, was abseits dieser mittleren Skala liegt, das sind „units that are much smaller or much larger than the text“ (Moretti 2000b, 57). Moretti geht es also nicht mehr um die ganzheitliche Interpretation von Texten, sondern um Mikro- und Makro-Eigenschaften von Textsammlungen, wie die Verteilung einzelner Wortformen oder die diachrone Entwicklung von Gattungen. Anders als 
                    <hi rend="italic">close reading</hi>, das an die Meso-Skala gebunden sei, würden 
                    <hi rend="italic">distant reading</hi> oder 
                    <hi rend="italic">macroanalysis</hi> hinsichtlich der Analyseeinheiten sowohl ein „zooming in“ als auch ein „zooming out“ ermöglichen (Jockers 2013, 23). Auch Mueller betont, dass quantitative Methoden gleichermaßen ein Heraus- wie ein Hereinzoomen erlauben würden. Die Metapher des Zoomens ist bei ihm aber nicht an ein bestimmtes methodisches Instrumentarium gebunden (vgl. Mueller 2014, § 31). 
                </p>
                <p style="text-align: left; ">Mueller denkt die methodische Bezugsgröße viertens vielmehr selbst auf einer Art Skala. Wie Weitin gemeinsam mit Thomas Gilli und Nico Kunkel (2016, 115) herausstellt, umfasse 
                    <hi rend="italic">scalable reading</hi> bei Mueller nämlich „prinzipiell alle Akte des Lesens und Analysierens von Texten“. Unterschiedliche qualitative und quantitative Methoden würden dann gleichberechtigt nebeneinanderstehen und könnten den analytischen Anforderungen der Fragestellung und der gewählten Textsammlung gemäß kombinatorisch zusammengedacht werden. Anders als es das Begriffspaar 
                    <hi rend="italic">close</hi> und 
                    <hi rend="italic">distant reading</hi> nahelegt, ist der Einsatzzweck verschiedener Formen der Analyse bei Mueller nicht im Vorhinein determiniert. Relevant ist für ihn stattdesse, wie sich qualitative und quantitative Methoden für eine bestimmte Fragestellung so kombinieren lassen, dass ein analytischer Mehrwert entsteht.
                </p>
            </div>
            <div type="div1" rend="DH-Heading1">
                <head>Praktische Überlegungen zum scalable reading</head>
                <p style="text-align: left; ">Im folgenden Abschnitt möchte ich die mit einer Praxis des 
                    <hi rend="italic">scalable reading</hi> verbundenen Herausforderungen genauer beleuchten. Zur Veranschaulichung greife ich dabei auf literarische Netzwerkanalysen zurück. Abbildung 1 zeigt ein Kopräsenznetzwerk von Friedrich Schillers 
                    <hi rend="italic">Die Räuber </hi>(1781). Jeder Knoten im Netzwerk repräsentiert eine Figur des Dramas, die Kanten zwischen zwei Knoten zeigen an, dass die beiden verbundenen Figuren innerhalb eines bestimmten Textsegments interagieren. Im vorliegenden Fall bedeutet Interaktion, dass die beiden Figuren in der gleichen Szene sprechen (vgl. Trilcke u.a. 2015, 1). Solche Netzwerke können automatisiert erstellt werden, wenn die digitalisierten Dramen entsprechend kodiert vorliegen, wie es etwa beim 
                    <hi rend="italic" xml:space="preserve">Drama Corpora Project </hi>der Fall ist (siehe Fischer u.a. 2019).<ref n="6" target="ftn6"/> Dadurch lässt sich eine große Zahl an Netzwerken nicht nur visuell, sondern vor allem mit Blick auf mathematische Netzwerkmetriken vergleichen. 
                </p>
                <p style="text-align: left; ">Die Automatisierung führt jedoch zu einigen Einschränkungen. So ist die oben dargelegte Formalisierung von Figureninteraktionen zwar ähnlich, aber nicht deckungsgleich mit dem von Solomon Marcus (1973, 358) vorgeschlagenen und zum kodifizierten Handbuchwissen (vgl. etwa Pfister 2011, 235–240) gewordenen Begriff der Konfiguration. Die Figurenkonfiguration eines Dramas ändert sich immer dann, wenn eine Figur die Bühne betritt oder verlässt, also das am Bühnengeschehen beteiligte Personal zumindest in Teilen wechselt. Dramen, die Prinzipien des französischen Klassizismus folgen, sind durch die im Nebentext markierten Auf- und Abtritte strukturiert. Konfiguration und Szenengrenze fallen dann – zumindest in der Theorie – zusammen. Anders ist das bei Stücken, die sich an Shakespeares Poetik orientieren. Hier sind die Szenengrenzen zumeist an einen Ortswechsel gebunden. Daher können Figuren auf- oder abtreten, ohne dass zwangsläufig eine neue Szene konstituiert wird. Da Auf- und Abtritte von Figuren im 
                    <hi rend="italic">Drama Corpora Project</hi> (noch) nicht kodiert sind, ist die automatisierte Erstellung von Kopräsenznetzwerken auf die Szenengrenzen als Segmentierung angewiesen.<ref n="7" target="ftn7"/> Das kann Begleiterscheinungen zur Folge haben, die es in der Untersuchung zu reflektieren gilt. Schillers Stück 
                    <hi rend="italic">Die Räuber</hi> ist dafür ein gutes Beispiel. So hat schon Marcus (1973, 326–333) darauf hingewiesen, dass sich zwischen der Anzahl an Szenen und der Anzahl an Konfigurationen eine große Diskrepanz auftue. Im Verlauf der 15 Szenen von 
                    <hi rend="italic">Die Räuber</hi> zählt Marcus ganze 78 Konfigurationen.
                </p>
                <p style="text-align: left; ">Nun stellt sich die Frage, wie sich solche Kopräsenznetzwerke sinnvollerweise in die etablierte Dramenanalyse integrieren lassen. Einen prominenten Versuch, Netzwerkanalysen in den Verstehensprozess literarischer Texte zu integrieren, unternimmt Moretti in seinem Essay 
                    <hi rend="italic" xml:space="preserve">Network Theory, Plot Analysis </hi>(2011). Entgegen seiner Rhetorik der 
                    <hi rend="italic">large scale</hi> erprobt er die Methode nur an einzelnen literarischen Texten, insbesondere an Shakespeares 
                    <hi rend="italic" xml:space="preserve">Hamlet </hi>(1609). Sein Vorgehen lässt sich als 
                    <hi rend="italic">close reading</hi> von Netzwerkvisualisierungen beschreiben. Moretti zerlegt die Visualisierungen in verschiedene Teile und versucht seine netzwerkanalytischen Beobachtungen anschließend mit generellen textanalytischen Erkenntnissen zu verbinden (vgl. Moretti 2011, 3–7).
                </p>
                <figure>
                    <graphic n="1001" width="15.19cm" height="10.089444444444444cm" url="Pictures/5ad4109c26ad431522930b6b8ba14cb2.png" rend="inline"/>
                    <head><p style="text-align: left; ">Abbildung 1: Kopräsenznetzwerk von Friedrich Schillers Die Räuber (GEM force directed layout algorithm). Die Knotengröße repräsentiert den Grad. </p></head>
                </figure>
                <p style="text-align: left; ">Wie verhält sich Morettis Studie aber zu Muellers 
                    <hi rend="italic">scalable reading</hi> und wie lässt sie sich hinsichtlich der vier von mir herausgearbeiteten Dimensionen (Textgrundlage, Größe des Untersuchungsgegenstandes, Analyseeinheiten und Methoden) einordnen? Verglichen mit einer herkömmlichen Interpretation von 
                    <hi rend="italic" xml:space="preserve">Hamlet </hi>ist die auffälligste Veränderung mit Sicherheit die fundamentale Modifizierung der Textgrundlage. Moretti interpretiert nicht den Dramentext, sondern ein auf Strukturdaten basierendes abstraktes Netzwerk in Form von Knoten und Kanten. Die Größe des Untersuchungsgegenstandes bleibt zwar auf einen literarischen Text beschränkt, das spezifische Surrogat beziehungsweise Textmodell gibt aber die im Zentrum der Untersuchung stehenden Analyseeinheiten vor: Untersucht wird die zu einem Figurennetzwerk subsumierte Kopräsenz von Dramenfiguren. Aufschlussreich ist Morettis methodisches Vorgehen. Grundlage des Netzwerks sind quantitative Strukturdaten. Erkenntnisse gewinnt er aber vor allem im Modus der Interpretation und nur äußerst begrenzt aus statistischen Auswertungen der mathematischen Netzwerkmetriken. Moretti beschreibt das als „using networks to gain intuitive knowledge of plot structures“ (Moretti 2011, 12). Entspricht das nun Muellers Vorstellung von 
                    <hi rend="italic" xml:space="preserve">scalable reading? </hi>
                    <hi rend="color(242021)">Insbesondere Morettis Schlussfolgerung ist dahingehend bezeichnend. Seine Analysen, so urteilt er, würden nämlich nach einer „radical reconceptualization of characters and their hierarchy“ in der Literaturwissenschaft verlangen (Moretti 2011, 5). Etablierte Konzepte – etwa das Protagonistenkonzept – ließen sich aus seiner Perspektive kaum produktiv mit seinen netzwerkanalytischen Ergebnissen verbinden. Denn die explanative Funktion abstrakter Modelle sei mit „concepts of ‚consciousness‘ and ‚interiority‘“ nicht kompatibel (Moretti 2011, 4). Für Moretti ist es demnach nicht einmal dann erstrebenswert, die Netzwerkanalyse in die typische Meso-Skala literaturwissenschaftlicher Interpretationen zu integrieren, wenn nur ein einzelner Text untersucht wird. Denn schon hier zielt er auf textübergreifende Konzepte ab. Beim Zoomen zwischen Mikro- und Makro-Ebene, so ließe sich schließen, wird die Meso-Skala übersprungen.</hi>
                </p>
                <p style="text-align: left; ">Abbildung 1 verdeutlicht zudem, dass nicht alle Kopräsenznetzwerke vom „‚intermediate‘ status of visualization“ profitieren, den Moretti in seinem Essay als so wichtig erachtet (Moretti 2011, 11). Das Netzwerk von Schillers 
                    <hi rend="italic" xml:space="preserve">Die Räuber </hi>kann nämlich auch in die Irre führen. Die getrennten Sphären von Familie und Räubern, die die Struktur des Stücks in den ersten drei Akten stark prägen (vgl. Krautter, Willand 2021, 115–118), lassen sich in der Abbildung nicht identifizieren. Ganz im Gegenteil: Die Netzwerkvisualisierung stellt die Räuberbande, insbesondere Schwarz, Grimm und Karl Moor ins Zentrum des Dramas, während die Familie um Franz, den alten Moor und Amalia an den Rand rückt. Grund dafür ist der Grad der entsprechenden Knoten. Dabei handelt es sich um eine simple Metrik, die die Anzahl an Kanten misst, die ein Knoten auf sich vereint (vgl. Newman 2010, 168–169). Während Schwarz und Grimm alle 25 möglichen Verbindungen zu anderen Figuren realisieren, sind es bei Franz nur deren zwölf. Selbst Moretti würde von Schwarz’ und Grimms Zentralität aber kaum darauf schließen, dass sie die Hauptfiguren des Stücks sind. Zu marginal ist ihr Einfluss auf die Handlung, zu gering sind ihre Redeanteile. 
                </p>
                <p style="text-align: left; ">Der Mehrwert solcher Figurennetzwerke wird jedoch meist auf die Analyse größerer Textsammlungen verschoben, die schon aufgrund ihrer Menge nur schwer durch 
                    <hi rend="italic">close reading</hi> erschließbar erscheinen (vgl. Trilcke, Fischer 2018, Kap. 3). Hinsichtlich der vier Dimensionen würde das einer Höherskalierung des Untersuchungsgegenstands entsprechen. Ziel ist es hierbei, die als Netzwerke modellierten literarischen Texte durch mathematische Metriken – wie den Grad der Knoten – in einen Vergleichszusammenhang zu stellen. Davon sind auch die Analyseeinheiten betroffen. Die Kopräsenzen der Figuren sind zwar weiterhin die Grundlage der Analyse, als infratextuelle Merkmale sollen sich durch sie aber supratextuelle Muster identifizieren lassen. Hierdurch könnten sich, so die Hoffnung, entweder neue Einsichten in die Literaturgeschichte ergeben oder existierende Hypothesen anhand umfassender Textsammlungen nachvollzogen werden.
                </p>
                <p style="text-align: left; ">
                <figure>
                    <graphic n="1002" width="15.188897222222222cm" height="11cm" url="Pictures/8f28cc61fdcbaa091b554b3061f8a9e0.png" rend="inline"/>
                    <head><lb/>Abbildung 2: Durchschnittlicher Grad von 583 deutschsprachigen Dramen. Die Abbildung zeigt die Mittelwerte pro Dekade.</head>
                </figure>
                </p>
                <p style="text-align: left; ">Abbildung 2 zeigt ein Beispiel für eine diachrone Analyse anhand 583 deutschsprachiger Dramen, die zwischen 1730 und 1930 veröffentlicht oder uraufgeführt wurden (German Drama Corpus). Die Abbildung reproduziert eine Untersuchung von Trilcke und Fischer (2018, Abbildung 6). Wie Trilcke und Fischer habe ich aus dem durchschnittlichen Grad der einzelnen Dramen die Mittelwerte für jedes Jahrzehnt von 1730 bis 1930 ermittelt. Rein deskriptiv ist festzuhalten, dass der durchschnittliche Grad ab dem späten 18. Jahrhundert langsam ansteigt. Zwischen 1830 und 1880 sind dann nur relativ geringe Schwankungen zu erkennen, ehe auf einen Anstieg bis etwa 1890 ein abrupter Fall und ein erneuter starker Anstieg folgen. Trilcke und Fischer haben diese Werte als Indikator dafür gedeutet, dass Dramatiker:innen mit ihren Stücken „auf die gesellschaftliche Modernisierung und Ausdifferenzierung seit der zweiten Hälfte des 18. Jahrhunderts“ reagieren. Sie weisen im Anschluss gleichwohl darauf hin, dass diese Erkenntnis nichts Neues sei (Trilcke, Fischer 2018, Kap. 4.1). Mit Fotis Jannidis (2019, 65) gesprochen lässt sich diese Art der Wissenskonsolidierung als Form der „Kreuzpeilung“ begreifen.</p>
                <p style="text-align: left; ">Wie überzeugend ist diese Deutung der Werte aber? Vergleicht man den Werteverlauf des durchschnittlichen Grads in Abbildung 2 mit der Zahl der auftretenden Figuren aus Abbildung 3, scheint ein Zusammenhang zu bestehen. Die Berechnung der Korrelation zwischen Grad und Figurenzahl bestätigt diese Relation: 
                    <hi rend="ilfuvd">Spearman’s 
                        <hi rend="italic" xml:space="preserve">ρ </hi>beträgt 0,75. Aus konzeptioneller Perspektive erscheint der Zusammenhang schlüssig. Je größer die Zahl der auftretenden Figuren, umso höher ist der maximal mögliche Grad einer Figur. Gleichzeitig sinkt mit steigender Figurenzahl die Wahrscheinlichkeit, dass alle möglichen Kanten tatsächlich realisiert werden. Folglich sinkt die Dichte des Netzwerks. Die diachrone Analyse des durchschnittlichen Grads beruht also zu großen Teilen auf der sich verändernden Anzahl auftretender Figuren in den Dramen. Ob und wie die Interaktion der Figuren davon beeinflusst wird, müsste jedoch genauer untersucht werden. Dabei könnten Netzwerkmetriken, die die Zentralität eines Knotens möglichst unabhängig von der Netzwerkgröße ermitteln, künftig eine wichtige Rolle einnehmen (vgl. Szemes, Vida 2023 [in Vorb.]).
                    </hi>
                </p>
                <figure>
                    <graphic n="1003" width="15.18796388888889cm" height="11cm" url="Pictures/4d4e61255cb555955329fca1fc476e43.png" rend="inline"/>
                    <head><p style="text-align: left; ">Abbildung 3: Zahl der Figuren (schwarz) und durchschnittlicher Grad (grau) von 583 deutschsprachigen Dramen. Die Abbildung zeigt die Mittelwerte pro Dekade.</p></head>
                </figure>
            </div>
            <div type="div1" rend="DH-Heading1">
                <head>Fazit</head>
                <p style="text-align: left; ">Die vier von mir beschriebenen Dimensionen des 
                    <hi rend="italic">scalable reading</hi> können helfen, Möglichkeiten und Grenzen der Skalierung mit Bezug auf spezifische Forschungsfragen oder das methodische Vorgehen auszuloten. Wie meine Ausführungen gezeigt haben, sind die Textgrundlage, die Größe des Untersuchungsgegenstandes, die Analyseeinheiten und die eingesetzten Methoden nicht als voneinander unabhängige Variablen zu denken. So ist es einerseits nicht selbstverständlich, dass Kopräsenznetzwerke für die typische literaturwissenschaftliche Meso-Skala produktiv gemacht werden können. Bei der Höherskalierung des Untersuchungsgegenstandes ist es andererseits wichtig, die Werte der Netzwerkmetriken zu kontextualisieren und zu reflektieren, da die Analyseeinheiten als stark abstrahierte Datenwerte repräsentiert werden. Die immer wieder als zentral erachtete Verbindung von Einzeltextlektüren mit der Analyse größerer Textsammlungen (vgl. Weitin 2017, 1) steht somit nicht nur vor der Herausforderung, qualitative und quantitative Methoden zu kombinieren. In Abhängigkeit davon müssten zeitgleich unterschiedliche Textgrundlagen, unterschiedlich skalierte Untersuchungsgegenstände und unterschiedliche Analyseeinheiten gewinnbringend zusammengeführt werden.
                </p>
            </div>
        </body>
        <back>
<div type="notes">
<note rend="footnote text" xml:id="ftn1" n="1">
                         Weniger optimistisch zeigt sich Weitin in seiner kürzlich erschienenen Monografie 
                            <hi rend="italic">Digitale Literaturgeschichte</hi>. Dort konstatiert er, dass sich Muellers Metapher des skalierbaren Lesens als
                            <hi rend="italic" xml:space="preserve"> „</hi>hauptsächlich irreführend“ herauskristallisiert habe. Er differenziert 
                            <hi rend="italic">scalable reading</hi> deshalb zu 
                            <hi rend="italic">reading at scale</hi>, das die einmalige Skalenjustierung vor der Analyse fokussiert (Weitin 2021, 116).
                        
                    </note>
<note rend="footnote text" xml:id="ftn2" n="2">
                         Friederike Schruhl kritisiert mit Blick auf die Anwendungspraxis, dass meist unklar bleibe, „was eigentlich in einem […] 
                            <hi rend="italic">scalable reading</hi> ganz 
                            <hi rend="italic" xml:space="preserve">konkret </hi>getan werden müsste.“ (Schruhl 2018, Kap. 5).
                        
                    </note>
<note rend="footnote text" xml:id="ftn3" n="3">
                         In einem vor kurzem publizierten Aufsatz bezweifelt Moretti ganz grundsätzlich, dass sich qualitative und quantitative Methoden hinsichtlich derselben Fragestellung überhaupt sinnvoll synthetisieren ließen (vgl. Moretti 2020, S. 133–136).
                    </note>
<note rend="footnote text" xml:id="ftn4" n="4">
                         Die Analogie zu 
                            <hi rend="italic">Google Earth</hi> und die Metaphorik des Zoomens wurden durchaus kritisch betrachtet (vgl. Weitin 2017, 2). Marcus Willand (2017, 84) problematisiert etwa, dass Mueller eine „graduelle Skalierbarkeit […] des menschlichen Lesens und […] des computergestützten Analysierens“ impliziere.
                        
                    </note>
<note rend="footnote text" xml:id="ftn5" n="5">
                         Mueller veranschaulicht dies beispielhaft an Bibelkonkordanzen (vgl. Mueller 2012 und 2013).
                    </note>
<note rend="footnote text" xml:id="ftn6" n="6">
                         https://dracor.org/.
                    </note>
<note rend="footnote text" xml:id="ftn7" n="7">
                         Es sei denn, man trainiert selbst ein Modell, das die Auf- und Abtritte automatisch identifiziert.
                    </note></div>
            <div type="bibliogr">
                <listBibl>
                    <head>Bibliographie</head>
                    <bibl style="text-align: left; ">Arnold, Frederik und Benjamin Fiechter. 2022. „Lesen, was wirklich wichtig ist. Die Identifikation von Schlüsselstellen durch ein neues Instrument zur Zitationsanalyse.“ In 
                        <hi rend="italic">DHd 2022. Konferenzabstracts</hi>: 162–166. DOI: 10.5281/zenodo.6304590. 
                    </bibl>
                    <bibl style="text-align: left; ">Fischer, Frank, Anna Busch, Angelika Hechtl, Peer Trilcke und Andreas Vogel. 2020. „Besuch im ‚Marstheater‘ – Eine Netzwerkmodellierung von Karl Kraus’ Riesendrama ‚Die letzten Tage der Menschheit‘.“ In 
                        <hi rend="italic">DHd 2020. Konferenzabstracts</hi>: 278–280. DOI: 10.5281/zenodo.3666690.
                    </bibl>
                    <bibl style="text-align: left; ">Fischer, Frank, Ingo Börner, Mathias Göbel, Angelika Hechtl, Christopher Kittel, Carsten Milling und Peer Trilcke. 2019. „Programmable Corpora. Die digitale Literaturwissenschaft zwischen Forschung und Infrastruktur am Beispiel von DraCor.“ In 
                        <hi rend="italic">DHd 2019. Konferenzabstracts</hi>: 194–197. DOI: 10.5281/zenodo.2596095.
                    </bibl>
                    <bibl style="text-align: left; ">Herrmann, J. Berenike. 2018. „In a Test Bed with Kafka. Introducing a Mixed-Method Approach to Digital Stylistics.“ In 
                        <hi rend="italic">Digital Humanities Quarterly</hi> 11/4. http://www.digitalhumanities.org/dhq/vol/11/4/000341/000341.html (zugegriffen: 15.12.2022).
                    </bibl>
                    <bibl style="text-align: left; ">Horstmann, Jan und Rabea Kleymann. 2019. „Alte Fragen, neue Methoden – Philologische und digitale Verfahren im Dialog. Ein Beitrag zum Forschungsdiskurs um Entsagung und Ironie bei Goethe.“ In 
                        <hi rend="italic">Zeitschrift für digitale Geisteswissenschaften</hi>. DOI: 10.17175/2019_007.
                    </bibl>
                    <bibl style="text-align: left; ">Jannidis, Fotis. 2017. „Netzwerke.“ In 
                        <hi rend="italic">Digital Humanities. Eine Einführung</hi>, hg. von Fotis Jannidis, Hubertus Kohle und Malte Rehbein, 147–161. Stuttgart: J.B. Metzler. 
                    </bibl>
                    <bibl style="text-align: left; ">Jannidis, Fotis. 2019. „Digitale Geisteswissenschaften: Offene Fragen – schöne Aussichten.“ In 
                        <hi rend="italic" xml:space="preserve">Zeitschrift für Medien- und Kulturforschung </hi>10/1: 63–70.
                    </bibl>
                    <bibl style="text-align: left; ">Kleymann, Rabea. 2022. „Datendiffraktion. Von Mixed zu Entangled Methods in den Digital Humanities.“ In 
                        <hi rend="italic">Zeitschrift für digitale Geisteswissenschaften</hi>. DOI: 10.17175/sb005_008.
                    </bibl>
                    <bibl style="text-align: left; ">Krause, Marcus und Nicolas Pethes. 2017. „Scholars in Action. Zur Autoreferentialität philologischen Wissens im Wandel medialer Praktiken.“ In 
                        <hi rend="italic" xml:space="preserve">Deutsche Vierteljahrsschrift für Literaturwissenschaft und Geistesgeschichte </hi>91/1: 73–108.
                    </bibl>
                    <bibl style="text-align: left; ">Krautter, Benjamin und Marcus Willand. 2020. „Close, Distant, Scalable. Skalierende Textpraktiken in der Literaturwissenschaft und den Digital Humanities.“ In 
                        <hi rend="italic">Ästhetik der Skalierung</hi>, hg. von Carlos Spoerhase, Steffen Siegel und Nikolaus Wegmann, 77–97. Hamburg: Felix Meiner Verlag.
                    </bibl>
                    <bibl style="text-align: left; ">Krautter, Benjamin und Marcus Willand. 2021. „Vermessene Figuren. Karl und Franz Moor im quantitativen Vergleich.“ In 
                        <hi rend="italic">Schillers Feste der Rhetorik</hi>, hg. von Peter-André Alt und Stefanie Hundehege, 107–138. Berlin, Boston: De Gruyter.
                    </bibl>
                    <bibl style="text-align: left; ">Marcus, Solomon. 1973 [1970]. „Mathematische Poetik.“ Übers. von Edith Mândroiu. Frankfurt a. M.: Athenäum.</bibl>
                    <bibl style="text-align: left; ">Moretti, Franco. 2000a. „The Slaughterhouse of Literature.“ In 
                        <hi rend="italic" xml:space="preserve">Modern Language Quarterly </hi>61/1: 207–227.
                    </bibl>
                    <bibl style="text-align: left; ">Moretti, Franco. 2000b. „Conjectures on World Literature.“ In 
                        <hi rend="italic" xml:space="preserve">New Left Review </hi>1: 54–68.
                    </bibl>
                    <bibl style="text-align: left; ">Moretti, Franco. 2011. „Network Theory, Plot Analysis.“ In 
                        <hi rend="italic" xml:space="preserve">Pamphlets of the Stanford Literary Lab </hi>2: 1–12. https://litlab.stanford.edu/LiteraryLabPamphlet2.pdf (zugegriffen: 15.12.2022).
                    </bibl>
                    <bibl style="text-align: left; ">Moretti, Franco. 2020. „The Roads to Rome. Literary Studies, Hermeneutics, Quantification.“ In 
                        <hi rend="italic">New Left Review</hi> 124 (2020): 125–136.
                    </bibl>
                    <bibl style="text-align: left; ">Mueller, Martin. 2012. 
                        <hi rend="italic">Scalable Reading</hi>. 
                        <hi rend="cf01">https://web.archive.org/web/20211201185120/https://sites.northwestern.edu/scalablereading/2020/04/26/scalable-reading/</hi> (zugegriffen: 15.12.2022).
                    </bibl>
                    <bibl style="text-align: left; ">Mueller, Martin. 2013 [2008]. 
                        <hi rend="italic">Morgenstern’s Spectacles or the Importance of Not-Reading</hi>. https://web.archive.org/web/20220120104041/https://scalablereading.northwestern.edu/2013/01/21/morgensterns-spectacles-or-the-importance-of-not-reading/ (zugegriffen: 15.12.2022).
                    </bibl>
                    <bibl style="text-align: left; ">Mueller, Martin. 2014. „Shakespeare His Contemporaries. Collaborative Curation and Exploration of Early Modern Drama in a Digital Environment.“ In 
                        <hi rend="italic" xml:space="preserve">Digital Humanities Quarterly </hi>8/3. http://digitalhumanities.org:8081/dhq/vol/8/3/000183/000183.html (zugegriffen: 15.12.2022).
                    </bibl>
                    <bibl style="text-align: left; ">Newman, Mark E. J. 2010. 
                        <hi rend="italic">Networks. An Introduction</hi>. Oxford, New York: Oxford University Press.
                    </bibl>
                    <bibl style="text-align: left; ">Trilcke, Peer. 2013. „Social Network Analysis (SNA) als Methode einer textempirischen Literaturwissenschaft.“ In 
                        <hi rend="italic">Empirie in der Literaturwissenschaft</hi>, hg. von Philip Ajouri, Katja Mellmann und Christoph Rauen, 201–247. Münster: Mentis.
                    </bibl>
                    <bibl style="text-align: left; ">Trilcke, Peer und Frank Fischer. 2018. „Literaturwissenschaft als Hackathon. Zur Praxeologie der Digital Literary Studies und ihren epistemischen Dingen.“ In 
                        <hi rend="italic">Zeitschrift für digitale Geisteswissenschaften</hi>. DOI: 
                        <hi rend="fontstyle01">10.17175/sb03.</hi>
                    </bibl>
                    <bibl style="text-align: left; ">Trilcke, Peer, Frank Fischer und Dario Kampkaspar. 2015. „Digital Network Analysis of Dramatic Texts.“ In 
                        <hi rend="italic">Book of Abstracts DH 2015</hi>. DOI: 10.5281/zenodo.3627711.
                    </bibl>
                    <bibl style="text-align: left; ">Schruhl, Friederike. 2018. „Objektumgangsnormen in der Literaturwissenschaft.“ In 
                        <hi rend="italic">Zeitschrift für digitale Geisteswissenschaften</hi>. DOI: 10.17175/sb003_012.
                    </bibl>
                    <bibl style="text-align: left; ">Spoerhase, Carlos. 2020. „Skalierung. Ein ästhetischer Grundbegriff der Gegenwart.“ In 
                        <hi rend="italic">Ästhetik der Skalierung</hi>, hg. von Carlos Spoerhase, Steffen Siegel und Nikolaus Wegmann, 5–15. Hamburg: Felix Meiner Verlag.
                    </bibl>
                    <bibl style="text-align: left; ">Szemes, Botond und Bence Vida. 2023 (in Vorb.). „Tragic and Comical Networks. Clustering Dramatic Genres According to Structural Properties.“ In 
                        <hi rend="italic">Computational Drama Analysis. Reflecting Methods and Interpretations</hi>, hg. von Melanie Andresen und Nils Reiter. Berlin, Boston: De Gruyter.
                    </bibl>
                    <bibl style="text-align: left; ">Viehhauser, Gabriel. 2017. „Digitale Gattungsgeschichten. Minnesang zwischen generischer Konstanz und Wende.“ In 
                        <hi rend="italic">Zeitschrift für digitale Geisteswissenschaften</hi>. DOI: 10.17175/2017_003.
                    </bibl>
                    <bibl style="text-align: left; ">Weitin, Thomas. 2015. „Thinking slowly. Literatur lesen unter dem Eindruck von Big Data.“ In 
                        <hi rend="italic" xml:space="preserve">LitLingLab Pamphlet </hi>1: 1–17. https://www.digitalhumanitiescooperation.de/wp-content/uploads/2019/06/p01_weitin-thinking-slowly_de.pdf (zugegriffen: 15.12.2022).
                    </bibl>
                    <bibl style="text-align: left; ">Weitin, Thomas. 2017. „Scalable Reading.“ In 
                        <hi rend="italic">Zeitschrift für Literaturwissenschaft und Linguistik</hi> 47/1: 1–6.
                    </bibl>
                    <bibl style="text-align: left; ">Weitin, Thomas. 2021. 
                        <hi rend="italic">Digitale Literaturgeschichte</hi>.
                        <hi rend="italic" xml:space="preserve"> Eine Versuchsreihe mit sieben Experimenten</hi>. Berlin, Heidelberg: J.B. Metzler. 
                    </bibl>
                    <bibl style="text-align: left; ">Willand, Marcus. 2017. „Hermeneutische Interpretation und digitale Analyse: Versuch einer Verhältnisbestimmung.“ In 
                        <hi rend="italic">Lektüren. Positionen zeitgenössischer Philologie</hi>, hg. von Luisa Banki und Michael Scheffel, 77–98. Trier: Wissenschaftlicher Verlag Trier.
                    </bibl>
                    <bibl style="text-align: left; ">Willand, Marcus und Nils Reiter. 2017. „Geschlecht und Gattung. Digitale Analysen von Kleists ‚Familie Schroffenstein‘.“ In 
                        <hi rend="italic">Kleist-Jahrbuch</hi>: 177–195.
                    </bibl>
                </listBibl>
            </div>
        </back>
    </text>
</TEI>
