<?xml version="1.0" encoding="UTF-8"?>
<TEI xml:id="PICHLER_Axel_Urheberrechtlich_gesch_tzte_Texte_nachnutzen___" xmlns="http://www.tei-c.org/ns/1.0">
    <teiHeader>
        <fileDesc>
            <titleStmt>
                <title>Urheberrechtlich geschützte Texte nachnutzen – Der XSample-Workflow</title>
                <author>
                    <persName>
                        <surname>Andresen</surname>
                        <forename>Melanie</forename>
                    </persName>
                    <affiliation>Universität Stuttgart, Deutschland</affiliation>
                    <email>melanie.andresen@ims.uni-stuttgart.de</email>
                    <idno type="ORCID">0000-0002-3913-1273</idno>
                </author>
                <author>
                    <persName>
                        <surname>Gaertner</surname>
                        <forename>Markus</forename>
                    </persName>
                    <affiliation>Universität Stuttgart, Deutschland</affiliation>
                    <email>markus.gaertner@ims.uni-stuttgart.de</email>
                </author>
                <author>
                    <persName>
                        <surname>Jacke</surname>
                        <forename>Janina</forename>
                    </persName>
                    <affiliation>Universität Stuttgart, Deutschland</affiliation>
                    <email>janina.jacke@uni-goettingen.de</email>
                </author>
                <author>
                    <persName>
                        <surname>Ketschik</surname>
                        <forename>Nora</forename>
                    </persName>
                    <affiliation>Universität Stuttgart, Deutschland</affiliation>
                    <email>nora.ketschik@ilw.uni-stuttgart.de</email>
                </author>
                <author>
                    <persName>
                        <surname>Pichler</surname>
                        <forename>Axel</forename>
                    </persName>
                    <affiliation>Universität Stuttgart, Deutschland</affiliation>
                    <email>axel.pichler@ts.uni-stuttgart.de</email>
                </author>
            </titleStmt>
            <editionStmt>
                <edition>
                    <date>2022-07-15T10:28:00Z</date>
                </edition>
            </editionStmt>
            <publicationStmt>
                    <publisher>Culture and Computation Lab</publisher>
                    <address>
                        <addrLine>Université du Luxembourg</addrLine>
                        <addrLine>2, Avenue de l'Université</addrLine>
                        <addrLine>L-4365 Esch-sur Alzette</addrLine>
                        <addrLine>Luxembourg</addrLine>
                    </address>
                    <publisher>Luxembourg Centre for Contemporary and Digital History</publisher>
                    <address>
                        <addrLine>Université du Luxembourg</addrLine>
                        <addrLine>2, Avenue de l'Université</addrLine>
                        <addrLine>L-4365 Esch-sur Alzette</addrLine>
                        <addrLine>Luxembourg</addrLine>
                    </address>
                    <publisher>Trier Center for Digital Humanities</publisher>
                    <address>
                        <addrLine>Universität Trier</addrLine>  
                        <addrLine>Universitätsring 15</addrLine>
                        <addrLine>54296 Trier</addrLine>
                        <addrLine>Deutschland</addrLine>
                    </address>
                </publicationStmt>
            <sourceDesc>
                <p>Converted from a Word document</p>
            </sourceDesc>
        </fileDesc>
        <encodingDesc>
            <appInfo>
                <application ident="DHCONVALIDATOR" version="1.22">
                    <label>DHConvalidator</label>
                </application>
            </appInfo>
        </encodingDesc>
        <profileDesc>
            <textClass>
                <keywords scheme="ConfTool" n="category">
                    <term>Paper</term>
                </keywords>
                <keywords scheme="ConfTool" n="subcategory">
                    <term>Posterpräsentation</term>
                </keywords>
                <keywords scheme="ConfTool" n="keywords">
                    <term>Forschungsdaten</term>
                    <term>Textauszüge</term>
                    <term>Nachnutzung</term>
                </keywords>
                <keywords scheme="ConfTool" n="topics">
                    <term>Archivierung</term>
                    <term>Veröffentlichung</term>
                    <term>Daten</term>
                    <term>Methoden</term>
                    <term>Forschungsprozess</term>
                    <term>virtuelle Forschungsumgebungen</term>
                </keywords>
            </textClass>
        </profileDesc>
    </teiHeader>
    <text>
        <body>
            <p style="text-align: left; ">Eines der Hindernisse, die der freien Weitergabe von Forschungsdaten im Sinne der Open-Science-Bewegung im Wege stehen, ist das Urheberrecht (UrhG). Dieses erschwert die Einhaltung der guten wissenschaftlichen Praxis und der FAIR-Prinzipien (Wilkinson et al. 2016) insbesondere bei Forschung zu zeitgenössischen Texten. Für urheberrechtlich geschützte Texte besteht bisher nur die Möglichkeit, sog. abgeleitete Textformate (Schöch et al. 2020) für „non-consumptive access“ (Organisciak und Downie 2021) zu veröffentlichen, etwa in Form von Frequenzlisten. Geisteswissenschaftliche Forschungsprojekte sind allerdings häufig auf die Verfügbarkeit von textuellem Kontext angewiesen, der erst eine angemessene Interpretation der Daten erlaubt. Um die Nachnutzbarkeit von Textdaten in dieser Hinsicht zu unterstützen, wurde im Projekt XSample<ref n="1" target="ftn1"/> ein Workflow entwickelt, der auf das Recht zur Weitergabe von Textauszügen aufbaut, und dabei ermöglicht, die Auszüge auf das eigene Forschungsanliegen hin zu optimieren.
            </p>
            <div type="div1" rend="DH-Heading1">
                <head>
                    <anchor xml:id="rz1k5476o4ec"/>Rechtslage 
                </head>
                <p style="text-align: left; ">Im deutschen UrhG unterliegen Texte bis 70 Jahre nach dem Tod der Autor*innen dem urheberrechtlichen Schutz, der die Vervielfältigung und die öffentliche Zugänglichmachung von Texten erheblich einschränkt. Hiervon sind vor allem zeitgenössische Texte betroffen, die aus diesem Grund womöglich gar nicht erst als Gegenstand von Forschungsprojekten in Erwägung gezogen werden. Seit 2018 ist zumindest die Verwendung von urheberrechtlich geschützten Texten zu Zwecken des Text- und Dataminings durch §60d UrhG legitimiert (vgl. Raue 2021). Die Nachnutzung der Daten nach Abschluss eines Projektes ist aber weiterhin nur unklar geregelt (vgl. Kleinkopf et al. 2021, Andresen et al. 2022). </p>
                <p style="text-align: left; ">Der XSample-Workflow kombiniert den §60d UrhG mit § 60c Abs. 1 Nr. 1 UrhG, der es erlaubt, bis zu 15 Prozent von Werken und auch vollständige Werke geringen Umfangs zu Zwecken der nicht-kommerziellen wissenschaftlichen Forschung zu vervielfältigen und an bestimmt abgegrenzte Personenkreise für deren eigene wissenschaftliche Forschung weiterzugeben. </p>
            </div>
            <div type="div1" rend="DH-Heading1">
                <head>
                    <anchor xml:id="ekbrx1bvz0ri"/>Weitergabe von Auszügen im XSample-Workflow
                </head>
                <p style="text-align: left; ">Die Weitergabe von nur 15 Prozent eines Textes erscheint auf den ersten Blick nicht hinreichend. Um die Nützlichkeit dieser Textauszüge zu maximieren, wird im XSample-Workflow über eine Benutzeroberfläche eine gezielte Textauswahl unterstützt. So können Forschende die Textauswahl genau auf die eigenen Forschungsanliegen zuschneiden. Dafür werden auch im Korpus enthaltene Annotationen berücksichtigt, sodass bei Interesse an einem bestimmten Phänomen systematisch die mit den relevanten Kategorien annotierten Textstellen extrahiert werden können (vgl. Gärtner 2020). Die Möglichkeiten und Grenzen des Auszugskonzepts sind am Beispiel zweier Anwendungsfälle aus der Literaturwissenschaft und Linguistik erprobt worden (vgl. Andresen et al. 2022). Sie zeigen beispielsweise, dass viele Forschungsfragen davon profitieren, wenn abgeleitete Textformate, die quantitative Analysen auf dem Gesamtkorpus ermöglichen, und Auszüge, die die qualitative Interpretation erlauben, kombiniert werden.</p>
                <figure>
                    <graphic n="1001" width="15.644733333333333cm" height="10.324627777777778cm" url="Pictures/71226ef7add6548f31fa6c05e3352a30.png" rend="inline"/>
                    <head><p style="text-align: left; ">Abb. 1: Der XSample-Workflow im Überblick.</p></head>
                </figure>
                <p style="text-align: left; ">Abbildung 1 fasst das Auszugskonzept zusammen: Forscher*innen übermitteln ihre (annotierten) Forschungsdaten an Forschungsinfrastruktureinrichtungen (z. B. wissenschaftliche Bibliotheken), die diese verwalten. Nachnutzer*innen können Zugriffsanfragen an die Infrastrukturbetreiber stellen, um Auszüge aus den Forschungsdaten zu erhalten.</p>
                <p style="text-align: left; ">Der in Abbildung 1 beschriebene Workflow wurde im Rahmen des XSample-Projekts prototypisch in Form eines Webservices implementiert.<ref n="2" target="ftn2"/> Die urheberrechtlich geschützten Korpusdaten liegen hierbei sicher in einem Dataverse<ref n="3" target="ftn3"/>-Repositorium. Öffentlich auffindbare Metadaten ermöglichen Nutzer*innen den Einstieg in den XSample-Workflow und leiten auf einen gesonderten Server weiter, wo die eigentliche Auszugserstellung stattfindet. Hierfür stehen verschiedene Verfahren zur Auswahl, die dabei helfen können, die Nützlichkeit der Auszugsdaten für die eigenen Bedarfe zu erhöhen. Für die anfragebasierte Auszugserzeugung setzt unsere Implementierung auf ein Java-Framework für Korpusanfragen (Gärtner 2020), wodurch gezielt nach bestimmten annotierten Phänomenen gesucht werden kann, die dann als Grundlage für die individuelle Auswahl der Auszüge dienen. Während des gesamten Prozesses haben Nutzer*innen keinen direkten Zugriff auf die geschützten Daten und erhalten vor dem Download ihres individuellen Auszugs lediglich grafische Veranschaulichungen der Auszugskomposition basierend auf dem gewählten Verfahren und/oder den Suchergebnissen (vgl. Andresen et al. 2022). 
                </p>
            </div>
            <div type="div1" rend="DH-Heading1">
                <head>
                    <anchor xml:id="c72a584kperl"/>Fazit
                </head>
                <p style="text-align: left; ">„Open Access“ ist und bleibt die Zielvorstellung für offene und reproduzierbare Forschung auch in den digitalen Geisteswissenschaften. Das hier vorgestellte Auszugskonzept stellt demgegenüber eine „Behelfslösung“ dar, um die Nachnutzung urheberrechtlich geschützter Daten zu ermöglichen und der Tendenz entgegenzuwirken, diese Texte per se aus Forschungsprojekten auszuschließen (vgl. Gärtner et al. 2021). Die Lösung ist an der Forschungspraxis der digitalen Literatur- bzw. Geisteswissenschaften ausgerichtet, für die andere „verfremdende“ Verfahren wie abgeleitete Textformate (Schöch et al. 2020, Organisciak und Downie 2021) nur eingeschränkt nachnutzbar sind. Das Auszugskonzept ermöglicht hingegen eine größere Nähe zum Text, indem die ursprüngliche Textgestalt beibehalten wird, die für die Interpretation der Daten häufig unabdingbar ist. Darüber hinaus wird der rechtliche Rahmen durch die individuelle Auszugsgenerierung optimal ausgeschöpft und den individuellen Forschungsinteressen angepasst.</p>
            </div>
        </body>
        <back>
<div type="notes">
<note rend="footnote text" xml:id="ftn1" n="1">
                    
                        <ref target="https://www.izus.uni-stuttgart.de/fokus/fdm-projekte/xsample/">
                            <hi rend="underline color(1155CC)">https://www.izus.uni-stuttgart.de/fokus/fdm-projekte/xsample/</hi>
                        </ref> (Stand: 14.12.2022).
                    
                </note>
<note rend="footnote text" xml:id="ftn2" n="2">
                         Langfristig soll dieser Dienst an der Universitätsbibliothek Stuttgart angeboten werden. Die Software für den Prototypen ist unter 
                            <ref target="https://github.com/ICARUS-tooling/xsample-server">
                                <hi rend="underline color(1155CC)">https://github.com/ICARUS-tooling/xsample-server</hi>
                            </ref> open-source verfügbar und kann somit auch von anderen Einrichtungen genutzt werden, um eine eigene Instanz des XSample-Servers zu betreiben. 
                        
                    </note>
<note rend="footnote text" xml:id="ftn3" n="3">
                         Dataverse ist eine weit verbreitete Open-Source-Repositoriumssoftware, die über eine für XSample notwendige feingranulare Rechteverwaltung verfügt und eine simple Schnittstelle zur Integration externer Services in die Benutzeroberfläche bietet.
                    </note></div>
            <div type="bibliogr">
                <listBibl>
                    <head>Bibliographie</head>
                    <bibl style="text-align: left; ">Andresen, Melanie, Markus Gärtner, Sybille Hermann, Janina Jacke, Nora Ketschik, Felicitas Kleinkopf, Jonas Kuhn und Axel Pichler. 2022. “Vorzüge von Auszügen – Urheberrechtlich geschützte Texte in den digitalen Geisteswissenschaften (nach-)nutzen.” 
                        <hi rend="italic">Zeitschrift für digitale Geisteswissenschaften</hi>. 
                        <ref target="https://doi.org/10.17175/2022_007">https://doi.org/10.17175/2022_007</ref>.
                    </bibl>
                    <bibl style="text-align: left; ">
                        <hi style="font-family:Arial Unicode MS" xml:space="preserve">Gärtner, Markus. 2020. “The Corpus Query Middleware of Tomorrow − A Proposal for a Hybrid Corpus Query Architecture.” In </hi>
                        <hi rend="italic" xml:space="preserve">Proceedings of the 8th Workshop on Challenges in the Management of Large Corpora, </hi>31–39.
                        <ref target="https://www.aclweb.org/anthology/2020.cmlc-1.5" xml:space="preserve"> DOI: </ref>
                        <ref target="https://www.aclweb.org/anthology/2020.cmlc-1.5">
                            <hi rend="underline color(1155CC)">https://www.aclweb.org/anthology/2020.cmlc-1.5</hi>
                        </ref>.
                    </bibl>
                    <bibl style="text-align: left; ">Gärtner, Markus, Felicitas Kleinkopf, Melanie Andresen, Sybille Hermann. 2021. “Corpus Reusability and Copyright – Challenges and Opportunities.” In 
                        <hi rend="italic">Proceedings of the Workshop on Challenges in the Management of Large Corpora,</hi> 10–19. DOI: 
                        <ref target="https://doi.org/10.14618/ids-pub-10467">
                            <hi rend="underline color(1155CC)">https://doi.org/10.14618/ids-pub-10467</hi>
                        </ref>.
                    </bibl>
                    <bibl style="text-align: left; ">Kleinkopf, Felicitas, Janina Jacke und Markus Gärtner. 2021. “Text- und Data-Mining – Urheberrechtliche Grenzen der Nachnutzung wissenschaftlicher Korpora bei computergestützten Verfahren und digitalen Ressourcen.” 
                        <hi rend="italic">MMR Zeitschrift für IT-Recht und Recht der Digitalisierung</hi> 24, H. 3: 196–200. DOI: 
                        <ref target="http://dx.doi.org/10.18419/opus-11445">
                            <hi rend="underline color(1155CC)">http://dx.doi.org/10.18419/opus-11445</hi>
                        </ref>.
                    </bibl>
                    <bibl style="text-align: left; ">Organisciak, Peter und J. Stephen Downie. 2021. “Research access to in-copyright texts in the humanities.“ In 
                        <hi rend="italic">Information and Knowledge Organisation in Digital Humanities</hi>, hg. von Koraljka Golub und Ying-Hsang Liu, 157–177. Digital Research in the Arts and Humanities. London, New York: Routledge.
                    </bibl>
                    <bibl style="text-align: left; ">Raue, Benjamin. 2021. “Die Freistellung von Datenanalysen durch die neuen Text und Data Mining-Schranken.” 
                        <hi rend="italic">Zeitschrift für Urheber- und Medienrecht</hi> 56, H. 10: 793–802.
                    </bibl>
                    <bibl style="text-align: left; ">Schöch, Christof, Frédéric Döhl, Achim Rettinger, Evelyn Gius, Peer Trilcke, Peter Leinen, Fotis Jannidis, Maria Hinzmann und Jörg Röpke. 2020. “Abgeleitete Textformate: Text und Data Mining mit urheberrechtlich geschützten Textbeständen.” 
                        <hi rend="italic">ZfdG</hi> 5. DOI:
                        <ref target="https://doi.org/10.17175/2020_006" xml:space="preserve"> </ref>
                        <ref target="https://doi.org/10.17175/2020_006">
                            <hi rend="underline color(1155CC)">https://doi.org/10.17175/2020_006</hi>
                        </ref>.
                    </bibl>
                    <bibl style="text-align: left; ">Wilkinson, Mark D., Michel Dumontier, IJsbrand Jan Aalbersberg et al. 2016. “The FAIR Guiding Principles for scientific data management and stewardship.” 
                        <hi rend="italic">Sci Data</hi> 3
                        , H. 160018. DOI: 
                        <ref target="https://doi.org/10.1038/sdata.2016.18">
                            <hi rend="underline color(1155CC)">https://doi.org/10.1038/sdata.2016.18</hi>
                        </ref>
                        <ref target="https://zfdg.de/sb003_012">.</ref>
                    </bibl>
                </listBibl>
            </div>
        </back>
    </text>
</TEI>
