<?xml version="1.0" encoding="UTF-8"?>
<TEI xml:id="POLLIN_Christopher_DigEdTnT___Digital_Edition_Creation_Pipel" xmlns="http://www.tei-c.org/ns/1.0">
    <teiHeader>
        <fileDesc>
            <titleStmt>
                <title>DigEdTnT - Digital Edition Creation Pipelines: Tools and Transitions</title>
                <author>
                    <persName>
                        <surname>Pollin</surname>
                        <forename>Christopher</forename>
                    </persName>
                    <affiliation>Zentrum für Informationsmodellierung, Graz</affiliation>
                    <email>christopher.pollin@uni-graz.at</email>
                </author>
                <author>
                    <persName>
                        <surname>Strutz</surname>
                        <forename>Sabrina</forename>
                    </persName>
                    <affiliation>Zentrum für Informationsmodellierung, Graz</affiliation>
                    <email>sabrina.strutz@uni-graz.at</email>
                </author>
                <author>
                    <persName>
                        <surname>Steiner</surname>
                        <forename>Christian</forename>
                    </persName>
                    <affiliation>Zentrum für Informationsmodellierung, Graz</affiliation>
                    <email>christian.steiner@dhcraft.org</email>
                </author>
                <author>
                    <persName>
                        <surname>Klug</surname>
                        <forename>Helmut</forename>
                    </persName>
                    <affiliation>Zentrum für Informationsmodellierung, Graz</affiliation>
                    <email>helmut.klug@uni-graz.at</email>
                </author>
            </titleStmt>
            <editionStmt>
                <edition>
                    <date>2022-07-16T17:27:00Z</date>
                </edition>
            </editionStmt>
            <publicationStmt>
                    <publisher>Culture and Computation Lab</publisher>
                    <address>
                        <addrLine>Université du Luxembourg</addrLine>
                        <addrLine>2, Avenue de l'Université</addrLine>
                        <addrLine>L-4365 Esch-sur Alzette</addrLine>
                        <addrLine>Luxembourg</addrLine>
                    </address>
                    <publisher>Luxembourg Centre for Contemporary and Digital History</publisher>
                    <address>
                        <addrLine>Université du Luxembourg</addrLine>
                        <addrLine>2, Avenue de l'Université</addrLine>
                        <addrLine>L-4365 Esch-sur Alzette</addrLine>
                        <addrLine>Luxembourg</addrLine>
                    </address>
                    <publisher>Trier Center for Digital Humanities</publisher>
                    <address>
                        <addrLine>Universität Trier</addrLine>  
                        <addrLine>Universitätsring 15</addrLine>
                        <addrLine>54296 Trier</addrLine>
                        <addrLine>Deutschland</addrLine>
                    </address>
                </publicationStmt>
            <sourceDesc>
                <p>Converted from a Word document</p>
            </sourceDesc>
        </fileDesc>
        <encodingDesc>
            <appInfo>
                <application ident="DHCONVALIDATOR" version="1.22">
                    <label>DHConvalidator</label>
                </application>
            </appInfo>
        </encodingDesc>
        <profileDesc>
            <textClass>
                <keywords scheme="ConfTool" n="category">
                    <term>Paper</term>
                </keywords>
                <keywords scheme="ConfTool" n="subcategory">
                    <term>Posterpräsentation</term>
                </keywords>
                <keywords scheme="ConfTool" n="keywords">
                    <term>Digitale Edition</term>
                    <term>Tools</term>
                    <term>Workflow</term>
                </keywords>
                <keywords scheme="ConfTool" n="topics">
                    <term>Transkription</term>
                    <term>Annotieren</term>
                    <term>Archivierung</term>
                    <term>Veröffentlichung</term>
                    <term>Werkzeuge</term>
                </keywords>
            </textClass>
        </profileDesc>
    </teiHeader>
    <text>
        <body>
            <p style="text-align: left;">
                <hi style="font-size:12pt">Digitale Editionen sind ein Kernbereich der Digital Humanities; sie machen historische Quellen zugänglich. Dabei werden computergestützte Methoden zur Umsetzung, Verbreitung und Erforschung von wissenschaftlich fundierten Quellenveröffentlichungen herangezogen. Digitale Editionen umfassen dabei textuelle, visuelle und ggf. auch quantitative Daten und erfordern oft spezielle Benutzeroberflächen, um domänenspezifische Forschungsfragen zu bearbeiten. Obwohl jedes Editionsprojekt seine eigenen spezifischen Anforderungen hat, lassen sich einzelne Schritte identifizieren, die für Editionsvorhaben generell notwendig sind. Das ist im weitesten Sinne die Digitalisierung der Quelle mit der Verwaltung von Bildern und Text, die Transkription, die Modellierung relevanter Textphänomene mittels adäquater Auszeichnungssprachen, die Annotation semantischer Informationen und Named Entities, die Erstellung von Indizes, sowie eine den FAIR-Kriterien entsprechende Publikation über das Web. In den letzten Jahren wurde eine Vielzahl an Tools entwickelt, die für all diese Schritte eingesetzt werden.</hi>
            </p>
            <p style="text-align: left;">
                <hi style="font-size:12pt">Editionen bauen in der Regel auf Bilddigitalisaten der Quelle auf, deren Erstellung und Zurverfügungstellung im Aufgabenbereich von Bibliotheken und Archiven liegt. Ein Zugriff darauf ist im Idealfall mittels iiif möglich.</hi>
            </p>
            <p style="text-align: left;">
                <hi style="font-size:12pt">Die Transkription von Texten kann manuell, über Crowdsourcing (z. B. FromThePage) oder automatisiert (z. B. Transkribus) durchgeführt werden. Relevant dabei ist, dass unabhängig vom Werkzeug die Umwandlung des transkribierten Textes in XML/TEI möglich ist. Im bereits modellierten XML/TEI werden schließlich weitere Annotationen durchgeführt. Auch hier gibt es wieder eine breite Auswahl an Werkzeugen, deren Verwendung von projektspezifischen Anforderungen und Benutzergruppen abhängig ist. Einige sind für spezielle Forschungsbereiche konzipiert, wie z. B. LaKomp, andere bieten eine grafische Oberfläche für Editor*innen ohne tiefgreifende XML/TEI-Kenntnisse (CATMA). Wieder andere kombinieren eine Benutzeroberfläche mit bestimmten Funktionalitäten, wie z. B. einer Registerfunktion (ediarum). In einigen Anwendungsfällen bietet es sich darüber hinaus an, reines XML/TEI im Oxygen XML Editor zu schreiben. </hi>
            </p>
            <p style="text-align: left;">
                <hi style="font-size:12pt">Digitale Editionen produzieren Forschungsdaten und machen diese im Idealfall unter Einhaltung der FAIR-Prinzipien zugänglich. Dies erfordert die Einbindung von Normdaten oder kontrollierten Vokabularen. Werkzeuge hierfür können OpenRefine zur halbautomatischen Verknüpfung von Entitäten sein, oder Tools wie ba[sic]; stärker datenzentrierte Projekte verwenden Tools wie Fast Cat.</hi>
            </p>
            <p style="text-align: left;">
                <hi style="font-size:12pt">Die Veröffentlichung und Langzeitarchivierung kann schlussendlich über Repositories und Tools wie GAMS, ARCHE, teiPublisher oder ediarum.Web erfolgen. Für manchen Editionsvorhaben ist es sinnvoll, domänenspezifische Werkzeuge oder APIs, wie z. B correspSearch für Korrespondenzen, zu verwenden. </hi>
            </p>
            <p style="text-align: left;">
                <hi style="font-size:12pt" xml:space="preserve">Ziel des Projekts </hi>
                <hi rend="italic" style="font-size:12pt">Digital Edition Creation Pipelines: Tools and Transitions (DigEdTnT)</hi>
                <hi style="font-size:12pt" xml:space="preserve"> ist es, Best-Practice-Pipelines und Tutorials für ausgewählte Tools und deren Übergänge (=Transitions) zu erstellen, die bei der Wahl der Tools und der Arbeit mit Tools zur Erstellung digitaler Editionen helfen sollen. Denn an den Übergängen ergeben sich mitunter besondere Herausforderungen, wenn beispielsweise Ergebnisse aus Transkribus nach ediarum zur weiteren Annotation überführt werden sollen. Das Projekt setzt dabei insbesondere auf eine Community-basierte Auseinandersetzung mit vorhandenen Tools. Daher sollen in zwei Workshops Nutzer*innen und Entwickler*innen zusammengeführt werden, um Anwendungsfälle und Feedback gemeinsam zu diskutieren. Wie die Übergänge zwischen einzelnen Tools abgewickelt werden können, wird letztlich in Tutorials und Guidelines sowie in Code Snippets beschrieben, die wiederum in einschlägigen Kontexten (KONDE Weißbuch, DARIAH Campus, etc.) zugänglich gemacht werden. </hi>
            </p>
            <p style="text-align: left;">
                <hi style="font-size:12pt">Das eingereichte Poster soll zum Projektstart von DigEdTnT die Diskussion zu diesem Thema eröffnen und interessierte Kolleg*innen sowie auch Toolentwickler*innen adressieren.</hi>
            </p>
        </body>
        <back>
            <div type="bibliogr">
                <listBibl>
                    <head>Bibliographie</head>
                    <bibl>Fafalios, Pavlos and Kostas Petrakis, Georgios Samaritakis, et. al. “FAST CAT: Collaborative Data Entry and Curation for Semantic Interoperability in Digital Humanities”. In 
                        <hi rend="italic">Journal on Computing and Cultural Heritage (JOCCH)</hi>. 14, 4, Article 45 (2021), 1-20. 
                        <ref target="https://doi.org/10.1145/3461460">
                            <hi rend="color(1155CC)">https://doi.org/10.1145/3461460</hi>
                        </ref>. 
                    </bibl>
                    <bibl>Fechner, Martin. "Eine nachhaltige Präsentationsschicht für digitale Editionen." DHd, (2018). 
                        <ref target="https://nbn-resolving.org/urn:nbn:de:kobv:b4-opus4-33277">
                            <hi rend="color(1155CC)">urn:nbn:de:kobv:b4-opus4-33277</hi>
                        </ref>.
                    </bibl>
                    <bibl>Fritze, Christiane. “Wohin mit der digitalen Edition?”. In 
                        <hi rend="italic" xml:space="preserve">Bibliothek Forschung und Praxis </hi>edited by Achim Bonte et. al., 
                        <hi rend="italic">43</hi>(3), (2019), 432-440.
                    </bibl>
                    <bibl>Holstein, T., Störl, U. “Towards Supporting Tools for Editors of Digital Scholarly Editions for Correspondences”. In 
                        <hi rend="italic" xml:space="preserve">HCI International 2020 – Late Breaking Posters HCII 2020. Communications in Computer and Information Science </hi>edited by C. Stephanidis, M. Antona, S. Ntoa., vol 1293. Springer, Cham. 
                        <ref target="https://doi.org/10.1007/978-3-030-60700-5_25">
                            <hi rend="color(1155CC)">https://doi.org/10.1007/978-3-030-60700-5_25</hi>
                        </ref>
                        <hi rend="Hyperlink">
                            <hi rend="color(1155CC)">.</hi>
                        </hi>
                    </bibl>
                    <bibl>Horstmann, Jan. "Undogmatic Literary Annotation with CATMA" In Annotations in Scholarly Editions and Research: Functions, Differentiation, Systematization edited by Julia Nantke and Frederik Schlupkothen, 157-176. Berlin, Boston: De Gruyter, 2020. 
                        <ref target="https://doi.org/10.1515/9783110689112-008">
                            <hi rend="color(1155CC)">https://doi.org/10.1515/9783110689112-008</hi>
                        </ref>.
                    </bibl>
                    <bibl>Klug, Helmut W. and Selina Galka and Elisabeth Steiner. “KONDE Weißbuch im HRSM Projekt ‘Kompetenznetzwerk Digitale Edition’". 
                        <ref target="https://www.digitale-edition.at">
                            <hi rend="color(1155CC)">https://www.digitale-edition.at</hi>
                        </ref>. 
                        <lb/>RIDE – A review journal for digital editions and resources, 
                        <ref target="https://ride.i-d-e.de">
                            <hi rend="color(1155CC)">https://ride.i-d-e.de</hi>
                        </ref>, 20.6.2022.
                    </bibl>
                    <bibl>Sahle, Patrick. Digitale Editionsformen. Zum Umgang mit der Überlieferung unter den Bedingungen des Medienwandels. Teil 2: Befunde, Theorie und Methodik. Schriften des Instituts für Dokumentologie, 2013. 
                        <ref target="https://kups.ub.uni-koeln.de/5352/">
                            <hi rend="color(1155CC)">https://kups.ub.uni-koeln.de/5352</hi>
                        </ref>. 
                    </bibl>
                    <bibl>Söring, Sibylle. Technische und infrastrukturelle Lösungen für digitale Editionen: DARIAH-DE und TextGrid. In 
                        <hi rend="italic" xml:space="preserve">Bibliothek Forschung und Praxis </hi>edited by Achim Bonte et. al. 40(2), (2016), 207-212. 
                        <ref target="https://doi.org/10.1515/bfp-2016-0040">
                            <hi rend="color(1155CC)">https://doi.org/10.1515/bfp-2016-0040</hi>
                        </ref>.
                    </bibl>
                </listBibl>
            </div>
        </back>
    </text>
</TEI>
