<?xml version="1.0" encoding="UTF-8"?>
<TEI xml:id="R_DIGER_Jan_Oliver_OWIDplusLIVE___Tagesaktuelle_N_Gramm_Anal" xmlns="http://www.tei-c.org/ns/1.0">
    <teiHeader>
        <fileDesc>
            <titleStmt>
                <title>OWIDplusLIVE - Tagesaktuelle N-Gramm-Analysen</title>
                <author>
                    <persName>
                        <surname>Rüdiger</surname>
                        <forename>Jan Oliver</forename>
                    </persName>
                    <affiliation>Leibniz-Institut für Deutsche Sprache, Deutschland</affiliation>
                    <email>ruediger@ids-mannheim.de</email>
                </author>
                <author>
                    <persName>
                        <surname>Wolfer</surname>
                        <forename>Sascha</forename>
                    </persName>
                    <affiliation>Leibniz-Institut für Deutsche Sprache, Deutschland</affiliation>
                    <email>wolfer@ids-mannheim.de</email>
                </author>
                <author>
                    <persName>
                        <surname>Cotgrove</surname>
                        <forename>Louis</forename>
                    </persName>
                    <affiliation>Leibniz-Institut für Deutsche Sprache, Deutschland</affiliation>
                    <email>cotgrove@ids-mannheim.de</email>
                </author>
            </titleStmt>
            <editionStmt>
                <edition>
                    <date>2022-07-15T10:28:00Z</date>
                </edition>
            </editionStmt>
            <publicationStmt>
                    <publisher>Culture and Computation Lab</publisher>
                    <address>
                        <addrLine>Université du Luxembourg</addrLine>
                        <addrLine>2, Avenue de l'Université</addrLine>
                        <addrLine>L-4365 Esch-sur Alzette</addrLine>
                        <addrLine>Luxembourg</addrLine>
                    </address>
                    <publisher>Luxembourg Centre for Contemporary and Digital History</publisher>
                    <address>
                        <addrLine>Université du Luxembourg</addrLine>
                        <addrLine>2, Avenue de l'Université</addrLine>
                        <addrLine>L-4365 Esch-sur Alzette</addrLine>
                        <addrLine>Luxembourg</addrLine>
                    </address>
                    <publisher>Trier Center for Digital Humanities</publisher>
                    <address>
                        <addrLine>Universität Trier</addrLine>  
                        <addrLine>Universitätsring 15</addrLine>
                        <addrLine>54296 Trier</addrLine>
                        <addrLine>Deutschland</addrLine>
                    </address>
                </publicationStmt>
            <sourceDesc>
                <p>Converted from a Word document</p>
            </sourceDesc>
        </fileDesc>
        <encodingDesc>
            <appInfo>
                <application ident="DHCONVALIDATOR" version="1.22">
                    <label>DHConvalidator</label>
                </application>
            </appInfo>
        </encodingDesc>
        <profileDesc>
            <textClass>
                <keywords scheme="ConfTool" n="category">
                    <term>Paper</term>
                </keywords>
                <keywords scheme="ConfTool" n="subcategory">
                    <term>Posterpräsentation</term>
                </keywords>
                <keywords scheme="ConfTool" n="keywords">
                    <term>Zeitverlauf</term>
                    <term>Häufigkeit</term>
                    <term>Exploration</term>
                    <term>Korpustool</term>
                    <term>Visualisierung</term>
                    <term>Corona</term>
                    <term>Presse</term>
                    <term>Mehrworteinheiten</term>
                    <term>N-Gram</term>
                </keywords>
                <keywords scheme="ConfTool" n="topics">
                    <term>Lehre</term>
                    <term>Webentwicklung</term>
                    <term>Visualisierung</term>
                    <term>Forschung</term>
                    <term>Forschungsergebnis</term>
                    <term>Visualisierung</term>
                </keywords>
            </textClass>
        </profileDesc>
    </teiHeader>
    <text>
        <body>
            <p style="text-align: left; ">Schon bald nachdem die ersten Coronavirus-Infektionsfälle auch in Deutschland bestätigt wurden, deutete sich an, dass die gesellschaftlichen Auswirkungen der Pandemie immens sein würden. Es war daher teilweise vorauszusehen, dass die Pandemie auch ihren Niederschlag in der Sprache finden würde. Und doch ist erstaunlich, wie weitreichend und tiefgreifend das Pandemiegeschehen und die gesellschaftlich-politischen Reaktionen Einfluss auf unseren Sprachgebrauch übten und üben, insbesondere auf der Ebene des Wortschatzes. Wir stellen zwei Ressourcen (OWIDplusLIVE und das zugrundeliegende Live-RSS-Korpus) vor, die einen explorativen Zugang zur Erforschung dieses Einflusses bieten. Zudem soll der sprachwissenschaftlichen Forschungsgemeinschaft ein Instrument an die Hand gegeben werden, auch andere sprachliche Entwicklungen in der Zukunft möglichst unmittelbar zu entdecken und anhand von Frequenzverläufen nachzuzeichnen. Das folgende Beispiel (Abb. 1) zeigt vier nacheinander gestellte Suchabfragen zu den Bi-Grammen: 
                <hi rend="italic">zweite</hi> (in blau), 
                <hi rend="italic">dritte</hi> (grün), 
                <hi rend="italic">vierte</hi> (gelb) und 
                <hi rend="italic">fünfte Welle</hi> (rot) [Stand: 26. September 2022].
            </p>
            <figure>
                <graphic n="1001" width="16.002cm" height="6.879166666666666cm" url="Pictures/669c5a55af5b6f2d6dead28d600ffe94.png" rend="inline"/>
                <head>Abb. 1</head>
            </figure>
            <p style="text-align: left; ">Das zugrundeliegende Korpus besteht aus Titeln und kurzen Einführungstexten (sog. RSS-Feeds) zu Artikeln aus (derzeit) 13 deutschsprachigen Online-Quellen (Details zu den Quellen und zur Quellenauswahl siehe Vorprojekt: Wolfer u. a. 2020). Das Korpus wird seit dem 01.01.2020 täglich erhoben und umfasste am 26. September 2022 ca. 84,1 Millionen Token. Die Daten sind auch in Form von täglichen Unigramm- (inkl. Wortarten-Tagging) und Bigramm-Frequenzlisten frei auf OWIDplus (
                <ref target="http://www.owid.de/plus/cowidplus2020">www.owid.de/plus/cowidplus2020</ref>) verfügbar.
            </p>
            <p style="text-align: left; ">
                <figure>
                <graphic n="1002" width="9.463258333333334cm" height="12.996333333333334cm" url="Pictures/d331259b3fbf700cd977062a1b2fd528.png" rend="block"/>
            <head>Abb. 2</head></figure>
                OWIDplusLIVE wurde mit dem Ziel entwickelt, eine flexible und performante Lösung unabhängig vom Gegenstand (COVID-19) zu bieten. Damit löst dieses Tool den zuvor erstellten Prototypen ‚cOWIDplus Viewer‘ (Wolfer u. a. 2020) ab. OWIDplusLIVE professionalisiert den Prototypen in folgenden fünf Bereichen: (1) zusätzliche Annotations-Layer, konkret: Lemma und Wortart (Part-of-Speech, POS), (2) größere N-Gramme (aktuell Tri-Gramme, aber auch die Möglichkeit N-Gramme größer 3 zu erfassen) sowie (3) die Möglichkeit zusätzlicher Visualisierungen. Dafür (4) wurden sowohl die webbasierte Oberfläche als auch das dahinterliegende Daten-Backend von Grund auf neu entwickelt. Die bestehende Feed-Verarbeitungspipeline konnte ohne größere Änderungen übernommen werden. Zentral für den Ansatz hinter OWIDplusLIVE ist die (5) gezielte Verzahnung von Technologien (Falk u. a. 2020; Banon u. a. 2022; You u. a. 2022), die es ermöglichen, die Anwendung einfach mit neuen Daten (und ggf. Analysemöglichkeiten) zu erweitern, die Berechnungen über mehrere Server zu verteilen, sowie Anfragen so effizient wie möglich zu verarbeiten. Alle im Projekt entwickelten Komponenten (API und Web-Frontend) stehen kostenfrei als OpenSource (unter der AGPL-3.0 Lizenz) zur Verfügung - siehe: 
                <ref target="https://github.com/notesjor/IDS.OWID.Plus.Live">https://github.com/notesjor/IDS.OWID.Plus.Live</ref>
            </p>
            <p style="text-align: left; ">Die Abfrage durch die Nutzer*innen erfolgt über eine webbasierte Oberfläche. Ein Großteil der Berechnungen und Visualisierungen findet im Browser der Nutzer*innen statt. OWIDplusLIVE ist verfügbar unter 
                <ref target="https://www.owid.de/plus/live-2021">https://www.owid.de/plus/live-2021</ref>. Die Oberfläche ist in drei Segmente eingeteilt, die im Folgenden benannt und weiter unten erklärt werden (siehe Abb. 2): (1) Der Abfragebereich. (2) Ein Bereich mit drei unterschiedlichen Visualisierungen. (3) Sowie die Detailansicht. 
            </p>
            <p style="text-align: left; ">
                <figure>
                <graphic n="1003" width="16.002cm" height="5.910791666666666cm" url="Pictures/021c2c422996931f6070a41045e7eac1.png" rend="inline"/><head>Abb. 3</head></figure>
                Abb. 3 zeigt den Abfragebereich mit einer einfachen Suche nach Bi-Grammen auf unterschiedlichen Layern. Auf eine komplexe Such-Syntax wurde bewusst verzichtet. Platzhalter wie ‚?‘ und ‚*‘ sind jedoch möglich. Zuerst (1) wurde die Suchfenstergröße N=2 (Bi-Gramm) gewählt. An der ersten Position des Bi-Gramms wird auf dem Layer ‚Lemma‘ (2) nach ‚sprechen‘ (3) gesucht. An der zweiten Position wird auf dem POS-Layer (4) nach APPR (5) gesucht (APPR steht für die Wortart ‚Präposition; Zirkumposition links‘). Diese Abfrage ergibt somit Bi-Gramme wie „sprechen mit“, „spricht über“, „sprachen aufgrund“ usw.
            </p>
            <figure>
                <graphic n="1004" width="16.002cm" height="7.621763888888889cm" url="Pictures/032a5467d9fedbfa2602ce653e6b9f20.png" rend="inline"/>
                <head>Abb. 4</head>
            </figure>
            <p style="text-align: left; ">Abb. 4 zeigt, kompakt zusammengeschnitten, die aktuell verfügbaren Visualisierungen. Diese können links (siehe Abb. 4 – Markierung 1) gewählt werden. Zur Verfügung steht ein tagesbasierter Frequenzverlauf (2 – siehe auch Abb. 1), eine Kalenderansicht (3) und ein Sankey-Diagramm (4). Die Visualisierungen können über den unteren Bereich (5) angepasst werden. Es ist z. B. möglich, absolute und relative Frequenzen auszuwerten, eine Granulierung (Auswertung pro Tag, Woche, Monat, Quartal und Jahr) und davon abhängig eine Glättung zu wählen.</p>
            <figure>
                <graphic n="1005" width="16.002cm" height="5.103cm" url="Pictures/bf8a6223c109335928cfe98b85cad9b7.png" rend="inline"/>
                <head>Abb. 5</head>
            </figure>
            <p style="text-align: left; ">Der Auszug der Detail-Ergebnisse im Suchverlauf (siehe Abb. 5) ermöglicht es, eine Teilmenge von Ergebnissen auszuwählen (1). Die gesamten Daten einer einzelnen Suchabfrage können über das Dreipunkt-Menü (siehe Bereich 2) als JSON, TSV und URL exportiert werden, um die Daten weiterzugeben bzw. auch um die Daten mit anderen Programmen auszuwerten und zu visualisieren. Außerdem ist es möglich, den gesamten Suchverlauf (siehe Bereich 3), also alle Suchabfragen, als JSON zu exportieren und einen gespeicherten Suchverlauf wiederherzustellen.</p>
            <p style="text-align: left; ">OWIDplusLIVE stellt bereits jetzt eine Ressource für die tagesaktuelle Analyse sprachlicher Daten in RSS-Newsfeeds deutscher Online-Presse dar. Trotzdem gibt es an einigen Stellen Potential zur Weiterentwicklung. So könnten die analysierten Zeitabschnitte noch flexibler gestaltet werden, um auch Entwicklungen zu erfassen, die kleinteiliger als ein Tag (z. B. für die Analyse von Social-Media-Sprachdaten) oder grobkörniger als ein Jahr (z. B. für diachrone Analysen) sind. Außerdem sind zusätzliche Visualisierungen denkbar, die unterschiedliche Blickwinkel auf die Daten ermöglichen würden.</p>
        </body>
        <back>
            <div type="bibliogr">
                <listBibl>
                    <head>Bibliographie</head>
                    <bibl style="text-align: left; ">
                        <hi rend="bold" style="font-size:10pt">Banon, Shay und ‚Elastic NV contributors‘</hi>
                        <hi style="font-size:10pt">. 2022. Elasticsearch. https://www.elastic.co/de/elasticsearch/ (zugegriffen: 28. Juli 2022).</hi>
                    </bibl>
                    <bibl style="text-align: left; ">
                        <hi rend="bold" style="font-size:10pt">Falk, Warren und ‚RocksDB contributors‘.</hi>
                        <hi style="font-size:10pt">2020. RocksDB. https://github.com/elastic/elasticsearch-net (zugegriffen: 28. Juli 2022).</hi>
                    </bibl>
                    <bibl style="text-align: left; ">
                        <hi rend="bold" style="font-size:10pt">Wolfer, Sascha; Koplenig, Alexander; Michaelis, Frank und Müller-Spitzer, Carolin.</hi>
                        <hi style="font-size:10pt" xml:space="preserve">2020. Tracking and analyzing recent developments in German-language online press in the face of the coronavirus crisis cOWIDplus Analysis and cOWIDplus Viewer. In </hi>
                        <hi rend="italic">International Journal of Corpus Linguistics.</hi>
                        <hi style="font-size:10pt" xml:space="preserve"> https://doi.org/10.1075/ijcl.20078.wol (zugegriffen: 10. Oktober 2022).</hi>
                    </bibl>
                    <bibl style="text-align: left; ">
                        <hi rend="bold" style="font-size:10pt">You, Evan und ‚Vue.js contributors‘.</hi>
                        <hi style="font-size:10pt">2022. Vue.js. JavaScript. https://vuejs.org/ (zugegriffen: 28. Juli 2022).</hi>
                    </bibl>
                </listBibl>
            </div>
        </back>
    </text>
</TEI>
