<?xml version="1.0" encoding="UTF-8"?>
<TEI xml:id="RASTINGER_Nina_C__Listen_in_historischen_Zeitungen__Herausfo" xmlns="http://www.tei-c.org/ns/1.0">
    <teiHeader>
        <fileDesc>
            <titleStmt>
                <title>Listen in historischen Zeitungen: Herausforderungen und Potenziale der digitalen Analyse einer vernachlässigten Textsorte</title>
                <author>
                    <persName>
                        <surname>Rastinger</surname>
                        <forename>Nina C.</forename>
                    </persName>
                    <affiliation>Austrian Centre for Digital Humanities and Cultural Heritage (Österreichische Akademie der Wissenschaften) / Universität Wien</affiliation>
                    <email>ninaclaudia.rastinger@oeaw.ac.at</email>
                </author>
            </titleStmt>
            <editionStmt>
                <edition>
                    <date>2022-08-03T16:14:00Z</date>
                </edition>
            </editionStmt>
            <publicationStmt>
                    <publisher>Culture and Computation Lab</publisher>
                    <address>
                        <addrLine>Université du Luxembourg</addrLine>
                        <addrLine>2, Avenue de l'Université</addrLine>
                        <addrLine>L-4365 Esch-sur Alzette</addrLine>
                        <addrLine>Luxembourg</addrLine>
                    </address>
                    <publisher>Luxembourg Centre for Contemporary and Digital History</publisher>
                    <address>
                        <addrLine>Université du Luxembourg</addrLine>
                        <addrLine>2, Avenue de l'Université</addrLine>
                        <addrLine>L-4365 Esch-sur Alzette</addrLine>
                        <addrLine>Luxembourg</addrLine>
                    </address>
                    <publisher>Trier Center for Digital Humanities</publisher>
                    <address>
                        <addrLine>Universität Trier</addrLine>  
                        <addrLine>Universitätsring 15</addrLine>
                        <addrLine>54296 Trier</addrLine>
                        <addrLine>Deutschland</addrLine>
                    </address>
                </publicationStmt>
            <sourceDesc>
                <p>Converted from a Word document</p>
            </sourceDesc>
        </fileDesc>
        <encodingDesc>
            <appInfo>
                <application ident="DHCONVALIDATOR" version="1.22">
                    <label>DHConvalidator</label>
                </application>
            </appInfo>
        </encodingDesc>
        <profileDesc>
            <textClass>
                <keywords scheme="ConfTool" n="category">
                    <term>Paper</term>
                </keywords>
                <keywords scheme="ConfTool" n="subcategory">
                    <term>Doctoral Consortium</term>
                </keywords>
                <keywords scheme="ConfTool" n="keywords">
                    <term>Historische Zeitungen</term>
                    <term>Listen</term>
                    <term>Digitale Textanalyse</term>
                    <term>Multimodale Korpuslinguistik</term>
                </keywords>
            </textClass>
        </profileDesc>
    </teiHeader>
    <text>
        <body>
            <p>
                <anchor xml:id="Hlk110441707"/>Listen begegnen uns im Alltagsleben in vielfältiger Form und ihre Erstellung und Nutzung kann als fundamentale Kulturtechnik erachtet werden (Adelmann 2021, 26). Gleichzeitig ist es ebendiese Fundamentalität von Listen, die sie für wissenschaftliche Untersuchungen lange Zeit irrelevant erscheinen hat lassen: „Listen werden zumeist unterschätzt, weil sie uns so einfach und selbstverständlich vorkommen“, halten Schaffrick und Werber (2017, 303) fest und fassen damit den Forschungsstand zusammen: Wenn auch einzelne Erscheinungsformen von Listen – nämlich jene in der Literatur (u.a. Mainberger 2003, Belknap 2004, Barton et al. 2022) und modernen digitalen Kontexten (u.a. Esposito 2017, Bubenhofer 2020) – zunehmend in den Fokus der Forschung rücken, ist die Textform von den meisten Disziplinen, wie der (historischen) Linguistik, trotz ihrer hohen Frequenz bislang nur in Ausnahmefällen thematisiert worden (z.B. Doležalová 2009, Waldispühl 2019).
            </p>
            <p>Dieses ‚Übersehen‘ im doppelten Sinne betrifft insbesondere die Erforschung frühneuzeitlicher Presseprodukte: Obwohl sich in einer Vielzahl historischer Zeitungen (periodisch publizierte) Listen finden, wie die „Anzeige der hier angekommenen Personen“ in der 
                <hi rend="italic">Münchner Zeitung</hi>, die „Lista aller Getaufften“ im 
                <hi rend="italic">Wien[n]erischen Diarium</hi> oder das „Verzeichnis der Verstorbenen“ in der 
                <hi rend="italic">Preßburger Zeitung</hi>, wurden Texte dieser Art im Gegensatz zu Nachrichtenartikeln (z.B. Pfefferkorn, Riecke und Schuster 2017) oder Inseraten (z.B. Bendel 1998) bislang weder theoretisch systematisiert noch korpusbasiert auf ihre textuellen Eigenschaften hin untersucht – und dies obwohl sie für frühneuzeitliche Zeitungsherausgeber einen zentralen Bestandteil ihrer Produkte darstellen. So kündigt beispielsweise Johann Baptist Schönwetter die diversen Listen des
                <hi rend="italic" xml:space="preserve"> Diariums</hi> bereits im Titelkopf von dessen erster Ausgabe als einen „besondern Anhang / Daß auch alle die jenige Persohnen / welche wochentlich allhier gestorben / hingegen was von Vornehmen gebohren / dann copuliret worden / ferner anhero und von dannen verreiset / darinnen befindlich“ (WD 08.08.1703, 1) an und auch Johann Michael Landerer verspricht im Avertissement zur 
                <hi rend="italic">Preßburger Zeitung</hi>, sie „wird allezeit die Verstorbenen richtig anzeigen“ (PZ 14.07.1764, 5). Dass Listen in historischen Zeitungen derart prominent Erwähnung finden, deutet auf ihren besonderen Wert für das damalige Lesepublikum hin – und damit auf ihre hohe Forschungsrelevanz. Hinzu kommt, dass gerade sogenannte ‚kleine Texte‘ sich oftmals als semiotisch hochkomplex erweisen und von „kommunikativer (formaler wie inhaltlicher) Prägnanz“ gekennzeichnet sind (Klug 2021, 219).
            </p>
            <p>Mit ebendiesem Potenzial von Listen (und listenartigen<ref n="1" target="ftn1"/> Texten) setzt sich die Dissertation auseinander, indem sie diese innerhalb von Zeitungen zwischen 1600 und 1850 empirisch verfolgt. Praktisch umgesetzt wird dies über Methoden einer multimodalen Korpuslinguistik sowie der Digital Humanities: Indem etwa in bereits bestehenden digitalen Zeitungskorpora (z.B. ANNO, DiFMOE, DIGITARIUM, DTA, impresso, Teßmann digital) nach spezifischen sprachlichen Ausdrücken im Volltext (z.B. „List(e|a)“, „Vert?z(a|e)ichni(s|ß)“) sowie strukturellen Annotationen (z.B. TEI-Elemente &lt;list&gt;, &lt;item&gt;) gesucht werden kann, lässt sich über ein effizientes Distant Reading eine erste ‚Liste von Listen‘ erstellen, welche die Zeitungstextsorte für diverse Disziplinen überschaubar und damit nutzbar machen soll.
            </p>
            <p>Überdies wird das identifizierte Material – im Sinne eines Close bzw. Scalable Readings (Mueller 2020) – mithilfe digitaler Textanalyse-Tools, wie Voyant Tools oder CATMA, sowohl zeitungsspezifisch als auch -übergreifend auf rekurrente textuelle Muster verschiedener Ebenen befragt:</p>
<list type="ordered">
                <item>Listentypus/-paradigma (z.B. Sterbeliste, Ankunftsliste, Preisliste, Inventar)</item>
                <item>Selektionsprinzipien (z.B. Exklusion spezifischer Stände, Inklusion ‚leerer‘ Items)</item>
                <item>Ordnungsprinzipien (z.B. chronologisch, hierarchisch, alphabetisch, geographisch)</item>
                <item>Einsatz typographischer Ressourcen (z.B. Einrückungen, Aufzählungszeichen, Zwischenüberschriften)</item>
                <item>Sprachliche Muster (z.B. zunehmende Abkürzungsdichte, Parallelen/Unterschiede zwischen selbem Listentypus in verschiedenen Zeitungen)</item>
                <item>Pragmatische Textfunktion (z.B. Dokumentation, Handlungsaufforderung)</item>
            </list>
            <p>Zudem sollen durch Case Studies zu ausgewählten Textzeugen insbesondere die spezifischen Herausforderungen und Potenziale der historischen Zeitungstextsorte ‚Liste‘ für die Digital Humanities herausgearbeitet werden. Einen ersten Schritt in diese Richtung stellt das von der Stadt Wien geförderte Projekt „Zu Gast in Wien – digitale Ansätze zur (semi-)automatischen Auswertung der Ankunftslisten des 
                <hi rend="italic">Wien[n]erischen Diariums</hi>“ (PI: Nina C. Rastinger, 2022–2023) dar. Hierin werden für die zwischen 1703 und 1725 zweimal wöchentlich in der historischen 
                <hi rend="italic">Wiener Zeitung</hi> erschienenen Listen zur „Ankunfft derer Hoch= und niederen Stands=Personen“ zuerst über Transkribus hochqualitative Volltexte erstellt und diese dann auf sprachliche Muster hin analysiert, welche wiederum als Basis für eine (semi-)automatische Named Entity Recognition und Visualisierung der Daten auf historischen Stadtplänen Wiens dienen können:
            </p>
            <figure>
                <graphic n="1001" width="14.013280555555555cm" height="10.057372222222222cm" url="Pictures/dc9e2266831a4441455c10eb20c0eb6d.jpg" rend="inline"/>
                <head><p rend="Subtitle">Abbildung 1: Faksimile, annotierter Volltext und Karten-Darstellung eines exemplarischen Ankunftslisteneintrags des 
                <hi rend="italic">Wien[n]erischen Diariums</hi>
            </p></head>
            </figure>
            
            <p>Erste Ergebnisse dieser Fallstudie demonstrieren, dass Listen in frühneuzeitlichen Zeitungen aufgrund ihrer makrotypographischen Gestaltung (u.a. vermehrte Zwischenüberschriften, Einrückungen) zwar eine Herausforderung für automatische Layoutanalysen bilden, ihnen durch ihre starke Strukturiertheit, ihren diachron konsistenten Aufbau und ihre hohe semantische Dichte aber ein besonderes Potenzial für (semi-)automatische Informationsextraktionsprozesse innewohnt – wodurch ihre Volltextdigitalisierung und korpuslinguistische Untersuchung letztlich auch auf dieser Ebene einen hohen Erkenntnisgewinn verspricht.</p>
        </body>
        <back>
<div type="notes">
<note rend="footnote text" xml:id="ftn1" n="1">
                     Man denke etwa an verwandte Formen wie Tabellen, die es erst korpusbasiert abzugrenzen gilt.
                </note></div>
            <div type="bibliogr">
                <listBibl>
                    <head>Bibliographie</head>
                    <bibl>
                        <anchor xml:id="Hlk110441736"/>
                        <hi rend="bold">Adelmann, Ralf</hi>. 2021. 
                        <hi rend="italic">Listen und Rankings. Über Taxonomien des Populären</hi>. Bielefeld: transcript.
                    </bibl>
                    <bibl>
                        <hi rend="bold">Barton, Roman Alexander, Julia Böckling, Sarah Link und Anne Rüggemeier</hi>, Hrsg. 2022. 
                        <hi rend="italic">Forms of List-Making: Epistemic, Literary, and Visual Enumeration</hi>. Cham: Springer Nature.
                    </bibl>
                    <bibl>
                        <hi rend="bold">Belknap, Robert E.</hi> 2004. 
                        <hi rend="italic">The List: The Uses and Pleasures of Cataloguing</hi>. New Haven: Yale University Press.
                    </bibl>
                    <bibl>
                        <hi rend="bold">Bendel, Sylvia</hi>. 1998. 
                        <hi rend="italic">Werbeanzeigen von 1622–1798. Entstehung und Entwicklung einer Textsorte</hi>. Tübingen: Niemeyer.
                    </bibl>
                    <bibl>
                        <hi rend="bold">Berlin-Brandenburgische Akademie der Wissenschaften</hi>, Hrsg. 
                        <hi rend="italic">Deutsches Textarchiv (DTA)</hi>. https://www.deutschestextarchiv.de (zugegriffen: 01.08.2022).
                    </bibl>
                    <bibl>
                        <hi rend="bold">Bubenhofer, Noah</hi>. 2020. 
                        <hi rend="italic">Visuelle Linguistik: Zur Genese, Funktion und Kategorisierung von Diagrammen in der Sprachwissenschaft</hi>. Berlin, Boston: De Gruyter.
                    </bibl>
                    <bibl>
                        <hi rend="bold">Digitales Forum Mittel- und Osteuropa e.V.</hi>, Hrsg. 
                        <hi rend="italic">Digitales Forum Mittel- und Osteuropa (DiFMOE).</hi> https://www.difmoe.eu (zugegriffen: 01.08.2022).
                    </bibl>
                    <bibl>
                        <hi rend="bold">Doležalová, Lucie</hi>, Hrsg. 2009. 
                        <hi rend="italic" xml:space="preserve">The charm of a list: From the Sumerians to computerised data processing. </hi>Newcastle upon Tyne: Cambridge Scholars.
                    </bibl>
                    <bibl>
                        <hi rend="bold">Esposito, Elena</hi>. 2017. "Organizing without Understanding. Lists in Ancient and in Digital Cultures." 
                        <hi rend="italic">LiLi, Zeitschrift für Literaturwissenschaft und Linguistik</hi> 47(3): 351–359.
                    </bibl>
                    <bibl>
                        <hi rend="bold">Gius, Evelyn, Jan Christoph Meister, Malte Meister, Marco Petris, Christian Bruck, Janina Jacke, Mareike Schumacher, Dominik Gerstorfer, Marie Flüh und Jan Horstmann</hi>, Hrsg. 
                        <hi rend="italic">CATMA 6 (Version 6.5).</hi> https://app.catma.de (zugegriffen: 01.08.2022).
                    </bibl>
                    <bibl>
                        <hi rend="bold">Haß-Zumkehr, Ulrike</hi>. 1998. 
                        <hi rend="italic">"Wie glaubwürdige Nachrichten versichert haben": Formulierungstraditionen in Zeitungsnachrichten des 17. bis 20. Jahrhunderts</hi>. Tübingen: Narr.
                    </bibl>
                    <bibl>
                        <hi rend="italic bold">Impresso</hi>
                        <hi rend="italic">. Media Monitoring of the Past</hi>. Unterstützt vom Schweizerischen Nationalfonds (CR- SII5_173719). https://impresso-project.ch/app (zugegriffen: 01.08.2022).
                    </bibl>
                    <bibl>
                        <hi rend="bold">Klug, Nina-Maria</hi>. 2021. "Kleine Texte des Alltags: Was uns z.B. Zigarettenschachteln alles sagen und zeigen können." In 
                        <hi rend="italic">Kleine Texte</hi>, hg. von Steffen Pappert und Kersten Sven Roth, 191–225. Berlin: Peter Lang.
                    </bibl>
                    <bibl>
                        <hi rend="bold">Landesbibliothek Dr. Friedrich Teßmann</hi>, Hrsg. 
                        <hi rend="italic">Teßmann digital</hi>. https://digital.tessmann.it (zugegriffen: 01.08.2022).
                    </bibl>
                    <bibl>
                        <hi rend="bold">Mainberger, Sabine</hi> (2003): 
                        <hi rend="italic" xml:space="preserve">Die Kunst des Aufzählens: Elemente zu einer Poetik des Enumerativen. </hi>Berlin: De Gruyter.
                    </bibl>
                    <bibl>
                        <hi rend="bold">Mueller, Martin</hi>. 2020. Scalable Reading. https://scalablereading.northwestern.edu/ (zugegriffen: 01.08.2022).
                    </bibl>
                    <bibl>
                        <hi rend="bold">Österreichische Nationalbibliothek</hi>, Hrsg. 
                        <hi rend="italic">AustriaN Newspapers Online (ANNO).</hi> https://anno.onb.ac.at (zugegriffen: 01.08.2022).
                    </bibl>
                    <bibl>
                        <hi rend="bold">Pfefferkorn, Oliver, Jörg Riecke und Britt-Marie Schuster</hi>, Hrsg. 2017. 
                        <hi rend="italic">Die Zeitung als Medium in der neueren Sprachgeschichte. Korpora – Analyse – Wirkung</hi>. Berlin, Boston: De Gruyter.
                    </bibl>
                    <bibl>
                        <hi rend="bold">READ-COOP</hi>, Hrsg. 
                        <hi rend="italic">Transkribus</hi>. https://readcoop.eu/de/transkribus (zugegriffen: 01.08.2022).
                    </bibl>
                    <bibl>
                        <hi rend="bold">Resch, Claudia und Dario Kampkaspar</hi>, Hrsg. 
                        <hi rend="italic">Wienerisches DIGITARIUM</hi>. https://digitarium.acdh.oeaw.ac.at (zugegriffen: 01.08.2022).
                    </bibl>
                    <bibl>
                        <hi rend="bold">Sinclair, Stéfan und Geoffrey Rockwell</hi>, Hrsg. 
                        <hi rend="italic">Voyant Tools</hi>. https://voyant-tools.org (zugegriffen: 01.08.2022).
                    </bibl>
                    <bibl>
                        <hi rend="bold">Waldispühl, M</hi>. (2019): Die Liste als Ordnungsmedium im mittelalterlichen Libri vitae. 
                        <hi rend="italic">LiLi, Zeitschrift für Literaturwissenschaft und Linguistik</hi> 49(2): 197–218.
                    </bibl>
                </listBibl>
            </div>
        </back>
    </text>
</TEI>
