<?xml version="1.0" encoding="UTF-8"?>
<TEI xml:id="RENSINGHOFF_Berenike_3D__und_4D_Modellierung_in_den_Digital_" xmlns="http://www.tei-c.org/ns/1.0">
    <teiHeader>
        <fileDesc>
            <titleStmt>
                <title type="full">
                    <title type="main">3D- und 4D-Modellierung in den Digital Humanities.</title>
                    <title type="sub">Eine praktische und theoretische Einführung in Blender</title>
                </title>
                <author>
                    <persName>
                        <surname>Hunziker</surname>
                        <forename>Manuel</forename>
                    </persName>
                    <affiliation>Ludwig-Maximilians-Universität München</affiliation>
                    <email>manuel.hunziker@lmu.de</email>
                </author>
                <author>
                    <persName>
                        <surname>von Pippich</surname>
                        <forename>Waltraud</forename>
                    </persName>
                    <affiliation>Ludwig-Maximilians-Universität München</affiliation>
                    <email>waltraud.v.pippich@kunstgeschichte.org</email>
                </author>
                <author>
                    <persName>
                        <surname>Rensinghoff</surname>
                        <forename>Berenike</forename>
                    </persName>
                    <affiliation>Akademie der Wissenschaften und der Literatur Mainz</affiliation>
                    <email>berenike.rensinghoff@hotmail.de</email>
                </author>
            </titleStmt>
            <editionStmt>
                <edition>
                    <date>2022-12-14T19:19:00Z</date>
                </edition>
            </editionStmt>
            <publicationStmt>
                    <publisher>Culture and Computation Lab</publisher>
                    <address>
                        <addrLine>Université du Luxembourg</addrLine>
                        <addrLine>2, Avenue de l'Université</addrLine>
                        <addrLine>L-4365 Esch-sur Alzette</addrLine>
                        <addrLine>Luxembourg</addrLine>
                    </address>
                    <publisher>Luxembourg Centre for Contemporary and Digital History</publisher>
                    <address>
                        <addrLine>Université du Luxembourg</addrLine>
                        <addrLine>2, Avenue de l'Université</addrLine>
                        <addrLine>L-4365 Esch-sur Alzette</addrLine>
                        <addrLine>Luxembourg</addrLine>
                    </address>
                    <publisher>Trier Center for Digital Humanities</publisher>
                    <address>
                        <addrLine>Universität Trier</addrLine>  
                        <addrLine>Universitätsring 15</addrLine>
                        <addrLine>54296 Trier</addrLine>
                        <addrLine>Deutschland</addrLine>
                    </address>
                </publicationStmt>
            <sourceDesc>
                <p>Converted from a Word document</p>
            </sourceDesc>
        </fileDesc>
        <encodingDesc>
            <appInfo>
                <application ident="DHCONVALIDATOR" version="1.22">
                    <label>DHConvalidator</label>
                </application>
            </appInfo>
        </encodingDesc>
        <profileDesc>
            <textClass>
                <keywords scheme="ConfTool" n="category">
                    <term>Paper</term>
                </keywords>
                <keywords scheme="ConfTool" n="subcategory">
                    <term>Workshop</term>
                </keywords>
                <keywords scheme="ConfTool" n="keywords">
                    <term>Workshop</term>
                    <term>Modellierung</term>
                    <term>Software</term>
                    <term>Blender</term>
                    <term>Rekonstruktion</term>
                    <term>3D-Methoden</term>
                    <term>4D-Methoden</term>
                </keywords>
                <keywords scheme="ConfTool" n="topics">
                    <term>Modellierung</term>
                    <term>Einführung</term>
                    <term>Visualisierung</term>
                    <term>3D-Bilder</term>
                    <term>Software</term>
                    <term>Visualisierung</term>
                </keywords>
            </textClass>
        </profileDesc>
    </teiHeader>
    <text>
        <body>
            <p style="text-align: left; ">Der zweitägige Workshop bietet eine Einführung in die 3D-Bearbeitungssoftware Blender (Blender 3.3 LTS). Blender ist eine freie, offen zugängliche und kostenlose 3D-Grafiksoftware, die ursprünglich vor allem in der Videospielbranche reüssieren konnte. Doch mit dem Erstarken der digitalen dreidimensionalen (3D) Modellierung und Rekonstruktion im Bereich der Denkmalwissenschaften, Kulturwissenschaften, Geschichte und ähnlicher Disziplinen, findet sich zunehmend Befürwortung auch aus dem wissenschaftlichen Umfeld. Mit der 3D-Rekonstruktion werden Forschungsgegenstände und -ergebnisse räumlich greifbar und nachvollziehbar. Das Modell wird förmlich zum digitalen Wissensspeicher.</p>
            <div type="div1" rend="DH-Heading1">
                <head>Zielsetzung des Workshops</head>
                <p style="text-align: left; ">Der Workshop soll eine Plattform für ein interessiertes Publikum bilden, das einen umfassenden Einblick in die Funktionsweise von Blender und die daraus resultierenden Workflows erhalten möchte. Vorkenntnisse in der 3D-Modellierung oder mit der Modellierungssoftware sind nicht erforderlich. Fachwissenschaftlich sind für die Einführung keine Grenzen gesetzt, da jede Disziplin und unterschiedliche Forschungsfelder der Digital Humanities eigene Aspekte mit einbringen können und die 3D-Softwarelösung Blender äußerst flexibel einsetzbar ist. Durch Erweiterungen und Zusatzkomponenten kann diese an das eigene, spezifische Arbeitsumfeld angepasst werden.</p>
                <p style="text-align: left; ">Die Teilnehmer*innen des Workshops erwartet ein umfassender Einstieg in die Thematik der 3D-Rekonstruktion, der 4D-Komponente und den aus den digitalen Technologien resultierenden Möglichkeiten für Forschung, Lehre und Kunst- und Kulturvermittlung. Durch die Erweiterung um die vierte Dimension lassen sich Veränderungen und Prozesse, z.B. zeitliche Abfolgen, darstellen. Neben einer an Praxisbeispielen orientierten Einführung in die 3D-Software Blender wird auch eine kritische Diskussion über die Grenzen und Möglichkeiten von 3D-/4D-Rekonstruktionen und -Modellierungen mit den Teilnehmer*innen geführt.</p>
                <p style="text-align: left; ">Am Ende der Veranstaltung soll jede*r Teilnehmer*in reflektiert mit der Thematik der digitalen 3D- und 4D-Modellierung umgehen können, die Grundfunktionen der Software Blender beherrschen und eine Vorstellung von dem Spektrum möglicher Forschungsfragen haben. Zu den Ergebnissen des Workshops gehören unterschiedliche Modelle, die den Teilnehmer*innen auch im Nachhinein zur weiteren Bearbeitung zur Verfügung stehen.</p>
            </div>
            <div type="div1" rend="DH-Heading1">
                <head>3D- und 4D-Methoden für die Digital Humanities</head>
                <p style="text-align: left; ">Methoden, die eine räumliche Visualisierung, eine Rekonstruktion von Orten oder die Darstellung historischer Verläufe und sukzessive Reihenfolgen in der Zeit ermöglichen, können für sämtliche historische Fragestellungen relevant werden. Über die Fragen der Rekonstruktion und Vermittlung von vergangenen Zuständen hinaus ist auch die grundsätzliche Frage nach dem epistemologischen Stellenwert von 3D- und 4D-Methoden betroffen: Welche Aspekte und Zusammenhänge fallen rein durch Visualisierung in den Fokus der Wissenschaft? Über eine genehme Hilfestellung für die Anschaulichkeit oder die Illustration bereits formulierter Thesen hinaus werden 3D- und 4D-Prozesse für bestimmte Konstellationen zum Mittelpunkt der Forschung selbst. Etwa, wenn historische Kausal-, Raum- und Größenverhältnisse erst durch die Anschauung ihre Prägnanz erhalten. Inwiefern wären die Drei- und Vierdimensionalität jedoch „Science Fiction“, so dass die Maximen der wissenschaftlichen Objektivität und der Quellenkritik berührt würden? Könnten die Ergebnisse von Modellierungssoftware unser Erkenntnisinteresse irritieren oder fehlleiten? Im Workshop werden an den jeweiligen Stellen im Rahmen der Lehr-Module diese, die Theorie der Wissenschaftlichkeit der digitalen Modellierung betreffenden, Themen diskutiert.</p>
                <p style="text-align: left; ">Virtuelle Modelle sind zunehmend Teil des Arbeitsprozesses für Forschungsfragen in den Digital Humanities. Es existieren unterschiedliche Methoden, die wiederum abhängig vom Gegenstand und Ziel des Modells sind. Neben Laserscans und photogrammetrischen Aufnahmen sind auch digitale Modellierungen eine Option. Im Gegensatz zum Scan und zur Photogrammetrie, bei denen nur existierende Objekte innerhalb eines Zustandes aufgenommen werden können, kann mit Hilfe der Modellierung ein Objekt gleichsam von Null auf erstellt oder ein bestehendes Modell ergänzt werden. Diese Methode kann zum Beispiel dann zum Einsatz gelangen, wenn ein nicht mehr bestehender Gebäudezustand dargestellt werden soll. Diese digitale 3D-Modellierung hilft bei der Visualisierung von Vergangenem. Wenn neben den optischen Gesichtspunkten der Modellierung auch zeitliche Komponenten wissenschaftlich betrachtet werden sollen, vermag sich die Dreidimensionalität um die vierte Dimension der Zeit zu erweitern. Im Vorfeld einer jeden Modellierung sollte ein kritischer wissenschaftlicher Diskurs stehen, um dem Modell so viele Informationen wie möglich geben zu können, jedoch nicht die Grenze zur freien Interpretation zu überschreiten.</p>
                <p style="text-align: left; ">Grundbegriffe der Theorie und Systematik der wissenschaftlichen Datenmodellierung, wie das System des „Level of Detail“ (LOD), werden ebenfalls in der Veranstaltung erklärt. Die fünf Detaillierungsgrade stufen die Genauigkeit des digitalen 3D-Modells ein: von LOD 0 mit dem sog. Geländemodell bis hin zu LOD 4, einer detaillierten Nachbildung von Innen- und Außenräumen eines Gebäudes (Münster 2019, 53). Durch diese Abstufungen wird die Datenökonomie, als Strategie im Datenlebenszyklus, gewährleistet. So kann beispielsweise eine Gebäuderekonstruktion unmittelbar in einen urbanen Kontext eingebunden werden, ohne eine umfassende Modellierung der Nachbarschaftsbebauung vorzunehmen. Weitere Gebäude werden entsprechend einer vereinfachten Kubatur in LOD 1 oder 2 modelliert.</p>
                <p style="text-align: left; ">Die durch die Software Blender ermöglichte Technologie kann als Baustein im Repertoire weiterer bestehender Technologien zur digitalen 3D- und 4D-Modellierung und -Rekonstruktion gelten. Die Beherrschung der im Workshop vorgestellten Technologien und die Kenntnis der vermittelten exemplarischen Workflows sollen als Erweiterung des Instrumentariums zur Forschungspraxis in den Digital Humanities zu verstehen sein.</p>
            </div>
            <div type="div1" rend="DH-Heading1">
                <head>Open Source Software ‚Blender‘</head>
                <p style="text-align: left; ">Blender entwickelte sich in den letzten Jahren immer mehr zu einer vielseitig einsetzbaren 3D-Softwarelösung. Heute führt an dieser freien und plattformunabhängigen Software für 3D-Modellierungen kaum ein Weg vorbei. Mit ihrem offenen Quellcode und der großen weltweiten Community, durch die Weiterentwicklung und Updates gesichert sind, erweist sie sich daher für den Bereich der Digital Humanities als empfehlenswert. Mit einer beständig wachsenden Community mit zahlreichen Online-Tutorials, Materialien oder gar ganzen Modellen, die vermehrt kostenlos genutzt werden können, wird die Hürde am Anfang auch für den ersten Einstieg niedrig gehalten. Auch fortgeschrittene Nutzer*innen profitieren von den zahlreichen Funktionen und Erweiterungen. Zudem wird Blender als Werkzeug für die Bearbeitung und Erstellung von 3D-Modellen von weiteren Programmen, wie Game Engines oder CAD-Software, unterstützt und erlaubt so einen vereinfachten Datenaustausch zwischen diesen Programmen. Für die wissenschaftliche Modellierung und Rekonstruktion liegen Funktionen wie der Import von Scan-Modellen oder 2D-Grundrissen die Verwendung nahe.</p>
            </div>
            <div type="div1" rend="DH-Heading1">
                <head>Ablauf des Workshops</head>
                <p style="text-align: left; ">Der Workshop findet an zwei Tagen mit jeweils vier Stunden Dauer statt. Im Workshop sollen Kenntnisse über die Grundfunktionen der 3D-Software Blender erlangt werden. Der erste Tag ist der Einführung in die Software gewidmet, am zweiten Tag folgen, aufbauend auf den vorangegangenen Modulen, weitere, fortgeschrittenere Übungen zu den Funktionen der Software.</p>
                <p style="text-align: left; ">Am ersten Workshop-Tag werden, nach einer allgemeinen, überblickshaften Einführung in Chancen, Methoden und Forschungsfelder mit Bezug zu 3D-Software, erste Schritte der 3D-Modellierung vorgeführt und in die Grundlagen von Blender eingeleitet. Im anschließenden Modul liegt der Schwerpunkt auf den Grundprinzipien und Techniken einfacher Modellierung: Grundgeometrien, erste Kolorierung, Speichern, Darstellung und Rendering. Im anschließenden Modul werden Use Cases für 3D-Rekonstruktionen präsentiert. Der erste Workshop-Tag schließt mit einer Einführung in einen Workflow für den Forschungsprozess, Modul „Workflow I“: 2D-/3D-Pläne bzw. -Karten, Skalierung und Georeferenzierung.</p>
                <p style="text-align: left; ">Am zweiten Workshop-Tag erfolgt, nach einer kurzen Rekapitulation der vorangegangenen Module, der zweite Teil der Einführung in den Workflow innerhalb von Blender, das Modul „Workflow II“: Modellierung von Architektur, Texturierung, das Mapping von Bildern, das Thema Beleuchtungssituation sowie Rendern, Animation und Speichern/Export von Dateien. Schließlich werden die 3D-Fragestellungen um die vierte Dimension erweitert. Abschließend findet eine Schlussdiskussion statt.</p>
                <p style="text-align: left; ">Grundsätzlich sollen die Teilnehmer*innen befähigt werden, ein Verständnis für mögliche Forschungsfragen aus dem 3D-/4D-Bereich zu entwickeln. An beiden Tagen finden Diskussionen und kritische Reflektionen der Potentiale und Grenzen der erlernten Technologien für Forschungsfragen der Digital Humanities statt.</p>
            </div>
            <div type="div1" rend="DH-Heading1">
                <head>Zur Organisation</head>
                <p style="text-align: left; ">Max. Teilnehmer*innenzahl: 15</p>
                <p style="text-align: left; ">Teilnehmer*innen benötigen einen eigenen Laptop mit Internetzugang und vorab installierter Blender-Software, Version 3.3 LTS (Download: Blender 2022a, Handbuch: Blender 2022b). Die Systemanforderungen können über die Blender-Webseite abgefragt werden (Blender 2022d). Für die Bedienung der Software wird zudem eine Maus mit integriertem Mausrad benötigt. Der Workshop findet an zwei Tagen mit je vier Stunden Dauer statt. Technische Ausstattung vor Ort: Beamer und WLAN.</p>
                <p style="text-align: left; ">Die Referent*innen stellen im Vorfeld des Workshops ein digitales Dossier mit Informationsmaterial und Daten auf GitHub (
                    <ref target="https://github.com/manuelhunziker/blendergoesdhd">https://github.com/manuelhunziker/blendergoesdhd</ref>) zur Verfügung.
                </p>
            </div>
            <div type="div1" rend="DH-Heading1">
                <head>Beitragende und Kontaktdaten</head>
                <p style="text-align: left; ">
                    <hi rend="bold">Manuel Hunziker</hi> (manuel.hunziker@lmu.de) (ORCID: 0000-0002-4684-938X) ist wissenschaftlicher Mitarbeiter und Dozent für Digitale Archäologie am Department für Kulturwissenschaften und Altertumskunde der Ludwig-Maximilians-Universität München. Als Kulturinformatiker setzt er zudem für das Museum für Abgüsse Klassischer Bildwerke in München digitale Strategien zur barrierefreien Vermittlung und zur musealen Inszenierung um. Er studierte Angewandte Informatik sowie Klassische Archäologie an der Universität Heidelberg und Denkmalpflege an der Universität Bamberg. Sein aktueller Forschungsschwerpunkt liegt in der Anwendung und Entwicklung computergestützter Verfahren zur dreidimensionalen Dokumentation, Visualisierung und virtuellen Rekonstruktion in den archäologischen Wissenschaften.
                </p>
                <p style="text-align: left; ">
                    <hi rend="bold">Waltraud von Pippich</hi> (waltraud.v.pippich@kunstgeschichte.org) (ORCID: 0000-0002-4555-2816) Forschungsprojekt zur 3D-Visualisierung von Farbräumen, Fraunhofer-Institut für Graphische Datenverarbeitung IGD Darmstadt, Forschungsprojekt „Rot rechnen“ zur digitalen Farbanalyse, Schwerpunkte in der Theorie der Digital Humanities, digitale Bild- und Farbanalyse, Methoden der Stilometrie von Bild und Text, Methoden der Visualisierung, Rechtsfragen in Forschung und Entwicklung, politische Ikonographie, digitale Kunstgeschichte.
                </p>
                <p style="text-align: left; ">
                    <hi rend="bold">Berenike Rensinghoff</hi> (berenike.rensinghoff@hotmail.de) (ORCID: 0000-0002-2717-3409) arbeitet als Trainee an der Akademie der Wissenschaften und der Literatur Mainz in der Abteilung Digitale Akademie für das Akademienvorhaben Corpus Vitrearum Medii Aevi (CVMA) Deutschland. Sie ist ebenfalls Mitorganisatorin des 3D Hackathons 2022 Creating New Dimensions. Im Rahmen der Masterarbeit im Studiengang Digitale Denkmaltechnologien an der Universität Bamberg und der Hochschule Coburg erstellte sie digitale 3D-Modelle und -Rekonstruktionen des Badezimmers des Palais Beauharnais in Paris. Aktuell modelliert sie für das CVMA Deutschland Glasmalereien mit Blender.
                </p>
            </div>
        </body>
        <back>
            <div type="bibliogr">
                <listBibl>
                    <head>Bibliographie</head>
                    <bibl style="text-align: left; ">
                        <anchor xml:id="Hlk121940094"/>Blender. 2022a. „Blender 3.3 LTS.“ In 
                        <hi rend="italic">blender.org</hi>. 
                        <ref target="https://www.blender.org/download/lts/3-3/">https://www.blender.org/download/lts/3-3/</ref> (zugegriffen: 14. Dezember 2022).
                    </bibl>
                    <bibl style="text-align: left; ">Blender. 2022b. „Blender 3.3 Reference Manual.“ In 
                        <hi rend="italic">Blender Documentation</hi>: User Manual. 
                        <ref target="https://docs.blender.org/manual/en/3.3/">https://docs.blender.org/manual/en/3.3/</ref> (zugegriffen: 14. Dezember 2022).
                    </bibl>
                    <bibl style="text-align: left; ">Blender. 2022c. „Home of the Blender project.“ In 
                        <hi rend="italic">blender.org</hi>. 
                        <ref target="https://www.blender.org/">https://www.blender.org/</ref> (zugegriffen: 14. Dezember 2022).
                    </bibl>
                    <bibl style="text-align: left; ">Blender. 2022d. „Requirements.“ In 
                        <hi rend="italic">blender.org</hi>: Download. 
                        <ref target="https://www.blender.org/download/requirements/">https://www.blender.org/download/requirements/</ref> (zugegriffen: 14. Dezember 2022).
                    </bibl>
                    <bibl style="text-align: left; ">Denard, Hugh (Hrsg.). 2009. London Charter. For the Computer-based Visualisation of Cultural Heritage. Draft 2.1. 7 February 2009. London. 
                        <ref target="http://www.londoncharter.org/">http://www.londoncharter.org/</ref> (zugegriffen: 14. Dezember 2022).
                    </bibl>
                    <bibl style="text-align: left; ">Kohle, Hubertus. 2017. „Digitale Rekonstruktion und Simulation.“ In 
                        <hi rend="italic">Digital Humanities. Eine Einführung</hi>, hg. von Fotis Jannidis, Hubertus Kohle, Malte Rehbein, 315–327. Stuttgart: J.B. Metzler. 
                        <ref target="https://doi.org/10.1007/978-3-476-05446-3_22">https://doi.org/10.1007/978-3-476-05446-3_22</ref>.
                    </bibl>
                    <bibl style="text-align: left; ">Münster, Sander. 2019. „Die Begrifflichkeiten der 3D-Rekonstruktion.“ In 
                        <hi rend="italic">Der Modelle Tugend 2.0: Digitale 3D-Rekonstruktion als virtueller Raum der architekturhistorischen Forschung</hi>, hg. von Piotr Kuroczyński, Mieke Pfarr-Harfst und Sander Münster, 38–57. Computing in Art and Architecture 2. Heidelberg: arthistoricum.net. 
                        <ref target="https://doi.org/10.11588/arthistoricum.515.c7444">https://doi.org/10.11588/arthistoricum.515.c7444</ref>.
                    </bibl>
                </listBibl>
            </div>
        </back>
    </text>
</TEI>
