<?xml version="1.0" encoding="UTF-8"?>
<TEI xml:id="REUL_Christian_Synoptische_Interfaces_Digitaler_Editionen" xmlns="http://www.tei-c.org/ns/1.0">
    <teiHeader>
        <fileDesc>
            <titleStmt>
                <title type="full">
                    <title type="main">Synoptische Interfaces Digitaler Editionen</title>
                    <title type="sub"/>
                </title>
                <author>
                    <persName>
                        <surname>Herbst</surname>
                        <forename>Yannik</forename>
                    </persName>
                    <affiliation>Zentrum für Philologie und Digitalität (ZPD), Universität Würzburg, Deutschland</affiliation>
                    <email>yannik.herbst@stud-mail.uni-wuerzburg.de</email>
                    <idno type="ORCID">0000-0002-6547-9599</idno>
                </author>
                <author>
                    <persName>
                        <surname>Roeder</surname>
                        <forename>Torsten</forename>
                    </persName>
                    <affiliation>Zentrum für Philologie und Digitalität (ZPD), Universität Würzburg, Deutschland</affiliation>
                    <email>torsten.roeder@uni-wuerzburg.de</email>
                    <idno type="ORCID">0000-0001-7043-7820</idno>
                </author>
                <author>
                    <persName>
                        <surname>Reul</surname>
                        <forename>Christian</forename>
                    </persName>
                    <affiliation>Zentrum für Philologie und Digitalität (ZPD), Universität Würzburg, Deutschland</affiliation>
                    <email>christian.reul@uni-wuerzburg.de</email>
                    <idno type="ORCID">0000-0002-1776-1469</idno>
                </author>
            </titleStmt>
            <editionStmt>
                <edition>
                    <date>2022-07-15T12:29:02.850000000</date>
                </edition>
            </editionStmt>
            <publicationStmt>
                    <publisher>Culture and Computation Lab</publisher>
                    <address>
                        <addrLine>Université du Luxembourg</addrLine>
                        <addrLine>2, Avenue de l'Université</addrLine>
                        <addrLine>L-4365 Esch-sur Alzette</addrLine>
                        <addrLine>Luxembourg</addrLine>
                    </address>
                    <publisher>Luxembourg Centre for Contemporary and Digital History</publisher>
                    <address>
                        <addrLine>Université du Luxembourg</addrLine>
                        <addrLine>2, Avenue de l'Université</addrLine>
                        <addrLine>L-4365 Esch-sur Alzette</addrLine>
                        <addrLine>Luxembourg</addrLine>
                    </address>
                    <publisher>Trier Center for Digital Humanities</publisher>
                    <address>
                        <addrLine>Universität Trier</addrLine>  
                        <addrLine>Universitätsring 15</addrLine>
                        <addrLine>54296 Trier</addrLine>
                        <addrLine>Deutschland</addrLine>
                    </address>
                </publicationStmt>
            <sourceDesc>
                <p>Converted from an OASIS Open Document</p>
            </sourceDesc>
        </fileDesc>
        <encodingDesc>
            <appInfo>
                <application ident="DHCONVALIDATOR" version="1.22">
                    <label>DHConvalidator</label>
                </application>
            </appInfo>
        </encodingDesc>
        <profileDesc>
            <textClass>
                <keywords scheme="ConfTool" n="category">
                    <term>Paper</term>
                </keywords>
                <keywords scheme="ConfTool" n="subcategory">
                    <term>Vortrag</term>
                </keywords>
                <keywords scheme="ConfTool" n="keywords">
                    <term>Digitale Edition</term>
                    <term>Synopse</term>
                    <term>Interface</term>
                    <term>Software-Entwicklung</term>
                </keywords>
                <keywords scheme="ConfTool" n="topics">
                    <term>Webentwicklung</term>
                    <term>Visualisierung</term>
                    <term>Software</term>
                    <term>Visualisierung</term>
                </keywords>
            </textClass>
        </profileDesc>
    </teiHeader>
    <text>
        <body>
            <div type="div1" rend="DH-Heading1">
                <head>Das Prinzip Synopse</head>
                <p>Digitale Editionen stehen häufig vor der Herausforderung, verschiedene Zustände eines Dokuments oder auch Varianten eines Textes in einer gegenüberstellenden Ansicht, also synchron anzeigen zu wollen. Das erstere Szenario ist dokumentenbezogen und kann beispielsweise dem Vergleich von Digitalisat, diplomatischer Transkription, Lesetext, XML-Text oder Plaintext dienen (Abb. 1), während das andere Szenario textbezogen ist und der Vermittlung von unterschiedlichen Überlieferungszuständen oder textgenetischen Verwandtschaften dient (Abb. 2). Dem jeweiligen Dokument oder Text können ferner Kommentare, Annotationen, Apparate und Metadaten anbeigestellt werden.</p>
                <p>
                    <figure>
                        <graphic url="Pictures/8a90bc8066d49d00279ebee8546b590c.png"/>
                        <head><p>Abb. 1: Dokumentbezogene synoptische Darstellung. Exemplarischer Screenshot: Theodor Fontane, "Notizbuch A1".
                    <hi rend="italic"> Theodor Fontane: Notizbücher. Digitale genetisch-kritische und kommentierte Edition.</hi>
                    <ptr target="https://fontane-nb.dariah.eu/edition.html?id=/xml/data/1zzdk.xml&amp;page=outer_front_cover"/>(zugegriffen: 14. Dezember 2022).
                </p></head>
                    </figure>
                </p>
                
                <p>
                    <figure>
                        <graphic url="Pictures/b39e62b33ee242877c079c267451aba0.png"/>
                        <head><p>Abb. 2: Textbezogene synoptische Darstellung mit flexiblen Spaltenmanagement. Exemplarischer Screenshot: Märchen "Rumpelstilzchen" (nach den 
                    <hi rend="italic">Kinder- und Hausmärchen</hi> der Gebrüder Grimm). 
                    <hi rend="italic">LERA – Locate, Explore, Retrace and Apprehend complex text variants.</hi>
                    <ptr target="https://lera.uzi.uni-halle.de/editions/3?lang=de"/>(zugegriffen: 14. Dezember 2022).
                </p></head>
                    </figure>
                </p>
                
                <div type="div2" rend="DH-Heading2">
                    <head>Interfaces mit mehrspaltigem Layout</head>
                    <p>Interfaces digitaler Editionen adressieren diese Herausforderungen fast immer mithilfe eines mehrspaltigen Layouts. Die sogenannte Synopse (abgeleitet von griech. 
                        <hi rend="italic">syn-optikós</hi> "das Ganze zusammensehend") ist eine klassische Darstellungsform, bei der zueinander in Beziehung stehende Dokumente oder Texte in zwei oder mehr Spalten nebeneinander angezeigt werden (vgl. das Konzept der "Composite Design Patterns", dazu z. B. Javed/Elmqvist 2012). Die Beziehung zwischen den gegenübergestellten Ressourcen drückt sich in dem jeweiligen Punkt der Synchronisierung aus: Diese kann beispielsweise an Seiten, Absätzen oder auch an einzelnen Zeilen vorgenommen werden. Das Layout erzeugt aus diesen Synchronisations-Punkten die 'ersichtliche' Verbindung zwischen den abgebildeten Ressourcen (zum Prinzip der "Juxtaposition" und die Kombination mit anderen Abbildungsmethoden vgl. Gleicher et al. 2011). Hingegen ist in den Daten diese visualisierte Verbindung nicht immer explizit abgelegt, sondern kann auch in einem 'soften' Konstrukt bestehen, beispielsweise indem regulär aufgebaute IDs und konsekutive Nummerierung verwendet werden, um Digitalisat und XML-Dateien abzugleichen. Denkbar ist zudem, dass zwei nebeneinanderstehende Texte aus ein und demselben Dokument generiert werden, wie etwa eine diplomatische Umschrift mit einem aufgeschlüsselten Lesetext daneben, oder auch zwei Textfassungen auf der Grundlage eines textkritischen Inline-Apparats.
                    </p>
                </div>
                <div type="div2" rend="DH-Heading2">
                    <head>Divergenz der Ansätze</head>
                    <p>Synoptische Ansichten werden aktuell fast ausschließlich individuell für die jeweiligen Editionsprojekte konzipiert und programmiert. Eine Ursache dafür ist darin zu sehen, dass die jeweils gegenüberzustellenden Inhalte von Projekt zu Projekt extrem unterschiedlich ausfallen können, sowohl in der Art ihrer Beziehung zueinander, als auch in der eigenen Ausprägung. Dokumentenzentrierte Ansätze wie z. B. im 
                        <hi rend="italic">Deutschen Textarchiv</hi> (Abb. 3) und in 
                        <hi rend="italic">DiScholEd</hi> (Abb. 4) stellen einzelnen Digitalisaten verschiedene Derivate der dazugehörigen XML-Codierung gegenüber.
                    </p>
                    <p>
                        <figure>
                            <graphic url="Pictures/13ce8538d5052d505eae2bd1f9517ada.png"/>
                            <head><p>Abb. 3: Dokumentenzentrierter Ansatz. Exemplarischer Screenshot: Gottfried Keller, "Der grüne Heinrich", 
                        <hi rend="italic">Deutsches Textarchiv</hi>. 
                        <ptr target="https://www.deutschestextarchiv.de/book/view/keller_heinrich01_1854?p=9"/> (zugegriffen: 14. Dezember 2022).
                    </p></head>
                        </figure>
                    </p>
                    
                    <p>
                        <figure>
                            <graphic url="Pictures/a413a29653633309b701e3674188f2a6.png"/>
                            <head><p>Abb. 4: Dokumentenzentrierter Ansatz mit nutzerseitiger Auswahl der Spalteninhalte. Exemplarischer Screenshot: E. T. A. Hoffmann, "Der Sandmann", hg. von Anna Busch. 
                        <hi rend="italic">Briefe und Texte aus dem intellektuellen Berlin um 1800</hi>, hg. von Anne Baillot. 
                        <ptr target="https://discholed.huma-num.fr/exist/apps/discholed/bi/corpus/Sandmann.xml?root=3.4.2.2.24"/>(zugegriffen: 14. Dezember 2022).
                    </p></head>
                        </figure>
                    </p>
                    
                    <p>Projekte mit Fokus auf Textgenese stellen indessen mehrere Textdokumente gegenüber und setzen diese in der Regel nach Strukturabschnitten (Kapitel, Absätze, Zeilen) in Beziehung – was einen völlig anderen Präsentationsansatz darstellt. In diesem Fall gehen die Ansätze zudem in divergente Richtungen, deren Pole einerseits durch eine platzintensive Rasterdarstellung wie z. B. in LERA (Abb. 2) und andererseits durch ein auf eine Spalte (!) verdichtetes Konzept wie z. B. in der "spinal edition" des 
                        <hi rend="italic">Frankenstein Variorums</hi> (Abb. 5) gebildet werden. Es besteht somit der Bedarf an einem allgemeinen Modell synoptischer Präsentationskonzepte, welches die Grundlage eines generischen Interface-Frameworks für Digitale Editionen bilden könnte.
                    </p>
                    <p>
                        <figure>
                            <graphic url="Pictures/0b07dc3aaee3cf582f2ed9324e45605a.png"/>
                            <head><p>Abb. 5: Verdichtung der Synopse auf eine einzelne Spalte. Exemplarischer Screenshot: 
                        <hi rend="italic">Frankenstein Variorum</hi>, hg. von Elisa Beshero-Bondar, Rikk Mulligan und Raffaele Viglianti. 
                        <ptr target="https://frankensteinvariorum.github.io/viewer/viewer"/>(zugegriffen: 14. Dezember 2022).
                    </p></head>
                        </figure>
                    </p>
                    
                    <p>Des Weiteren erlauben bestehende Ansätze bereits die nutzerseitige Auswahl der Spalteninhalte wie bei DTA (Abb. 3) und 
                        <hi rend="italic">DiScholEd</hi> (Abb. 4), teils sogar mit der zusätzlichen Möglichkeit des Spaltenmanagements wie bei den 
                        <hi rend="italic">Fontane Notizbüchern</hi> (Abb. 1) und im generischen 
                        <hi rend="italic">EVT Viewer</hi> (Abb. 6). Dies ist insbesondere mit steigender Zahl der Spalten notwendig (vgl. LERA, Abb. 2).
                    </p>
                    <p>
                        <figure>
                            <graphic url="Pictures/f899253f8dd891a4f813c56cbc1695e6.png"/>
                            <head><p>Abb. 6: Synoptische Darstellung mit flexiblen Spaltenmanagement, hier im EVT Viewer [Abk. für Edition Visualization Technology]. Exemplarischer Screenshot: 
                        <hi rend="italic">Codice Pelavicino</hi>, hg. von Enrica Salvatori und Edilio Riccardini. 
                        <ptr target="http://pelavicino.labcd.unipi.it/evt"/>(zugegriffen: 14. Dezember 2022).
                    </p></head>
                        </figure>
                    </p>
                    
                    <p>Als nicht nur technische, sondern vor allem auch konzeptionelle Herausforderung kommt noch Responsivität hinzu. Das Nutzungskonzept der Edition muss sich an unterschiedliche Endgeräte – und damit an die mögliche Zahl der sichtbaren (!) Spalten – anpassen können. Letzteres hat einen unmittelbaren Einfluss auf die Zugänglichkeit und Nutzbarkeit der Ressourcen. Dies hat außerdem zur Folge, dass die oben genannten divergierenden Präsentationskonzepte für die Gegenüberstellung verschiedener Textvarianten behandelt werden müssen, was schließlich auf ein Konzept hinausläuft, welches grundsätzlich von einer variablen Spaltenzahl ausgeht.</p>
                    <p>Einen weiteren Aspekt bringt das Projekt TAPAS (Abb. 7) ein, welches dem Nutzer die Auswahl der dem Layout zugrundeliegenden XML-Renderingskripte erlaubt, die zudem jeweils responsiv agieren. Dies verdeutlicht nicht nur, dass die Grundlage für anpassbare Lösungen in der Trennung zwischen Daten- und Präsentationsschicht besteht, sondern gerade auch, dass dieser Umstand prinzipiell für Interfaces nutzbar ist, sofern die spezifische Abbildungslogik einmal formalisiert wurde. Der hier aufgezeigte Weg ist z. B. mithilfe von XSLT und ggf. ODD vollständig innerhalb des X-Technologiestacks umsetzbar (näheres bei Flanders/Hamlin 2013).</p>
                    <p>
                        <figure>
                            <graphic url="Pictures/e8cf7c70c04255840b711b85e09c9ea7.png"/>
                            <head><p>Abb. 7: Synoptische Präsentation von TAPAS. Exemplarischer Screenshot: François-Joseph Bérardier de Bataut, "Sixième entretien. Narration historique", 
                        <hi rend="italic">Essai sur le récit</hi>, hg. von Christof Schöch. TAPAS. 
                        <ref target="http://www.tapasproject.org/berardier/files/sixième-entretien-narration-historique">http://www.tapasproject.org/berardier/files/sixi%C3%A8me-entretien-narration-historique</ref>(zugegriffen am 14. Dezember 2022).
                    </p></head>
                        </figure>
                    </p>
                    
                </div>
            </div>
            <div type="div1" rend="DH-Heading1">
                <head>Die Software "Synopticon"</head>
                <p>Das Software-Entwicklungsprojekt 
                    <hi rend="italic">Synopticon</hi> (vgl. Herbst 2022, auf GitHub verfügbar) verfolgt das Ziel, die typischen Anforderungen spaltenorientierter Interfaces digitaler Editionen in einer generischen Lösung zusammenzufassen, so dass es perspektivisch in bestehende Webseiten digitaler Editionen mit geringem Aufwand eingebunden werden kann. Auch die Einbindung in Editions-Frameworks wird verfolgt: So ist Synopticon bereits mit der modularen Architektur von 
                    <hi rend="italic">ediarum</hi> (Berlin-Brandenburgische Akademie der Wissenschaften 2022), das ebenfalls auf einen X-Technologiestack aufbaut, kombinierbar.
                </p>
                <p>Um den unterschiedlichen Ansprüchen verschiedener Editions-Nutzungs-Konzepte zu entsprechen, können in der individuellen Konfiguration von Synopticon Beschreibungen der Text- und Dokumentenrelationen abgelegt werden. Dabei wird zwischen Textansichten (bspw. diplomatische Ansichten, konstitutive Lesetexte, Textvarianten etc.) und Zusatzinformationen (bspw. kritischer Apparat, Informationen zum Textumfeld etc.) unterschieden. Das Projekt ging hervor aus der Bachelor-Arbeit von Yannik Herbst (2021), die am Zentrum für Philologie und Digitalität (ZPD) der Universität Würzburg bereut wurde. Im Jahr 2022 erhielt das Projekt eine Förderung vom Universitätsbund Würzburg und bildet inzwischen eine Basiskomponente im Portfolio des ZPD.</p>
                <div type="div2" rend="DH-Heading2">
                    <head>Herausforderungen</head>
                    <p>Eine allgemeine Herausforderung stellt zunächst die Synchronisierung der Ansichten in Abhängigkeit von verschiedenen User-Interaktionen dar (Blättern, Scrollen etc.). Diese müssen projektspezifisch und in Abhängigkeit von dem jeweiligen Editionskonzept konfigurierbar sein, bilden also einen Teil der generischen Synopticon-Konfiguration. Zudem müssen dort weitere User-Interaktionen einbezogen werden, die ebenfalls eine Veränderung des Spalteninhalts hervorrufen oder sogar eine Resegmentierung des Textes zur Folge haben können (ähnlich LERA, vgl. Pöckelmann et al. 2022). Eine weitere Herausforderung besteht in den Konfigurationsmöglichkeiten der Spalten in Abhängigkeit von dem allgemeinen Nutzungskonzept der digitalen Edition. Daran knüpft sich zugleich die responsiv bedingte Variierbarkeit der sichtbaren Spalten und die jeweiligen Anpassungen des Nutzungskonzepts. Diese zahlreichen teils nutzer- teils projektspezifischen Anpassungen, die ermöglicht werden sollen, werfen Fragen der Referenzierbarkeit auf. Im Kontext von digitalen Editionen müssen Ansichten derselben reproduzierbar und zitierfähig sein.</p>
                </div>
                <div type="div2" rend="DH-Heading2">
                    <head>Umsetzung als Software-Architektur</head>
                    <p>Für Frontend und Backend von Synopticon kommen unterschiedliche Open-Source-Frameworks zum Einsatz (Abb. 8). Im Frontend sorgt 
                        <hi rend="italic">Vue.js</hi> für die Organisation der verschiedenen Informationen und Strukturen. Auf Benutzerwunsch (bspw. Auswahl einer Textvariante) werden Anfragen an die von ediarum.Web gestellte Schnittstelle geschickt. Diese liefert als Antwort entweder HTML-Bruchstücke oder JSON, wobei die HTML Bruchstücke durch XSLT Transformationen ("Views") der zugrunde liegenden XML Dateien erzeugt werden.
                    </p>
                    <p>
                        <figure>
                            <graphic url="Pictures/d91e5238bc4baa7228be209f4a42b392.png"/>
                            <head><p>Abb. 8: Makrostruktur einer mittels Synopticon umgesetzten digitalen Editions-Webapplikation. Grafik: Yannik Herbst.</p></head>
                        </figure>
                    </p>
                    
                    <p>Das Frontend wurde mit dem JavaScript-Framework 
                        <hi rend="italic">Vue.js</hi> (You 2022) realisiert. Um zu ermöglichen, dass das Frontend in viele unterschiedliche Projekte aufgenommen werden kann, wurde es als Single-Page-Anwendung konzipiert, welche mittels einer JavaScript-, einer CSS- und einer Konfigurations-Datei in bestehende Webseiten eingebunden wird. Der modulare und auf wiederverwertbaren Komponenten aufbauende Ansatz von 
                        <hi rend="italic">Vue.js</hi> sowie die Konfiguration von 
                        <hi rend="italic">Synopticon</hi> ermöglicht es, projektspezifische Anforderungen mithilfe bereits bestehender Konfigurations- und Softwarekomponenten aus anderen Projekten zu realisieren. Somit wird der Weg für ein nachhaltiges und nachnutzbares Softwaredesign geebnet.
                    </p>
                    <p>Als Framework kommt aktuell 
                        <hi rend="italic">ediarum.WEB</hi> (Fechner 2022) zum Einsatz, das im Bereich der digitalen Editionen bereits verbreitet ist. Dieses dient der Kommunikation zwischen Frontend und der XML-Datenbank 
                        <hi rend="italic">eXist</hi> (Meier 2022) des Backends und enthält die dazu notwendigen Schnittstellen und Konfigurationsmöglichkeiten. Außerdem beinhaltet es notwendige Konsistenzchecks und Error-Handling. Das Ökosystem von 
                        <hi rend="italic">ediarum</hi> (.BASE.edit, .REGISTER.edit, .WEB, .DB) bietet außerdem die Möglichkeit, den gesamten Workflow von Datenakquise bis hin zur Präsentation zu integrieren. Dieser Workflow, inklusive der Präsentation mittels Synopticon, wird derzeit in verschiedenen am ZPD betreuten Projekten erprobt.
                    </p>
                </div>
                <div type="div2" rend="DH-Heading2">
                    <head>Aktuelle Beispielprojekte</head>
                    <p>Drei aktuelle Usecases decken diverse Synchronisations-Beziehungen ab. Ein Beispiel ist das DFG-geförderte Projekt 
                        <hi rend="italic">Narragonia </hi>
                        <hi rend="italic">L</hi>
                        <hi rend="italic">atina</hi> (Baier/Hamm 2021), in dessen BMBF-Vorgängerprojekt 
                        <hi rend="italic">Narragonien </hi>
                        <hi rend="italic">D</hi>
                        <hi rend="italic">igital</hi> (Burrichter/Hamm 2021) eine projektspezifische Synopse entwickelt wurde, die als Ausgangspunkt bzw. als Inspiration für die Entwicklung der generischen Lösung 
                        <hi rend="italic">Synopticon</hi> diente. Das Projekt erarbeitet eine kommentierte zweisprachige Hybridedition der beiden lateinischen "Narrenschiffe" von Jakob Locher (1497) und Jodocus Badius (1505), die verschiedene Druckausgaben, insbesondere Übersetzungen desselben Originalwerkes gegenüberstellt (Abb. 9) und die beiden "Narrenschiffe" mittels eines digitalen Kapitel-Kommentars interdisziplinär und vergleichend erläutert.
                    </p>
                    <p>
                        <figure>
                            <graphic url="Pictures/5a7acb661a7df5142319ec4551b26d81.png"/>
                            <head><p>Abb. 9: Synoptische Vergleichsansicht zweier Ausgaben desselben Originalwerkes im Projekt 
                        <hi rend="italic">Narragonien digital</hi> (Burrichter/Hamm 2021). Exemplarischer Screenshot: "Das Narren Schyff / La nef des folz du monde", 
                        <ptr target="https://www.narragonien-digital.de/exist/synopsis.html?book1=GW5041&amp;chap1=GW5041n2&amp;book2=GW5065&amp;chap2=GW5065n1"/>(zugegriffen: 14. Dezember 2022).
                    </p></head>
                        </figure>
                    </p>
                    
                    <p>Ein weiteres Beispiel ist das interdisziplinär ausgerichtete Akademieprojekt 
                        <hi rend="italic">Richard Wagner Schriften</hi>, dessen Ziel es ist, erstmals die gesamte Hinterlassenschaft der rund 230 Texte Richard Wagners mit ca. 5.000 Seiten Umfang auf Basis aller überlieferter historischer Textzeugen philologisch zu erschließen und in einer vollständigen, historisch-kritischen Edition der Schriften mit umfassendem Kommentar zu bündeln. Dabei werden einem Text sowohl sein Apparat, sein Textumfeld und ggf. vorhandene Digitalisate gegenübergestellt (Abb.10).
                    </p>
                    <p>
                        <figure>
                            <graphic url="Pictures/d2e410fbafd77ae96fb0d7901cd2645f.png"/>
                            <head><p>Abb.10: Projektspezifische Anpassung der durch Synopticon zur Verfügung gestellten Funktionalität für die Gegenüberstellung von Text mit einem dazugehörigen textkritischen Apparat. Exemplarischer Screenshot: Richard Wagner, "Le Freischutz". In 
                        <hi rend="italic">Richard Wagner Schriften</hi>. 
                        <ref target="https://wagner-schriften.de/">https://wagner-schriften.de</ref>(zugegriffen: 14. Dezember 2022).
                    </p></head>
                        </figure>
                    </p>
                    
                </div>
            </div>
            <div type="div1" rend="DH-Heading1">
                <head>Zusammenfassung und Ausblick</head>
                <p>
                    <hi rend="italic">Synopticon</hi> bündelt mehrere verschiedene konzeptionelle Anforderungen spaltenorientierter Layouts digitaler Editionen. Vor dem Hintergrund zahlreicher Beispiele aus bereits bestehenden, projektspezifischen Lösungen betont der vorliegende Ansatz die Notwendigkeit einer verallgemeinerten Formalisierung von Interfaces bezüglich deren Layouts und deren Funktionalitäten. Hinsichtlich der Nachhaltigkeit der Infrastrukturen für digitale Editionen und deren Interfaces kann in einem solchen Modell eine Schlüsselfunktion bestehen.
                </p>
                <p>Seitens des ZPDs wird 
                    <hi rend="italic">Synopticon</hi> bereits als Standardinstrument für synoptische Interfaces digitaler Editionen genutzt und kontinuierlich weiterentwickelt. Es wird angestrebt, im Rahmen zukünftiger Editionsprojekte sowohl die Funktionalität als auch die Interoperabilität von Synopticon zu erweitern: Perspektivisch soll 
                    <hi rend="italic">Synopticon</hi> zunächst modular kompatibel zur Editionssoftware 
                    <hi rend="italic">ediarum</hi> werden, bevor die Kombinierbarkeit mit anderen Frameworks weiter ausgelotet wird. Als weiterer konzeptioneller Bestandteil wird die generische Einbindung von Digitalisaten durch das 
                    <hi rend="italic">Image Interoperability Framework</hi> (IIIF) angestrebt. Des Weiteren zeigten Jänicke et al. (2017) bereits auf, dass synoptische Ansichten nicht nur Nutzungsszenarien des klassischen 
                    <hi rend="italic">close reading</hi> bedienen, sondern durchaus auch in der Lage sind, auch Distant Reading oder kombinierte Methoden zu befördern, so dass mit hinzukommenden Kooperationsprojekten eine weitere Flexibilisierung von 
                    <hi rend="italic">Synopticon</hi> in Aussicht steht. Ferner könnten zukünftig auch Schnittstellen zu Textanalyse-Tools (z. B. 
                    <hi rend="italic">Voyant</hi>, LERA, etc.) und nach den Richtlinien der 
                    <hi rend="italic">Text Encoding Initiative</hi> (TEI) ausgezeichnete Textkorpora (ggf. via NFDI Text+) eingebunden werden.
                </p>
            </div>
        </body>
        <back>
            <div type="bibliogr">
                <listBibl>
                    <head>Bibliographie</head>
                    <bibl>Baier, Thomas; Hamm, Joachim. 2021. 
                        <hi rend="italic">Narragonia latina: Kommentierte zweisprachige Hybridedition der lateinischen Narrenschiffe von J. Locher und J. Badius (1497/1505).</hi>
                        <ref target="https://www.narragonia-latina.de/">https://www.narragonia-latina.de</ref> (zugegriffen: 14. Dezember 2022).
                    </bibl>
                    <bibl>Burrichter, Brigitte; Hamm, Joachim. 2021. 
                        <hi rend="italic">Narragonien digital. Digitale Textausgaben von europäischen 'Narrenschiffen' des 15. Jahrhunderts.</hi>
                        <ref target="https://narragonien-digital.de/">https://narragonien-digital.de</ref> (zugegriffen: 14. Dezember 2022).
                    </bibl>
                    <bibl>Berlin-Brandenburgische Akademie der Wissenschaften. 2022. ediarum - Digitale Editionen erstellen und publizieren. 
                        <ref target="https://www.ediarum.org/">https://www.ediarum.org</ref> (zugegriffen: 14. Dezember 2022).
                    </bibl>
                    <bibl>Fechner, Martin. 2022. ediarum.WEB Version 1.13.4. Zenodo, 
                        <ref target="https://doi.org/10.5281/zenodo.5940545">10.5281/zenodo.5940545</ref>.
                    </bibl>
                    <bibl>Flanders, Julia; Hamlin, Scott. 2013. "TAPAS: Building a TEI Publishing and Repository Service". In 
                        <hi rend="italic">Journal of the Text Encoding Initiative</hi> 5, 
                        <ref target="https://doi.org/10.4000/jtei.788">10.4000/jtei.788</ref>.
                    </bibl>
                    <bibl>Gleicher, Michael; Albers, Danielle; Walker, Rick; Jusufi, Ilir; Hansen, Charles D.; Roberts, Jonathan C. 2011. "Visual comparison for information visualization." In 
                        <hi rend="italic">Information Visualization</hi> 10(4): 289–309, 
                        <ref target="http://dx.doi.org/10.1177/1473871611416549">10.1177/1473871611416549</ref>.
                    </bibl>
                    <bibl>Herbst, Yannik. 2021. "Implementierung eines generischen Frameworks zur Visualisierung synoptischer Ansichten in digitalen Editionen". Bachelor-Thesis, Julius-Maximilians-Universität Würzburg (unveröffentlicht).</bibl>
                    <bibl>Herbst, Yannik. 2022. Synopticon. 
                        <ptr target="https://github.com/zpd-digital-editions/Synopticon"/>(zugegriffen: 14. Dezember 2022).
                    </bibl>
                    <bibl>Jänicke, Stefan; Franzini, Greta; Cheema, Muhammad F.; Scheuermann, Gerik. 2017. "Visual text analysis in digital humanities." In 
                        <hi rend="italic">Computer Graphics Forum</hi> 36(6): 226-250, 
                        <ref target="https://doi.org/10.1111/cgf.12873">10.1111/cgf.12873</ref>.
                    </bibl>
                    <bibl>Javed, Waqas; Elmqvist, Niklas. 2012. "Exploring the design space of composite visualization." 
                        <hi rend="italic">2012 </hi>
                        <hi rend="italic">IEEE P</hi>
                        <hi rend="italic">acific </hi>
                        <hi rend="italic">V</hi>
                        <hi rend="italic">isualization </hi>
                        <hi rend="italic">S</hi>
                        <hi rend="italic">ymposium</hi>, 1-8, 
                        <ref target="https://doi.org/10.1109/PacificVis.2012.6183556">10.1109/PacificVis.2012.6183556</ref>.
                    </bibl>
                    <bibl>Meier, Wolfgang. 2022. 
                        <hi rend="italic">eXist-db.</hi>
                        <ptr target="http://exist-db.org/"/>(zugegriffen: 14. Dezember 2022).
                    </bibl>
                    <bibl>Pöckelmann, Marcus; Medek, André; Ritter, Jörg; Molitor, Paul. 2022. "LERA—an interactive platform for synoptical representations of multiple text witnesses". In 
                        <hi rend="italic">Digital Scholarship in the Humanities</hi>, 30. Juni. Oxford University Press, 
                        <ref target="https://doi.org/10.1093/llc/fqac021">10.1093/llc/fqac021</ref>.
                    </bibl>
                    <bibl>You, Evan. 2022. 
                        <hi rend="italic">Vue.js.</hi>
                        <ref target="https://vuejs.org/">https://vuejs.org</ref> (zugegriffen: 14. Dezember 2022).
                    </bibl>
                </listBibl>
            </div>
        </back>
    </text>
</TEI>
