<?xml version="1.0" encoding="UTF-8"?>
<TEI xml:id="SCHIRMER_Miriam_Mixed_Methods_in_der_Genozidforschung" xmlns="http://www.tei-c.org/ns/1.0">
    <teiHeader>
        <fileDesc>
            <titleStmt>
                <title>Mixed Methods in der Genozidforschung</title>
                <author>
                    <persName>
                        <surname>Schirmer</surname>
                        <forename>Miriam</forename>
                    </persName>
                    <affiliation>Technische Universität München, Universität Regensburg, Deutschland</affiliation>
                    <email>miriam.schirmer@tum.de</email>
                </author>
            </titleStmt>
            <editionStmt>
                <edition>
                    <date>2022-12-15T17:08:00Z</date>
                </edition>
            </editionStmt>
            <publicationStmt>
                    <publisher>Culture and Computation Lab</publisher>
                    <address>
                        <addrLine>Université du Luxembourg</addrLine>
                        <addrLine>2, Avenue de l'Université</addrLine>
                        <addrLine>L-4365 Esch-sur Alzette</addrLine>
                        <addrLine>Luxembourg</addrLine>
                    </address>
                    <publisher>Luxembourg Centre for Contemporary and Digital History</publisher>
                    <address>
                        <addrLine>Université du Luxembourg</addrLine>
                        <addrLine>2, Avenue de l'Université</addrLine>
                        <addrLine>L-4365 Esch-sur Alzette</addrLine>
                        <addrLine>Luxembourg</addrLine>
                    </address>
                    <publisher>Trier Center for Digital Humanities</publisher>
                    <address>
                        <addrLine>Universität Trier</addrLine>  
                        <addrLine>Universitätsring 15</addrLine>
                        <addrLine>54296 Trier</addrLine>
                        <addrLine>Deutschland</addrLine>
                    </address>
                </publicationStmt>
            <sourceDesc>
                <p>Converted from a Word document</p>
            </sourceDesc>
        </fileDesc>
        <encodingDesc>
            <appInfo>
                <application ident="DHCONVALIDATOR" version="1.22">
                    <label>DHConvalidator</label>
                </application>
            </appInfo>
        </encodingDesc>
        <profileDesc>
            <textClass>
                <keywords scheme="ConfTool" n="category">
                    <term>Paper</term>
                </keywords>
                <keywords scheme="ConfTool" n="subcategory">
                    <term>Doctoral Consortium</term>
                </keywords>
                <keywords scheme="ConfTool" n="keywords">
                    <term>Text</term>
                    <term>Methoden</term>
                    <term>Annotieren</term>
                    <term>Inhaltsanalyse</term>
                </keywords>
            </textClass>
        </profileDesc>
    </teiHeader>
    <text>
        <body>
            <p rend="Subtitle">Eine Analyse von Schilderungen traumatischer Erfahrungen in ZeugInnenaussagen vor internationalen Völkermordtribunalen</p>
            <p>Gerichtstranskripte internationaler Völkermordtribunale gelten als verlässliche Quelle, um verschiede Aspekte von Völkermord und der Rolle von Überlebenden im Prozess zu beleuchten. Bisher wird die Fülle an öffentlich zugänglichen Gerichtstranskripten als historische Quelle jedoch kaum genutzt; es liegen nur wenige Studien vor, die entsprechende Transkripte direkt einbeziehen (z. B. Mullins 2009; Perrin 2016). Zudem konzentrieren sich die vorhandenen Studien meist ausschließlich auf eine recht enge Auswahl von Gerichtsprotokollen und verwenden entweder einen qualitativen oder einen quantitativen Ansatz (Brönnimann u.a. 2013; King und Meernik 2017). Um jedoch große Mengen von Textdaten aus Gerichtstranskripten zu verarbeiten und sie systematisch zu analysieren, kann eine Kombination aus qualitativen und quantitativen (einschließlich computergestützten) Methoden zu ganzheitlicheren Ergebnissen und damit zu einer vollständigeren Erfassung des Forschungsgegenstandes führen. </p>
            <p rend="heading 4">Forschungsfrage</p>
            <p>Ziel des Dissertationsprojekts ist es daher herauszufinden, wie Mixed Methods zur Analyse großer Mengen von Transkripten von Völkermord-Tribunalen beitragen können. Der Schwerpunkt liegt darauf, wie ZeugInnen als „key part of any trial“ (Extraordinary Chambers in the Courts of Cambodia 2019, 1) traumatische Erfahrungen vor Gericht beschreiben. Durch ihre Aussage stellen ZeugInnen nicht nur wichtiges Beweismaterial zur Verfügung, sie erzählen auch von ihrem persönlichen Schicksal und ihrer individuellen Überlebensgeschichte. Trotz der emotionalen Herausforderungen, die solche Schilderungen mit sich bringen können, berichten Aussagende jedoch auch von positiven Aspekten, wie Dankbarkeit gegenüber der juristischen Aufarbeitung oder einer positiven Bedeutung für den persönlichen Bewältigungsprozess (Henry 2009, 118; Strasser u.a. 2016, 161-165). </p>
            <p>Um sich der Rolle von ZeugInnen internationaler Völkermordtribunale möglichst vielseitig anzunähern, wird im Rahmen der Dissertation eine Bandbreite verschiedener Methoden des Natural Language Processing (NLP) angewendet. Der Einbezug qualitativer Methoden durch einen Mixed-Methods-Ansatz stellt weiterhin sicher, dass der Kontext der ZeugInnenenaussagen berücksichtigt wird (Creswell und Plano Clark 2007). </p>
            <p rend="heading 4">Struktur und Inhalt</p>
            <p>Als kumulatives Projekt gliedert sich die Dissertation in mehrere Einzelarbeiten, die sich mit unterschiedlichen Aspekten von ZeugInnenaussagen befassen und verschiedene methodische Ansätze verfolgen. Zunächst wurde in einem bereits erschienenen Paper als wichtige Grundlage das 
                <hi rend="italic">Genocide Transcript Corpus</hi> (GTC) erstellt, das Textdaten der drei größten ad-hoc Völkermordtribunale (Rote-Khmer-Tribunal, Internationaler Strafgerichtshof für das ehemalige Jugoslawien, Internationaler Strafgerichtshof für Ruanda) umfasst (Schirmer, Kruschwitz, Donabauer 2022). Ein zweites Paper (aktuell im Reviewverfahren) gibt in einem dreistufigen Mixed-Methods-Design mit NLP-Klassifikation, Sentiment-Analysen und qualitativer Inhaltsanalyse einen Überblick über verschiedene Methoden zur Analyse traumatischer Inhalte in ZeugInnenaussagen. Auf diesen beiden Papern aufbauend befasst sich der dritte Teil der Dissertation mit dem Training eines NLP-Algorithmus, der Textabschnitte mit Berichten traumatischer Erfahrungen automatisiert erkennt. Mit Hilfe eines qualitativen Ansatzes soll zudem herausgefunden werden, wie sich diese Passagen von anderen ZeugInnenaussagen unterscheiden. Im vierten Teil der Arbeit wird Topic Modeling (Blei, Ng, Jordan 2003) angewendet, um herauszufinden, welche thematischen Muster in einzelnen ZeugInnenaussagen zu finden sind. Dabei wird kritisch auf die Interpretierbarkeit von Topic Models eingegangen und es werden Möglichkeiten aufgezeigt, wie durch auf Topic Modeling aufbauende statistische Analysen neue Erkenntnisse gewonnen werden können. Die gefundenen Topics werden qualitativ überprüft. In einem abschließenden Paper werden die Ergebnisse zusammengeführt und auf verschiedene Völkermordtribunale angewandt, um Unterschiede zu berücksichtigen und durch einen breiteren Blickwinkel allgemeinere Schlussfolgerungen zu ermöglichen. 
            </p>
            <p>Die skizzierten Paper zeigen die Bandbreite des Anwendungsbereichs von Mixed Methods in der Völkermordforschung auf und legen den Grundstein für zukünftige Studien dieser Art. Indem traditionelle Methoden der historischen Quellenanalyse und automatisierte, computergestützte Prozesse aus dem NLP-Bereich kombiniert werden, sollen digitale Ansätze der Geschichts- und Völkermordforschung aufgezeigt und weitere Studien in diesem Bereich ermutigt werden. </p>
            <p rend="heading 4">Relevanz</p>
            <p>Die Relevanz dieses Projekts wird anhand von drei Aspekten deutlich: Einerseits stellt die Dissertation mit ihrem Mixed-Methods-Ansatz auf methodischer Ebene einen komplett neuen Zugang in der Genozidforschung dar, der es ermöglicht, ZeugInnenaussagen systematisch und in ihrer Fülle zu analysieren. Dabei machen es NLP-Methoden erstmals möglich, Muster in Aussagen zu entdecken, die aufgrund der Fülle des Materials sonst nicht sichtbar geworden wären. Zweitens wird dieses Projekt dazu beitragen, Gerichtsprotokolle als verlässliche Informationsquelle in der Genozidforschung weiter zu etablieren, für das Feld der 
                <hi rend="italic">Digital History</hi> zu öffnen und damit diesen Forschungsbereich weiterzuentwickeln. Schließlich hat die Dissertation auch gesellschaftliche Relevanz, indem die Ergebnisse der durchgeführten Studien die Situation von ZeugInnen vor Gericht umfassend beleuchten und insbesondere psychologische Herausforderungen thematisieren. Die Ergebnisse werden verschiedenen NGOs zur Verfügung gestellt, wobei gemeinsam erarbeitet werden soll, wie die Erkenntnisse in die Öffentlichkeits- und Bildungsarbeit mit einbezogen werden können (Kooperation mit dem 
                <hi rend="italic">Auschwitz Institute for the Prevention of Genocide and Mass Atrocities</hi> und 
                <hi rend="italic">Genocide Alert e.V.</hi>).
            </p>
            <p>Die Finalisierung der Dissertation wird im Frühjahr 2024 angestrebt.</p>
        </body>
        <back>
            <div type="bibliogr">
                <listBibl>
                    <head>Bibliographie</head>
                    <bibl>
                        <hi rend="bold">Blei, David M., Andrew Y. Ng und Michael I. Jordan</hi>. 2003. “Latent dirichlet allocation.” 
                        <hi rend="italic">Journal of Machine Learning Research</hi> 3: 993-1022.
                    </bibl>
                    <bibl>
                        <hi rend="bold">Brönnimann, Rebecca, Jane Herlihy, Julia Müller und Ulrike Ehlert</hi>. 2013. “Do testimonies of traumatic events differ depending on the interviewer?” 
                        <hi rend="italic">The European Journal of Psychology Applied to Legal Context</hi>, 5.1: 97-121.
                    </bibl>
                    <bibl>
                        <hi rend="bold">Creswell, John W. und Vicki L. Plano Clark</hi>. 2007. 
                        <hi rend="italic">Designing and Conducting Mixed Methods Research</hi>. Thousand Oaks, CA: Sage.
                    </bibl>
                    <bibl>
                        <hi rend="bold">Extraordinary Chambers of the Courts of Cambodia</hi>. 2019. 
                        <hi rend="italic">ECCC. At a Glance</hi>. Extraordinary Chambers in the Courts of Cambodia.
                    </bibl>
                    <bibl>
                        <hi rend="bold">Henry, Nicola</hi>. 2009. “Witness to Rape: The Limits and Potential of International War Crimes Trials for Victims of Wartime Sexual Violence.” 
                        <hi rend="italic">International Journal of Transitional Justice</hi>, 3.1: 114-134.
                    </bibl>
                    <bibl>
                        <hi rend="bold">King, Kimi Lynn und James David Meernik</hi>. 2017. 
                        <hi rend="italic">The Witness Experience: Testimony at the ICTY and its Impact.</hi> New York, NY: Cambridge University Press.
                    </bibl>
                    <bibl>
                        <hi rend="bold">Mullins, Christopher W</hi>. 2009. “‘He Would Kill Me With His Penis’: Genocidal Rape in Rwanda as a State Crime.” 
                        <hi rend="italic">Critical Criminology</hi>, 17.1: 15-33.
                    </bibl>
                    <bibl>
                        <hi rend="bold">Perrin, Kristen</hi>. 2016. “Memory at the International Criminal Tribunal for the Former Yugoslavia (ICTY): Discussions on Remembering and Forgetting Within Victim Testimonies.” 
                        <hi rend="italic">East European Politics and Societies</hi>, 30.2: 270-287.
                    </bibl>
                    <bibl>
                        <hi rend="bold">Schirmer, Miriam, Udo Kruschwitz und Gregor Donabauer</hi>. 2022. “A New Dataset for Topic-Based Paragraph Classification in Genocide-Related Court Transcripts.” In 
                        <hi rend="italic" xml:space="preserve">Proceedings of the Language Resources and Evaluation Conference (LREC), </hi>4504-4512. 
                    </bibl>
                    <bibl>
                        <hi rend="bold">Strasser, Judith, Julian Poluda, Chhim Sotheara und Phuong Pham</hi>. 2016. “Justice and Healing at the Khmer Rouge Tribunal: The Psychological Impact of Civil Party Participation.” In 
                        <hi rend="italic">Cambodia’s hidden scars: Trauma psychology and the Extraordinary Chambers in the Courts of Cambodia,</hi> hg. von Beth Van Schaack, Daryn Reicherter, and Youk Chhang, 190-212. Phnom Penh: Documentation Center of Cambodia.
                    </bibl>
                </listBibl>
            </div>
        </back>
    </text>
</TEI>
