<?xml version="1.0" encoding="UTF-8"?>
<TEI xml:id="SCHUMACHER_Mareike_GitMA_oder_CATMA_f_r_Fortgeschrittene" xmlns="http://www.tei-c.org/ns/1.0">
    <teiHeader>
        <fileDesc>
            <titleStmt>
                <title>GitMA oder CATMA für Fortgeschrittene</title>
                <author>
                    <persName>
                        <surname>Schumacher</surname>
                        <forename>Mareike</forename>
                    </persName>
                    <affiliation>Technische Universität Darmstadt, Deutschland</affiliation>
                    <email>schumacher@linglit.tu-darmstadt.de</email>
                    <idno type="ORCID">0000-0002-7952-4194</idno>
                </author>
                <author>
                    <persName>
                        <surname>Meister</surname>
                        <forename>Malte</forename>
                    </persName>
                    <affiliation>Technische Universität Darmstadt, Deutschland</affiliation>
                    <email>meister@linglit.tu-darmstadt.de</email>
                    <idno type="ORCID">0000-0002-9670-3573</idno>
                </author>
                <author>
                    <persName>
                        <surname>Gerstorfer</surname>
                        <forename>Dominik</forename>
                    </persName>
                    <affiliation>Technische Universität Darmstadt, Deutschland</affiliation>
                    <email>gerstorfer@linglit.tu-darmstadt.de</email>
                    <idno type="ORCID">0000-0002-8095-2540</idno>
                </author>
            </titleStmt>
            <editionStmt>
                <edition>
                    <date>2022-12-15T12:54:00Z</date>
                </edition>
            </editionStmt>
            <publicationStmt>
                    <publisher>Culture and Computation Lab</publisher>
                    <address>
                        <addrLine>Université du Luxembourg</addrLine>
                        <addrLine>2, Avenue de l'Université</addrLine>
                        <addrLine>L-4365 Esch-sur Alzette</addrLine>
                        <addrLine>Luxembourg</addrLine>
                    </address>
                    <publisher>Luxembourg Centre for Contemporary and Digital History</publisher>
                    <address>
                        <addrLine>Université du Luxembourg</addrLine>
                        <addrLine>2, Avenue de l'Université</addrLine>
                        <addrLine>L-4365 Esch-sur Alzette</addrLine>
                        <addrLine>Luxembourg</addrLine>
                    </address>
                    <publisher>Trier Center for Digital Humanities</publisher>
                    <address>
                        <addrLine>Universität Trier</addrLine>  
                        <addrLine>Universitätsring 15</addrLine>
                        <addrLine>54296 Trier</addrLine>
                        <addrLine>Deutschland</addrLine>
                    </address>
                </publicationStmt>
            <sourceDesc>
                <p>Converted from a Word document</p>
            </sourceDesc>
        </fileDesc>
        <encodingDesc>
            <appInfo>
                <application ident="DHCONVALIDATOR" version="1.22">
                    <label>DHConvalidator</label>
                </application>
            </appInfo>
        </encodingDesc>
        <profileDesc>
            <textClass>
                <keywords scheme="ConfTool" n="category">
                    <term>Paper</term>
                </keywords>
                <keywords scheme="ConfTool" n="subcategory">
                    <term>Workshop</term>
                </keywords>
                <keywords scheme="ConfTool" n="keywords">
                    <term>manuelle Annotation</term>
                    <term>Textanalyse</term>
                    <term>kollaboratives Annotieren</term>
                </keywords>
                <keywords scheme="ConfTool" n="topics">
                    <term>Inhaltsanalyse</term>
                    <term>Annotieren</term>
                    <term>Netzwerkanalyse</term>
                    <term>Kollaboration</term>
                    <term>Einführung</term>
                    <term>Visualisierung</term>
                </keywords>
            </textClass>
        </profileDesc>
    </teiHeader>
    <text>
        <body>
            <p>
                <hi style="font-size:11pt">Dieser GitMA-Workshop richtet sich an fortgeschrittene CATMA User*innen mit Vorkenntnissen in digitaler Annotation, die im Rahmen der eigenen Arbeit oder von Forschungsprojekten mit größeren Mengen von Annotationsdaten operieren (wollen). Bei GitMA handelt es sich um ein Python-Package, mit dem Annotationsdaten, die in CATMA erstellt wurden, weiter verarbeitet werden können (Vauth et al. 2021). Wie greife ich über Git auf meine CATMA-Annotationsdaten zu? Wie visualisiere ich kollaborativ erstellte Annotationsdaten, die in mehreren Collections abgelegt sind? Wie berechne ich die Übereinstimmung zwischen mehreren Annotator*innen? Diese und ähnliche Fragen werden während des Workshops beantwortet.</hi>
            </p>
            <p>
                <hi style="font-size:11pt">CATMA (Gius et al. 2021) ist eine webbasierte, kollaborative Textannotations- und Analyse-Plattform, die seit 2008 an der Universität Hamburg und im Rahmen des DFG-geförderten Projektes forTEXT seit 2020 an der Technischen Universität Darmstadt entwickelt wird. Hauptzielgruppe sind traditionell-analog arbeitende Geisteswissenschaftler*innen, die über eine intuitiv bedienbare GUI Texte annotieren und analysieren können. Mit dem Release von CATMA 6 im Jahr 2019 wurde für die Plattform ein auf Git basierendes Backend eingeführt. Für zahlreiche Projekte, die bereits auf sehr fortgeschrittenem Niveau CATMA nutzen, und Interessierte aus der Digital-Humanities-Community mit Erfahrung in der Nutzung von Git und Grundkenntnissen in Python, eröffnet sich dadurch eine Reihe neuer Funktionen, die es in bisherigen CATMA-Versionen nicht gab. Einige dieser Funktionen werden im Laufe dieses Workshops vorgestellt und vermittelt.</hi>
            </p>
            <p>Der Workshop bietet:</p>
<list type="unordered">
                <item>kurze Einführung in die Nutzung von CATMA über das graphische Userinterface</item>
                <item>
                    <hi style="font-size:11pt">Kennenlernen der Datenstrukturen des Backends</hi>
                </item>
                <item>
                    <hi style="font-size:11pt">Zugriff auf das Backend mit Git</hi>
                </item>
                <item>Weiterverarbeitung der Daten mit Hilfe eines zur Verfügung gestellten Python-Packages</item>
            </list>
            <div type="div1" rend="DH-Heading1">
                <head>Annotation in CATMA 6</head>
                <p>
                    <hi style="font-size:11pt">Annotation ist eine zentrale Kultur- und Forschungspraxis, die bereits seit sehr langer Zeit analog betrieben wurde (vgl. Moulin 2010), bevor sie im Rahmen der Digital Humanities ins Digitale übertragen wurde. Textauszeichnung und -anreicherung, Freitextkommentare und das taxonomiebasierte Annotieren sind Formen der Annotation, die sich zum Teil überschneiden (vgl. Jacke 2018, § 9). Alle diese Formen werden von CATMA 6 digital unterstützt. Mithilfe selbst erstellter oder auf der Plattform forTEXT.net bereitgestellter Tagsets (z.B. Flüh 2020) kann einzeln oder im Team taxonomiebasiert annotiert werden.</hi>
                </p>
                <p>
                    <hi style="font-size:11pt">Eine der wichtigsten Neuerungen von CATMA 6 gegenüber früheren Versionen ist die Umstellung auf eine projektzentrierte Nutzungsarchitektur. Am Beginn der Arbeit mit CATMA steht das Anlegen eines Projektes mit beliebig vielen Dokumenten, die analysiert werden sollen, und beliebig vielen Team-Mitgliedern, die daran arbeiten wollen. Einzelne und Merfachannotationen, einander überlagernde oder überlappende Annotationen oder auch widersprüchliche Annotationen sind in CATMA durch die Speicherung der Daten als Standoff-Markup möglich. Eine weitere Neuerung im Funktionsumfang ist die Möglichkeit, Textstellen und Annotationen zu kommentieren. Offene Fragen, nicht zu Ende gedachte Interpretationsansätze oder auch der Austausch mit den anderen Team-Mitgliedern können über die Kommentarfunktion in den Annotationsprozess integriert werden. Sowohl Annotationen als auch Kommentare können über die Analyse-Funktionen von CATMA durchsucht, in tabellarische Form gebracht oder visualisiert werden. Der Umfang dessen, was über die CATMA-GUI umgesetzt werden kann, ist also recht groß. Die Einführung des auf Git basierenden Backends macht das Tool für die Digital-Humanities-Community aber noch interessanter. Der undogmatische Zugang, der bisher nur zu Annotationen und Annotationstaxonomien ermöglicht wurde, erstreckt sich nun bis zu den Annotationsdaten und der Weiterverarbeitung derselben (siehe Abbildung 1). Dieser neue Teil des CATMA-Workflows wird in diesem Workshop vermittelt werden.</hi>
                </p>
                <figure>
                    <graphic n="1001" width="15.936147222222223cm" height="17.074444444444445cm" url="Pictures/cd632d9e94e28d917691c630906f6f8e.png" rend="inline"/>
                    <head><p>Abbildung 1: Im Workshop vermittelter Workflow zur Annotationsauswertung und -überarbeitung mit dem CATMA-Backend</p></head>
                </figure>
                
            </div>
            <div type="div1" rend="DH-Heading1">
                <head>Annotationen auswerten mit GitMA</head>
                <p>
                    <hi style="font-size:11pt" xml:space="preserve">Technische Niedrigschwelligkeit und Nähe zu traditionell-analogen Methoden der Geisteswissenschaften (vgl. Schumacher und Gius 2022) sind nach wie vor wichtige Grundsätze, die in CATMA implementiert sind. Doch mit zunehmender Verbreitung des Tools in den digitalen Geisteswissenschaften sind neben der Möglichkeit zu hermeneutisch-vielfältiger Textanalyse </hi>
                    <hi style="font-family:Open Sans Bold Italic;font-size:11pt" xml:space="preserve">(vgl. Piez 2010) </hi>
                    <hi style="font-size:11pt">auch die Einhaltung von Best Practices und Standards, die innerhalb der Digital-Humanities-Community entwickelt wurden, von Bedeutung. Eine Verschmelzung von CATMA und dem direkten Datenzugriff über Git zu “GitMA” ermöglicht beides. Die im Annotationsprozess erstellten Daten können zum Beispiel nach der Übereinstimmung der Annotierenden untereinander (Artstein und Poesio 2008) ausgewertet werden. Es ist möglich eine der Annotationen als ‘Silver Annotation’ festzulegen und die anderen daran zu messen. Das festgestellte Disagreement kann zur Grundlage eines Disagreement-Tagsets werden, das über das Backend auch wieder ins Frontend der CATMA-GUI zurückgespielt werden kann (siehe Abb. 1). Dasselbe gilt für die nicht übereinstimmend annotierten Passagen, welche wiederum selbst durch Annotationen dargestellt bzw. hervorgehoben werden können. So ergibt sich ein Workflow vom Frontend zum Backend und zurück, der auch die Erstellung von Goldannotationen (vgl. Wissler et al. 2014) unterstützt.</hi>
                </p>
            </div>
            <div type="div1" rend="DH-Heading1">
                <head>Format und Ablauf des Workshops</head>
                <p>
                    <hi style="font-size:11pt">Der Workshop wird als halbtägiges hands-on Tutorial angeboten.</hi>
                </p>
                <p>Ablauf:</p>
                <p>CATMA 6 (45 Minuten)</p>
<list type="unordered">
                    <item>kurze Einführung in das CATMA-Frontend</item>
                    <item>
                        <hi style="font-size:11pt">Struktur: Tagsets, Documents, Annotation Collections</hi>
                    </item>
                </list>
                <p>
                    <hi style="font-size:11pt">Zugriff auf Annotationsdaten über Git (30 Minuten)</hi>
                </p>
<list type="unordered">
                    <item>
                        <hi style="font-size:11pt">wie clone ich ein CATMA Project? </hi>
                    </item>
                    <item>
                        <hi style="font-size:11pt">wie update ich ein CATMA Project, um neue Annotationen zu laden?</hi>
                        <hi rend="apple-tab-span"> </hi>
                    </item>
                    <item>Installation des Packages</item>
                    <item>Laden eines Projects</item>
                    <item>
                        <hi style="font-size:11pt">Zugriff auf Annotation Collections, Dokumente und Tagsets</hi>
                    </item>
                </list>
                <p>
                    <hi rend="bold" style="font-size:11pt">15 Minuten Pause</hi>
                    <hi style="font-size:11pt"> </hi>
                </p>
                <p>Explorative Annotationsauswertungen (60 Minuten)</p>
<list type="unordered">
                    <item>Annotationsdaten visualisieren</item>
                    <item>Netzwerkanalysen von Annotationsdaten</item>
                </list>
                <p>15 Minuten Pause</p>
                <p>Statistische Annotationsauswertungen (45 Minuten)</p>
<list type="unordered">
                    <item>
                        <hi style="font-size:11pt">Einführung in die Begrifflichkeiten Inter-Annotator-Agreement, Silver &amp; Gold Standard</hi>
                    </item>
                    <item>
                        <hi style="font-size:11pt">Festlegung der Silver Annotations</hi>
                    </item>
                    <item>Umgang mit Annotationsspannen</item>
                    <item>
                        <hi style="font-size:11pt">Automatische Erstellung eines Disagreement Tagsets</hi>
                    </item>
                    <item>
                        <hi style="font-size:11pt">Darstellung von Disagreement als Annotationen</hi>
                    </item>
                    <item>Manuelle Überarbeitung von automatischen Goldannotationen</item>
                </list>
                <p>Diskussion und Feedback (30 Minuten)</p>
            </div>
            <div type="div1" rend="DH-Heading1">
                <head>Zielgruppe</head>
                <p>Nutzer*innen, die Annotationen mit CATMA in Forschungsprojekten oder Lehrsituationen managen, sowie alle, die einen schnellen Workflow zwischen Annotation bzw. Annotationsbearbeitung und Annotationsauswertung benötigen.</p>
            </div>
            <div type="div1" rend="DH-Heading1">
                <head>Zahl der möglichen Teilnehmer*innen</head>
                <p>30</p>
            </div>
            <div type="div1" rend="DH-Heading1">
                <head>Technische Voraussetzungen</head>
                <p>
                    <hi style="font-size:11pt">Die benötigten Vorinstallationen von Git, Anaconda und GitMA (sowie dessen Abhängigkeiten) können durch die Bereitstellung eines Docker-Image vermieden werden. Die Teilnehmer*innen sollten Docker Desktop auf einem eigenen Laptop installiert haben (Touch Devices werden nicht unterstützt) und diesen zum Workshop mitbringen. Für die Durchführung des Workshops benötigen wir außerdem einen Beamer. </hi>
                </p>
                <p>
                    <hi style="font-size:11pt" xml:space="preserve">Zur Vorbereitung sollten Teilnehmer*innen außerdem schon einen CATMA-Account erstellt (unter </hi>
                    <ref target="https://app.catma.de/catma/">
                        <hi style="font-size:11pt">https://app.catma.de/catma/</hi>
                    </ref>
                    <hi style="font-size:11pt" xml:space="preserve">) und sich mit der CATMA-Nutzung bekannt gemacht haben (z.B. mithilfe von der forTEXT-Lerneinheit zu CATMA 6: </hi>
                    <ref target="https://fortext.net/routinen/lerneinheiten/manuelle-annotation-mit-catma">
                        <hi style="font-size:11pt">Manuelle Annotation mit CATMA</hi>
                    </ref>
                    <hi style="font-size:11pt">). Wenn eigene CATMA-Annotationsdaten vorhanden sind, können diese während des Workshops analysiert werden. Für Teilnehmende, die nicht an eigenen Daten arbeiten möchten, stellen wir ein Demo-Projekt zur Verfügung, mit dem man während des Workshops arbeiten kann.</hi>
                </p>
            </div>
            <div type="div1" rend="DH-Heading1">
                <head>Benötigte Vorkenntnisse</head>
                <p>
                    <hi style="font-size:11pt">Die Teilnehmer*innen sollten über grundlegende Kenntnisse der Kommandozeile, Git und Python sowie Jupyter verfügen.</hi>
                </p>
            </div>
            <div type="div1" rend="DH-Heading1">
                <head>Beitragende</head>
                <p>
                    <hi rend="italic" style="font-size:12pt">Evelyn Gius, Prof. Dr.</hi>
                </p>
                <p>Technische Universität Darmstadt, Institut für Sprach- und Literaturwissenschaft, Residenzschloss 1, 64283 Darmstadt</p>
                <p>
                    <hi style="font-size:11pt">Evelyn Gius ist Professorin für Digitale Philologie und Neuere Deutsche Literatur an der Technischen Universität Darmstadt. Sie promovierte an der Universität Hamburg mit einer Arbeit über die narrative Struktur von Konflikterzählungen. Ihre Forschungsschwerpunkte sind manuelle Annotation, Operationalisierung, Erzähltheorie, Segmentierung und Konflikte. Sie ist PI mehrerer Digital-Humanities-Projekte (EvENT, KatKit, CATMA, forTEXT) und ist Vorsitzende des Vereins Digital Humanities im deutschsprachigen Raum (DHd), Mitherausgeberin des Journal of Computational Literary Studies (JCLS) und Mitherausgeberin der Buchreihe "Digitale Literaturwissenschaft".</hi>
                </p>
                <p>
                    <hi rend="italic" style="font-size:12pt">Dominik Gerstorfer, M.A.</hi>
                </p>
                <p>Technische Universität Darmstadt, Institut für Sprach- und Literaturwissenschaft, Residenzschloss 1, 64283 Darmstadt</p>
                <p>
                    <hi style="font-size:11pt">Dominik Gerstorfer promoviert über "Philosophische Fragen der Digital Humanities" an der Universität Stuttgart. Derzeit ist er im Projekt KatKit tätig, zuvor war er im DFG-Projekt forTEXT in Darmstadt und im Digital-Humanities-Projekt CRETA in Stuttgart beschäftigt. Dominik hat an der Universität Tübingen Philosophie, Politikwissenschaften und Soziologie (M.A.) studiert. Seine Forschungsschwerpunkte liegen in den Bereichen Wissenschaftstheorie, formale Methoden und Argumentationsanalyse. Im Rahmen von KatKit und forTEXT beschäftigt sich Dominik u.a. mit Intertextualität, Ontologien und der Entwicklung von Kategoriensystemen.</hi>
                </p>
                <p>Malte Meister, B.Sc.</p>
                <p>Technische Universität Darmstadt, Institut für Sprach- und Literaturwissenschaft, Residenzschloss 1, 64283 Darmstadt</p>
                <p>
                    <hi style="font-size:11pt">Malte Meister hat 2009 sein Informatik-Diplom (B.Sc.) in Kapstadt erworben. Im Rahmen des Abschlussprojekts für sein Diplom wurde er beauftragt, das Text-Annotations und -Analysetool CATMA, für die Universität Hamburg zu erstellen. Bis Anfang 2010 wirkte er im Team an CATMA mit, bevor er sich auf seine Karriere in der freien Wirtschaft konzentrierte. Nach mehr als zehn Jahren Berufserfahrung als Softwareentwickler und Teamleiter entschied er sich, wieder in die CATMA-Entwicklung einzusteigen. Er ist seit 2021 technischer Mitarbeiter an der TU Darmstadt und beschäftigt sich dort im Rahmen von forTEXT hauptsächlich mit dem Betrieb und der Weiterentwicklung von CATMA und den damit verbundenen Systemen.</hi>
                </p>
                <p>Mareike Schumacher, M.A.</p>
                <p>Technische Universität Darmstadt, Institut für Sprach- und Literaturwissenschaft, Residenzschloss 1, 64283 Darmstadt</p>
                <p>Mareike Schumacher koordiniert das DFG-Projekt forTEXT (
                    <ref target="https://fortext.net">https://fortext.net</ref>), in dem neben der Dissemination von digitalen Routinen, Ressourcen und Tools in die traditionelleren Fachwissenschaften auch die Weiterentwicklung von CATMA eine wesentliche Rolle spielt. Sie promovierte als digitale Literaturwissenschaftlerin über Orte und Räume im Roman, beschäftigt sich besonders mit den Methoden des 
                    <hi rend="italic">distant reading</hi> (u. a. 
                    <hi rend="italic">Named Entity Recognition</hi> oder Stilometrie), der Digital-Humanities-Theorie und der Verbindung von digitalen Methoden und theoriebasierter Literatur- und kulturwissenschaftlicher Forschung. 
                </p>
            </div>
        </body>
        <back>
            <div type="bibliogr">
                <listBibl>
                    <head>Bibliographie</head>
                    <bibl>
                        <hi style="font-size:11pt" xml:space="preserve">Artstein, Ron, und Massimo Poesio. 2008. „Inter-Coder Agreement for Computational Linguistics“. </hi>
                        <hi rend="italic" style="font-size:11pt">Computational Linguistics</hi>
                        <hi style="font-size:11pt" xml:space="preserve"> 34 (4): 555–96.</hi>
                        <ref target="https://doi.org/10.1162/coli.07-034-R2">
                            <hi rend="color(1155CC)" style="font-size:11pt">https://doi.org/10.1162/coli.07-034-R2</hi>
                        </ref>
                        <hi style="font-size:11pt">.</hi>
                    </bibl>
                    <bibl>
                        <hi style="font-size:11pt" xml:space="preserve">Flüh, Marie. 2020. „Emotionsanalyse“. In </hi>
                        <hi rend="italic" style="font-size:11pt">forTEXT</hi>
                        <hi style="font-size:11pt">.</hi>
                        <ref target="https://fortext.net/ressourcen/tagsets/emotionsanalyse">
                            <hi rend="color(1155CC)" style="font-size:11pt">https://fortext.net/ressourcen/tagsets/emotionsanalyse</hi>
                        </ref>
                        <hi style="font-size:11pt">.</hi>
                    </bibl>
                    <bibl>
                        <hi style="font-size:11pt" xml:space="preserve">Frey-Endres, Marcel, und Tobias Simon. 2021. </hi>
                        <hi rend="italic" style="font-size:11pt">Digitale Werkzeuge zur textbasierten Annotation, Korpusanalyse und Netzwerkanalyse in den Geisteswissenschaften</hi>
                        <hi style="font-size:11pt">. Bd. 2. Digital Philology | Working Papers in Digital Philology. Darmstadt: TUprints.</hi>
                        <ref target="https://doi.org/10.26083/tuprints-00017850">
                            <hi rend="color(1155CC)" style="font-size:11pt">https://doi.org/10.26083/tuprints-00017850</hi>
                        </ref>
                        <hi style="font-size:11pt">.</hi>
                    </bibl>
                    <bibl>
                        <hi style="font-size:11pt" xml:space="preserve">Gius, Evelyn, Jan Christoph Meister, Malte Meister, Marco Petris, Christian Bruck, Janina Jacke, Mareike Schumacher, Dominik Gerstorfer, Marie Flüh und Jan Horstmann.  2021. “CATMA 6 (Version 6.3)”. </hi>
                        <hi rend="italic" style="font-size:11pt">Zenodo</hi>
                        <hi style="font-size:11pt" xml:space="preserve">. DOI: 10.5281/zenodo.1470118. URL: </hi>
                        <ref target="https://catma.de/">
                            <hi style="font-size:11pt">https://catma.de/</hi>
                        </ref>
                        <hi style="font-size:11pt" xml:space="preserve"> [letzter Zugriff 24. November 2021]</hi>
                    </bibl>
                    <bibl>
                        <hi style="font-size:11pt" xml:space="preserve">Jacke, Janina. 2018. „Manuelle Annotation“. In </hi>
                        <hi rend="italic" style="font-size:11pt">forTEXT</hi>
                        <hi style="font-size:11pt">.</hi>
                        <ref target="https://fortext.net/routinen/methoden/manuelle-annotation">
                            <hi rend="color(1155CC)" style="font-size:11pt">https://fortext.net/routinen/methoden/manuelle-annotation</hi>
                        </ref>
                        <hi style="font-size:11pt">.</hi>
                    </bibl>
                    <bibl>
                        <hi style="font-size:11pt" xml:space="preserve">Moulin, Claudine. 2010. „Am Rande der Blätter. Gebrauchsspuren, Glossen und Annotationen in Handschriften und Büchern aus kulturhistorischer Perspektive“. </hi>
                        <hi rend="italic" style="font-size:11pt">Autorenbibliotheken, Quarto. Zeitschrift des Schweizerischen Literaturarchivs</hi>
                        <hi style="font-size:11pt" xml:space="preserve"> 30/31: 19–26.</hi>
                    </bibl>
                    <bibl>
                        <hi style="font-size:11pt" xml:space="preserve">Piez, Wendell. 2010. „Towards Hermeneutic Markup. An Architectural Outline“. In </hi>
                        <hi rend="italic" style="font-size:11pt">Digital Humanities 2010. Conference Abstracts</hi>
                        <hi style="font-size:11pt">, 202–5. London.</hi>
                        <ref target="http://dh2010.cch.kcl.ac.uk/academic-programme/abstracts/papers/html/ab-743.html">
                            <hi rend="color(1155CC)" style="font-size:11pt">http://dh2010.cch.kcl.ac.uk/academic-programme/abstracts/papers/html/ab-743.html</hi>
                        </ref>
                        <hi style="font-size:11pt">.</hi>
                    </bibl>
                    <bibl>
                        <hi style="font-size:11pt" xml:space="preserve">Rebholz-Schuhmann, Dietrich, Antonio José Jimeno Yepes, Erik M. van Mulligen, Ning Kang, Jan Kors, David Milward, Peter Corbett, u. a. 2010. „The CALBC Silver Standard Corpus for Biomedical Named Entities — A Study in Harmonizing the Contributions from Four Independent Named Entity Taggers“. In </hi>
                        <hi rend="italic" style="font-size:11pt">Proceedings of the Seventh International Conference on Language Resources and Evaluation (LREC’10)</hi>
                        <hi style="font-size:11pt">. Valletta, Malta: European Language Resources Association (ELRA).</hi>
                        <ref target="http://www.lrec-conf.org/proceedings/lrec2010/pdf/888_Paper.pdf">
                            <hi rend="color(1155CC)" style="font-size:11pt">http://www.lrec-conf.org/proceedings/lrec2010/pdf/888_Paper.pdf</hi>
                        </ref>
                        <hi style="font-size:11pt">.</hi>
                    </bibl>
                    <bibl>
                        <hi style="font-size:11pt" xml:space="preserve">Vauth, Michael, Hans Ole Hatzel und Evelyn Gius. 2021. “forTEXT/catma_gitlab: 1.0.0.” </hi>
                        <hi rend="italic" style="font-size:11pt">Zenodo</hi>
                        <hi style="font-size:11pt" xml:space="preserve">. DOI: </hi>
                        <ref target="https://doi.org/10.5281/zenodo.5669221">
                            <hi rend="color(1155CC)" style="font-size:11pt">10.5281/ZENODO.5669221</hi>
                        </ref>
                        <hi rend="bold" style="font-size:11pt">.</hi>
                    </bibl>
                    <bibl>
                        <lb/>Wissler, Lars, Mohammed Almashraee, Dagmar Monett, und Adrian Paschke. 2014. „The Gold Standard in Corpus Annotation“. In .
                        <ref target="https://doi.org/10.13140/2.1.4316.3523">
                            <hi rend="color(1155CC)">https://doi.org/10.13140/2.1.4316.3523</hi>
                        </ref>.
                    </bibl>
                </listBibl>
            </div>
        </back>
    </text>
</TEI>
