<?xml version="1.0" encoding="UTF-8"?>
<TEI xml:id="SCHULZ_Daniela_Offene_Editionen___Die_Task_Area_Editionen_im" xmlns="http://www.tei-c.org/ns/1.0">
    <teiHeader>
        <fileDesc>
            <titleStmt>
                <title>Offene Editionen – Die Task Area Editionen im NFDI-Konsortium Text+</title>
                <author>
                    <persName>
                        <surname>Blumtritt</surname>
                        <forename>Jonathan</forename>
                    </persName>
                    <affiliation>Universität zu Köln, Cologne Center for eHumanities</affiliation>
                    <email>jonathan.blumtritt@uni-koeln.de</email>
                    <idno type="ORCID">0000-0002-1438-379X</idno>
                </author>
                <author>
                    <persName>
                        <surname>Cugliana</surname>
                        <forename>Elisa</forename>
                    </persName>
                    <affiliation>Universität zu Köln, Cologne Center for eHumanities</affiliation>
                    <email>elisa.cugliana@uni-koeln.de</email>
                    <idno type="ORCID">0000-0002-6460-2954</idno>
                </author>
                <author>
                    <persName>
                        <surname>Hegel</surname>
                        <forename>Philipp</forename>
                    </persName>
                    <affiliation>Technische Universität Darmstadt</affiliation>
                    <email>philipp.hegel@tu-darmstadt.de</email>
                    <idno type="ORCID">0000-0001-6867-1511</idno>
                </author>
                <author>
                    <persName>
                        <surname>Hensen</surname>
                        <forename>Kilian</forename>
                    </persName>
                    <affiliation>Universität zu Köln, Cologne Center for eHumanities</affiliation>
                    <email>kilian.hensen@uni-koeln.de</email>
                    <idno type="ORCID">0000-0001-6708-1237</idno>
                </author>
                <author>
                    <persName>
                        <surname>Hörnschemeyer</surname>
                        <forename>Jörg</forename>
                    </persName>
                    <affiliation>Deutsches Historisches Institut Rom</affiliation>
                    <email>hoernschemeyer@dhi-roma.it</email>
                    <idno type="ORCID">0000-0001-8788-5718</idno>
                </author>
                <author>
                    <persName>
                        <surname>Kudella</surname>
                        <forename>Christoph</forename>
                    </persName>
                    <affiliation>Niedersächsische Staats- und Universitätsbibliothek Göttingen</affiliation>
                    <email>kudella@sub.uni-goettingen.de</email>
                    <idno type="ORCID">0000-0002-9645-7122</idno>
                </author>
                <author>
                    <persName>
                        <surname>Lordick</surname>
                        <forename>Harald</forename>
                    </persName>
                    <affiliation>Salomon Ludwig Steinheim-Institut für deutsch-jüdische Geschichte an der Universität Duisburg-Essen</affiliation>
                    <email>lor@steinheim-institut.org</email>
                    <idno type="ORCID">0000-0002-5070-4263</idno>
                </author>
                <author>
                    <persName>
                        <surname>Neuber</surname>
                        <forename>Frederike</forename>
                    </persName>
                    <affiliation>Berlin-Brandenburgische Akademie der Wissenschaften</affiliation>
                    <email>frederike.neuber@bbaw.de</email>
                    <idno type="ORCID">0000-0001-8279-9298</idno>
                </author>
                <author>
                    <persName>
                        <surname>Neuefeind</surname>
                        <forename>Claes</forename>
                    </persName>
                    <affiliation>Universität zu Köln, Cologne Center for eHumanities</affiliation>
                    <email>c.neuefeind@uni-koeln.de</email>
                    <idno type="ORCID">0000-0002-9377-9492</idno>
                </author>
                <author>
                    <persName>
                        <surname>Schulz</surname>
                        <forename>Daniela</forename>
                    </persName>
                    <affiliation>Herzog August Bibliothek Wolfenbüttel</affiliation>
                    <email>schulz@hab.de</email>
                    <idno type="ORCID">0000-0003-3167-5089</idno>
                </author>
                <author>
                    <persName>
                        <surname>Seltmann</surname>
                        <forename>Melanie Elisabeth-H.</forename>
                    </persName>
                    <affiliation>Universitäts- und Landesbibliothek Darmstadt</affiliation>
                    <email>melanie.seltmann@tu-darmstadt.de</email>
                    <idno type="ORCID">0000-0002-7588-4395</idno>
                </author>
                <author>
                    <persName>
                        <surname>Sievers</surname>
                        <forename>Martin</forename>
                    </persName>
                    <affiliation>Akademie der Wissenschaften und der Literatur | Mainz</affiliation>
                    <email>martin.sievers@adwmainz.de</email>
                    <idno type="ORCID">0000-0002-9079-8911</idno>
                </author>
                <author>
                    <persName>
                        <surname>Gengnagel</surname>
                        <forename>Tessa</forename>
                    </persName>
                    <affiliation>Universität zu Köln, Cologne Center for eHumanities</affiliation>
                    <email>tessa.gengnagel@uni-koeln.de</email>
                    <idno type="ORCID">0000-0001-8820-5112</idno>
                </author>
            </titleStmt>
            <editionStmt>
                <edition>
                    <date>2022-12-06T16:13:00Z</date>
                </edition>
            </editionStmt>
            <publicationStmt>
                    <publisher>Culture and Computation Lab</publisher>
                    <address>
                        <addrLine>Université du Luxembourg</addrLine>
                        <addrLine>2, Avenue de l'Université</addrLine>
                        <addrLine>L-4365 Esch-sur Alzette</addrLine>
                        <addrLine>Luxembourg</addrLine>
                    </address>
                    <publisher>Luxembourg Centre for Contemporary and Digital History</publisher>
                    <address>
                        <addrLine>Université du Luxembourg</addrLine>
                        <addrLine>2, Avenue de l'Université</addrLine>
                        <addrLine>L-4365 Esch-sur Alzette</addrLine>
                        <addrLine>Luxembourg</addrLine>
                    </address>
                    <publisher>Trier Center for Digital Humanities</publisher>
                    <address>
                        <addrLine>Universität Trier</addrLine>  
                        <addrLine>Universitätsring 15</addrLine>
                        <addrLine>54296 Trier</addrLine>
                        <addrLine>Deutschland</addrLine>
                    </address>
                </publicationStmt>
            <sourceDesc>
                <p>Converted from a Word document</p>
            </sourceDesc>
        </fileDesc>
        <encodingDesc>
            <appInfo>
                <application ident="DHCONVALIDATOR" version="1.22">
                    <label>DHConvalidator</label>
                </application>
            </appInfo>
        </encodingDesc>
        <profileDesc>
            <textClass>
                <keywords scheme="ConfTool" n="category">
                    <term>Paper</term>
                </keywords>
                <keywords scheme="ConfTool" n="subcategory">
                    <term>Posterpräsentation</term>
                </keywords>
                <keywords scheme="ConfTool" n="keywords">
                    <term>FAIR principles</term>
                    <term>GND</term>
                    <term>Registry</term>
                    <term>Vernetzung</term>
                </keywords>
                <keywords scheme="ConfTool" n="topics">
                    <term>Methoden</term>
                    <term>Projekte</term>
                    <term>Forschung</term>
                    <term>Software</term>
                    <term>Standards</term>
                    <term>Text</term>
                </keywords>
            </textClass>
        </profileDesc>
    </teiHeader>
    <text>
        <body>
            <p>Das geisteswissenschaftliche Konsortium Text+ (
                <ref target="https://www.text-plus.org/">https://www.text-plus.org/</ref>) hat im Oktober 2021 seine Arbeit innerhalb der Nationalen Forschungsdateninfrastrukur (NFDI) aufgenommen. Text+ widmet sich text- und sprachbasierten Daten aus den verschiedensten Disziplinen (u. a. Literaturwissenschaft, Sprachwissenschaft, Geschichtswissenschaft, Philosophie) in drei Datendomänen bzw. Task Areas: Lexikalische Ressourcen, Sammlungen und Editionen. Als Vertreter:innen der Task Area Editionen<ref n="1" target="ftn1"/> möchten wir mit einem Poster einen Einblick in unsere Arbeit geben, die von einem vielschichtigen Verständnis der ‚Offenheit‘ digitaler Editionen geleitet ist. 
            </p>
            <p>Im Kontext digitaler Editionen wird ‚Offenheit‘ meist im Zusammenhang mit Rechtefragen, d. h. Lizenzen und speziell Open Access, diskutiert (Hannesschläger 2019; Sichani 2017; Dillen und Neyt 2016). Zentral für die Öffnung einer Edition nach außen ist darüber hinaus ihre technische Vernetzbarkeit; Editionen aggregieren einerseits Daten über Schnittstellen, und machen über diese auch ihre eigenen Daten abrufbar (Witt 2018, 255). Prinzipiell können digitale Editionen auch durch die Möglichkeit ihrer weiteren Bearbeitung, Anreicherung oder Erweiterung "offen" bleiben. Darüber hinaus gibt es in jüngster Zeit vermehrt Ansätze, ‚Offenheit‘ im Sinne von ‚Zugänglichkeit‘ aus ‚sozialer' Perspektive zu betrachten (Martinez et al. 2019; Rojas-Castro 2020). Eine Übersicht verschiedener Facetten von ‚Offenheit‘ schaffen Jeffrey Pomerantz und Robin Peek (2016), indem sie den Begriff ‚open‘ u. a. in Bezug zu den Themen Zugänglichkeit, Nutzung, Partizipation und Transparenz stellen, die – gemeinsam mit den bereits genannten Facetten von Offenheit – im Rahmen der Task Area Editionen die Zieldimensionen mit vorgeben. Zentrale Maßnahmen der Task Area Editionen zur Förderung der ‚Offenheit‘ digitaler Editionen umfassen u. a.: </p>
            <div type="div1" rend="DH-Heading1">
            <head>1. Empfehlungen für ‚FAIRe‘ Editionen</head>
            <p>Ein Ziel von Text+ ist es, die Anwendung der FAIR-Prinzipien (Findable, Accessible, Interoperable, Reusable) (Wilkinson et al. 2016) zu fördern, weshalb die Task Area Leitlinien zur Erstellung und Publikation ‚FAIRer‘ Editionen erarbeitet. Da die Anwendung der FAIR-Prinzipien bisher im Editionskontext noch nicht tiefergehend diskutiert wurde, zugleich aber wichtige Bereiche wie Auffindbarkeit, Vernetzung, Lizenzierung und Nachnutzung betrifft, wurde eine Kooperation mit dem Rezensionsjournal RIDE des Instituts für Dokumentologie und Editorik (IDE 2014–2022) initiiert. Über einen Call for Reviews (
                <ref target="https://ride.i-d-e.de/reviewers/call-for-reviews/ride-textplus-de/">https://ride.i-d-e.de/reviewers/call-for-reviews/ride-textplus-de/</ref>), der sich neben dem Kriterienkatalog des IDE (Sahle 2014) auch an im Rahmen von Text+ entwickelten FAIR-Kriterien (Gengnagel et al. 2022) orientiert, werden Rezensionen gesammelt, anhand derer evaluiert wird, inwieweit die FAIR-Prinzipien in ihrer aktuellen Formulierung auf digitale Editionen anwendbar sind und wie sie bisher umgesetzt werden. Die ersten Rezensionen aus der Kooperation zwischen Text+ und IDE erscheinen Anfang 2023.
            </p></div>
            <div type="div1" rend="DH-Heading1">
            <head>2. Verzeichnis digitaler und gedruckter Editionen</head>
            <p>Bei der sog. Registry handelt es sich um ein kuratiertes Verzeichnis von Editionen. Es soll einen strukturierten Zugriff auf die große Zahl an vorhandenen Ressourcen bieten und neben allgemeinen Zugängen nach bestimmten Kriterien (z.B. Sprachen des Edendums, Disziplinzugehörigkeit, Projektbeteiligte) auch erstmals die FAIRness digitaler Editionen berücksichtigen. Durch den holistischen Nachweis von Editionen unabhängig von ihrer Medienform, Verknüpfungen zu einer – ebenfalls im Kontext von Text+ entstehenden – Software-Registry sowie der Präsentation von Best-Practice-Beispielen für bestimmte Disziplinen, Genres oder Editionstypen (sog. model editions), geht die Editionen-Registry über bestehende Nachweissysteme (z.B. Franzini 2012–2022, Sahle 2020–2022 und früher) hinaus. Gleichzeitig beschränkt sie sich zunächst vornehmlich auf Editionen, die an Institutionen im deutschen Raum angesiedelt bzw. an denen deutsche Forschungsinstitutionen beteiligt sind, um die Auffindbarkeit und Sichtbarkeit dieser Projekte signifikant zu erhöhen und insbesondere den Zugriff auf deren Forschungsdaten zu befördern.</p></div>
            <div type="div1" rend="DH-Heading1">
            <head>3. Maßnahmen zur Vernetzung von Editionen</head>
            <p>Die Task Area 
                <hi rend="background(white)">Editionen erkundet Vernetzungspotenziale digitaler Editionen auf Basis von GND-Normdatenannotationen und evaluiert angewandte Praktiken, etwa die Vernetzung durch veröffentlichte BEACON-Dateien, entsprechende Schnittstellen und aggregierende (Fach-)Dienste (Lordick und Mache 2018).</hi> Diese Praxis stärkt einerseits die FAIRness von (digitalen) Editionen: Sie steigert die Auffindbarkeit durch vernetzte Recherchesysteme, ermöglicht verteilte Datenangebote durch semantische Interoperabilität und verbessert die Datenqualität durch ‚Eindeutigkeit‘. Sie wirft andererseits die Frage nach projektspezifischen Normdatenbedarfen und damit den Mitwirkungsmöglichkeiten an der GND auf: Die Task Area Editionen arbeitet deshalb mit der entstehenden „Text+ GND-Agentur“ zusammen (Kett et al. 2022).
            </p>
            <p>Die drei genannten Maßnahmen stellen nur einen Ausschnitt der laufenden Arbeiten dar. Für einen möglichst inklusiven Diskurs rund um das Thema „editionsspezifische Forschungsdaten“ sind Austauschformate zur Einbindung der Community geplant – das Poster selbst (mit weiterführenden QR-Codes) gehört dazu. Grundsätzlich muss bei der Umsetzung der skizzierten Maßnahmen berücksichtigt werden, dass jede digitale Edition in einem hohen Maße individuell ist. Dies betrifft zum einen die Materialien der Edition, die Methoden der Erschließung sowie die Publikationswege und zum anderen die Rahmenbedingungen eines Editionsunternehmens (u. a. personelle, zeitliche und finanzielle Ressourcen, vorhandenes Know-How). Diese Individualität wird bei allen geplanten Maßnahmen in Text+ stets berücksichtigt, indem ‚Offenheit‘ als „Skala“ verstanden wird, „auf der Projekte, die offene Methoden anwenden wollen, den für sie jeweils angemessenen Platz finden müssen“ (Hannesschläger 2020, 143). </p></div>
        </body>
        <back>
<div type="notes">
<note rend="footnote text" xml:id="ftn1" n="1">
                     Contributor Roles: Harald Lordick, Frederike Neuber, Daniela Schulz (Writing – original draft), Philipp Hegel, Kilian Hensen, Jörg Hörnschemeyer, Christoph Kudella, Claes Neuefeind, Melanie Elisabeth-H. Seltmann, Martin Sievers (Writing – review &amp; editing)
                </note></div>
            <div type="bibliogr">
                <listBibl>
                    <head>Bibliographie</head>
                    <bibl>
                        <hi rend="bold">Dillen, Wout und Vincent Neyt</hi>. 2016. “Scholarly Digital Editing within the Boundaries of Copyright Restrictions.” 
                        <hi rend="italic">Digital Scholarship in the Humanities</hi> 31, Nr. 1: 785-796. 
                        <ref target="https://doi.org/10.1093/llc/fqw011">https://doi.org/10.1093/llc/fqw011</ref> (zugegriffen:
                        <hi rend="background(white)" xml:space="preserve"> 19. Juli 20</hi>22). 
                    </bibl>
                    <bibl>
                        <hi rend="bold">Franzini, Greta</hi>. 2012—2022. 
                        <hi rend="italic">Catalogue of Digital Editions</hi>. https://dig-ed-cat.acdh.oeaw.ac.at/ (zugegriffen: 19. Juli 2022).
                    </bibl>
                    <bibl>
                        <hi rend="bold">Gengnagel, Tessa, Frederike Neuber und Daniela Schulz</hi>. 2022. 
                        <hi rend="italic">FAIR Principles in Digital Scholarly Editions</hi>. 
                        <ref target="https://ride.i-d-e.de/fair-criteria-editions/">https://ride.i-d-e.de/fair-criteria-editions/</ref> (zugegriffen: 19. Juli 2022).
                    </bibl>
                    <bibl>
                        <hi rend="bold">Hannesschläger, Vanessa.</hi> 2020. „Forschung öffnen: Möglichkeiten, Potentiale und Grenzen von Open Science am Beispiel der offenen Datenbank 
                        <hi style="font-size:12pt">‚</hi>Handke: in Zungen
                        <hi style="font-size:12pt">‘</hi>.“ In 
                        <hi rend="italic">Digital Humanities Austria 2018. Empowering Researchers</hi>, hg. v. Marlene Ernst, Peter Hinkelmanns, Lina Maria Zangerl, Katharina Zeppezauer-Wachauer und Verena M. Höller, 140—144. Wien: Austrian Academy of Sciences Press.
                    </bibl>
                    <bibl>
                        <hi rend="bold">Hannesschläger, Vanessa</hi>. 2019–2020. “Common Creativity International: CC-licensing and Other Options for TEI-based Digital Editions in an International Context.” In 
                        <hi rend="italic">Journal of the Text Encoding Initiative</hi> 11. 
                        <ref target="https://doi.org/10.4000/jtei.2610">https://doi.org/10.4000/jtei.2610</ref> (zugegriffen: 19. Juli 2022).
                    </bibl>
                    <bibl>
                        <hi rend="bold">Institut für Dokumentologie und Editorik.</hi> 2014–2022. 
                        <ref target="https://ride.i-d-e.de/">
                            <hi rend="italic">RIDE – A Review Journal for Digital Editions and Resources</hi>
                        </ref>. 
                        <ref target="https://ride.i-d-e.de/">https://ride.i-d-e.de/</ref> (zugegriffen: 19. Juli 2022).
                    </bibl>
                    <bibl>
                        <hi rend="bold background(white)">Kett, Jürgen, Christoph Kudella, Andrea Rapp, Regine Stein und Thorsten Trippel</hi>
                        <hi rend="background(white)">. 2022. „Text+ und die GND – Community-Hub und Wissensgraph.“ ​</hi>
                        <hi rend="italic">Zeitschrift für Bibliothekswesen und Bibliographie</hi> 69, Nr. 1-2: 37-47. 
                        <hi rend="background(white)">​https://doi.org/10.3196/1864295020691262</hi> (zugegriffen: 19. Juli 2022)
                    </bibl>
                    <bibl>
                        <hi rend="bold">Lordick, Harald und Beata Mache.</hi> 2018. „Annotationen anhand der Gemeinsamen Normdatei aus einer anwendungsorientierten Perspektive historischer Forschung.“ 
                        <hi rend="italic">Digital Humanities im deutschsprachigen Raum (DHd2018)</hi>, Köln. 
                        <ref target="https://doi.org/10.5281/zenodo.1188230">https://doi.org/10.5281/zenodo.1188230</ref> (zugegriffen: 27. Juli 2022).
                    </bibl>
                    <bibl>
                        <hi rend="bold">Martinez, Merisa, Wout Dillen, Elli Bleeker, Anna-Maria Sichani und Aodhán Kelly.</hi> 2019. “Refining our Conceptions of ‘Access’ in Digital Scholarly Editing: Reflections on a Qualitative Survey on Inclusive Design and Dissemination.” In 
                        <hi rend="italic">Variants</hi> 14: 41–74.  https://doi.org/10.4000/variants.1070 (zugegriffen: 19. Juli 2022).
                    </bibl>
                    <bibl>
                        <hi rend="bold">Pomerantz, Jeffrey und Robin Peek.</hi> 2016. “Fifty shades of open.” In 
                        <hi rend="italic">First Monday</hi> 4. http://firstmonday.org/ojs/index.php/fm/article/view/6360/5460 (zugegriffen: 19. Juli 2022).
                    </bibl>
                    <bibl>
                        <hi rend="bold">Rojas Castro, Antonio.</hi> 2020. “FAIR enough? Building DH Resources in an Unequal World.” Digital Humanities Kolloquium der BBAW, 7. August 2020. https://vimeo.com/445147368 (zugegriffen: 19. Juli 2022).
                    </bibl>
                    <bibl>
                        <hi rend="bold">Sahle, Patrick</hi>. 2014. 
                        <hi rend="italic">Kriterienkatalog für die Besprechung digitaler Editionen</hi>. https://www.i-d-e.de/publikationen/weitereschriften/kriterien-version-1-1/ (zugegriffen: 19. Juli 2022).
                    </bibl>
                    <bibl>
                        <hi rend="bold">Sahle, Patrick.</hi> 2020ff. 
                        <hi rend="italic">A Catalogue of Digital Scholarly Editions</hi>, Version 4
                        <hi rend="italic">.</hi> https://www.digitale-edition.de
                    </bibl>
                    <bibl>
                        <hi rend="bold">Sichani, Anna-Maria.</hi> 2017. “Beyond Open Access. (Re)use, Impact and the Ethos of Openness in Digital Editing.” In 
                        <hi rend="italic">Advances in Digital Scholarly Editing</hi>, hg. von Boot, Peter, Anna Cappellotto, Wout Dillen, Franz Fischer, Aodhán Kelly, Andreas Mertgens, Anna-Maria Sichani, Elena Spadini und Dirk Van Hulle, 439—448. Leiden: Sidestone Press.
                    </bibl>
                    <bibl>
                        <hi rend="bold">Wilkinson, Mark D., Michel Dumontier, IJsbrand Jan Aalbersberg, Gabrielle Appleton, Myles Axton, Arie Baak, Niklas Blomberg, u. a.</hi> 2016. “The FAIR Guiding Principles for scientific data management and stewardship.” 
                        <hi rend="italic">Scientific Data</hi> 3: 160018.10.1038/sdata.2016.18.
                    </bibl>
                    <bibl>
                        <hi rend="bold" xml:space="preserve">Witt, Jeffrey </hi>C. 2018. “
                        <hi rend="italic">Digital Scholarly Editions and API Consuming Applications</hi>.” In: 
                        <hi rend="italic">Digital Scholarly Editions as Interfaces 12</hi>, hrsg. von Roman Bleier, Martina Bürgermeister, Helmut W. Klug, Frederike Neuber und Gerlinde Schneider, 219–247. Norderstedt: Books on Demand.
                    </bibl>
                </listBibl>
            </div>
        </back>
    </text>
</TEI>
