<?xml version="1.0" encoding="UTF-8"?>
<TEI xml:id="SU_REZ_CRONAUER_Elena_Korrespondenzen_der_Fr_hromantik__Ein_" xmlns="http://www.tei-c.org/ns/1.0">
    <teiHeader>
        <fileDesc>
            <titleStmt>
                <title type="full">
                    <title type="main">Korrespondenzen der Frühromantik: Ein kontrolliertes Vokabular zur Analyse von Kommunikation und Wissenstransfer für das Semantic Web</title>
                    <title type="sub"/>
                </title>
                <author>
                    <persName>
                        <surname>Suárez Cronauer</surname>
                        <forename>Elena</forename>
                    </persName>
                    <affiliation>Akademie der Wissenschaften und der Literatur | Mainz, Deutschland</affiliation>
                    <email>Elena.SuarezCronauer@adwmainz.de</email>
                    <idno type="ORCID">0000-0002-2008-4139</idno>
                </author>
                <author>
                    <persName>
                        <surname>Fath</surname>
                        <forename>Laura</forename>
                    </persName>
                    <affiliation>Johannes Gutenberg-Universität Mainz</affiliation>
                    <email>lfath@uni-mainz.de</email>
                </author>
                <author>
                    <persName>
                        <surname>Deicke</surname>
                        <forename>Aline</forename>
                    </persName>
                    <affiliation>Akademie der Wissenschaften und der Literatur | Mainz, Deutschland</affiliation>
                    <email>aline.deicke@adwmainz.de</email>
                    <idno type="ORCID">0000-0001-7347-7625</idno>
                </author>
                <author>
                    <persName>
                        <surname>Strobel</surname>
                        <forename>Jochen</forename>
                    </persName>
                    <affiliation>Johannes Gutenberg-Universität Mainz</affiliation>
                    <email>jochen.strobel@uni-marburg.de</email>
                    <idno type="ORCID">0000-0002-0511-4440</idno>
                </author>
                <author>
                    <persName>
                        <surname>Weyand</surname>
                        <forename>Sandra</forename>
                    </persName>
                    <affiliation>Universität Trier</affiliation>
                    <email>weyands@uni-trier.de</email>
                </author>
                <author>
                    <persName>
                        <surname>Burch</surname>
                        <forename>Thomas</forename>
                    </persName>
                    <affiliation>Universität Trier</affiliation>
                    <email>burch@uni-trier.de</email>
                </author>
            </titleStmt>
            <editionStmt>
                <edition>
                    <date>2022-12-14T18:12:39.598338581</date>
                </edition>
            </editionStmt>
            <publicationStmt>
                    <publisher>Culture and Computation Lab</publisher>
                    <address>
                        <addrLine>Université du Luxembourg</addrLine>
                        <addrLine>2, Avenue de l'Université</addrLine>
                        <addrLine>L-4365 Esch-sur Alzette</addrLine>
                        <addrLine>Luxembourg</addrLine>
                    </address>
                    <publisher>Luxembourg Centre for Contemporary and Digital History</publisher>
                    <address>
                        <addrLine>Université du Luxembourg</addrLine>
                        <addrLine>2, Avenue de l'Université</addrLine>
                        <addrLine>L-4365 Esch-sur Alzette</addrLine>
                        <addrLine>Luxembourg</addrLine>
                    </address>
                    <publisher>Trier Center for Digital Humanities</publisher>
                    <address>
                        <addrLine>Universität Trier</addrLine>  
                        <addrLine>Universitätsring 15</addrLine>
                        <addrLine>54296 Trier</addrLine>
                        <addrLine>Deutschland</addrLine>
                    </address>
                </publicationStmt>
            <sourceDesc>
                <p>Converted from an OASIS Open Document</p>
            </sourceDesc>
        </fileDesc>
        <encodingDesc>
            <appInfo>
                <application ident="DHCONVALIDATOR" version="1.22">
                    <label>DHConvalidator</label>
                </application>
            </appInfo>
        </encodingDesc>
        <profileDesc>
            <textClass>
                <keywords scheme="ConfTool" n="category">
                    <term>Paper</term>
                </keywords>
                <keywords scheme="ConfTool" n="subcategory">
                    <term>Vortrag</term>
                </keywords>
                <keywords scheme="ConfTool" n="keywords">
                    <term>Frühromantik</term>
                    <term>Ontologie</term>
                    <term>Semantic Web</term>
                    <term>Brief</term>
                    <term>Vokabular</term>
                </keywords>
                <keywords scheme="ConfTool" n="topics">
                    <term>Inhaltsanalyse</term>
                    <term>Modellierung</term>
                    <term>Annotieren</term>
                    <term>Netzwerkanalyse</term>
                    <term>Daten</term>
                    <term>Text</term>
                </keywords>
            </textClass>
        </profileDesc>
    </teiHeader>
    <text>
        <body>
            <div type="div1" rend="DH-Heading1">
                <head>
                    <anchor xml:id="id__agt46c874yza"/>Das Projekt „Korrespondenzen der Frühromantik”
                </head>
                <p>Die Jenaer (und Berliner) Frühromantik gilt als die herausragende intellektuelle Revolution junger deutscher Autor*innen und Gelehrter an der Epochenschwelle um 1800. Die Gruppe agierte öffentlichkeitswirksam und nachhaltig, dispers und zugleich netzwerkbildend; sie reflektierte und praktizierte „Geselligkeit“ beispielsweise auch mittels der Kommunikationsform „Brief“. Die (auch quantitative) Auswertung dieser epistolaren Kommunikationsprozesse zwischen den Frühromantiker*innen einschließlich einer Untersuchung des dabei erfolgenden Wissenstransfers ist eines der großen Desiderate der Romantikforschung, dem das DFG–Projekt „Korrespondenzen der Frühromantik. Edition – Annotation – Netzwerkforschung“ begegnen möchte. Ein grundlegender Schritt auf dieses Ziel hin ist die Erstellung kontrollierter Vokabulare in Gestalt normierter Meta- und Registerdaten, die in einen Knowledge Graphen auf Grundlage einer domänenspezifischen Ontologie eingebunden werden sollen. Einen Aspekt dieser Modellierungsprozesse präsentiert dieser Beitrag. </p>
                <p>Die Datengrundlage bilden die Briefe der wichtigsten Protagonist*innen der Frühromantik (wie z. B. Friedrich, Dorothea, August Wilhelm und Caroline Schlegel, Novalis u.a.) untereinander und mit ihren weiteren Korrespondenzpartner*innen zwischen 1790 und 1802, also von den diversen ‘Vorgeschichten’ bis zum Zerfall des Jenaer Kreises (Schanze 2018, 18). Die Daten werden systematisch und vollständig erfasst, digital in Open Access publiziert und literaturwissenschaftlich wie netzwerktheoretisch ausgewertet. Darunter fällt auch die semantische Annotation von Aussagen in diesen Brieftexten, bei der dort erfasste Registerentitäten, wie Personen, Werke, Körperschaften oder Periodika, über eine zweiteilige Prädikatstruktur aus Illokution (dem eigentlichen Verb) und Proposition (einer Aussage, die dieses Verb näher spezifiziert) miteinander verknüpft werden. Zusammen mit den Register- und Metadaten der Briefe werden diese Annotationen in einen Knowledge Graphen überführt, in dem die Daten weiter angereichert werden. Auf dieser Basis erfolgen schließlich Auswertungen mittels quantitativer netzwerkanalytischer sowie qualitativer Ansätze. Die digitale Bereitstellung und Erschließung philologisch zuverlässiger Briefdigitalisate, die Annotation der Briefe sowie die parallele und abschließende graphen- und netzwerktheoretische Auswertung stellen demnach die drei Kernbereiche des Projekts dar.</p>
                <p>Der Vortrag stellt die zwei Arbeitsphasen vor, in denen die kontrollierten Vokabulare der Illokutionen und Propositionen im Zusammenspiel von digitaler Edition und Annotation entwickelt werden: Zunächst wird ein festes Begriffsset aus den Aussagen der Briefe destilliert und definiert, das danach in die Strukturen eines kontrollierten Vokabulars für die Verwendung als Linked Open Data überführt wird. Anschließend wird die Einbindung dieser Vokabulare in das Datenmodell des Knowledge Graphen präsentiert. </p>
            </div>
            <div type="div1" rend="DH-Heading1">
                <head>
                    <anchor xml:id="id__k9ed54f8xr1k"/>Entwicklung von Vokabularen zur semantischen Annotation von Aussagen
                </head>
                <p>Der ursprüngliche Plan zur Erstellung des Begriffssets orientierte sich an Tripelstrukturen wie aus dem Semantic Web bekannt (Subjekt-Prädikat-Objekt). Insbesondere das Prädikat wurde, wie bereits angesprochen, im Laufe des Projekts jedoch differenziert und in zwei Kategorien – Illokution und Proposition – aufgesplittet. Diese können zu Analyse- und Publikationszwecken (z.B. als kontrolliertes RDF-Vokabular) wieder zusammengeführt werden, werden jedoch zur Gewährleistung größtmöglicher Flexibilität in der datenhaltenden Schicht zunächst in dieser ausführlicheren Variante vorgehalten. Ein den Semantic-Web-Prinzipien ähnlicher Ansatz findet sich auch in der 
                    <hi rend="italic">quantitative narrative analysis</hi> (QNA) (Franzosi 2010): Nach der sozialwissenschaftlichen Methode bilden semantische Tripel die grundlegenden Einheiten einer Erzählung (Sudhahar u.a. 2015, 2). Von uns wird diese Vorgehensweise erstmals für die Annotation von Briefen genutzt. Durch die zweiteiligen Prädikate werden Meta- und Registerdaten der Briefe (Subjekt und Objekt) semantisch verknüpft. Subjekte können in diesem spezifischen Fall nur Personen sein, Objekte Personen, Körperschaften, Werke und Periodika.
                </p>
                <p>Ziel dieser Auszeichnungen ist es, die Prozesse intellektuellen Austauschs und die Spuren kollaborativen Schaffens in den Brieftexten für eine formale quantitative Analyse zu öffnen. Auf Basis der kontrollierten Vokabulare der Illokutionen und Propositionen (sowie der schon in Gestalt der Meta- und Registerdaten vorgegebenen Registereinträge) werden die konkreten Akte, aus denen sich Strukturen von Kommunikation und Wissenstransfer ergeben, formal expliziert, womit sich weiterführende datengestützte Auswertungsperspektiven im Sinne der Forschungsfrage ergeben.</p>
                <p>Die Vokabulare entstehen teils
                    <hi rend="italic">bottom up</hi>, teils 
                    <hi rend="italic">top down</hi>: mehrere Bearbeiter*innen annotieren parallel ein kleines Sample von Briefen. Aus dem im Team diskutierten Abgleich der gewählten Formulierungen ergibt sich eine Liste von zusammengesetzten Prädikaten im weiteren Sinne, die sich aus einem die jeweilige Kommunikationsfunktion bezeichnenden und eine kommunikative Handlung vollziehenden illokutionären Verb (also etwa „behaupten“, „erbitten“, „grüßen“, „positiv bewerten“) und fakultativ einer „welthaltigen“ Proposition, der Aussage, die hier auf den Punkt zu bringen ist, zusammensetzt, also etwa: „Publikation“; „Buchsendung“; „Arbeitsplan“. Die Proposition spezifiziert die abstrakte illokutionäre Aussage und beantwortet Fragen wie: „
                    <hi rend="italic">Was</hi> wird positiv bewertet?“ oder „Wozu wird jemand (das Objekt) aufgefordert?“ Bei der Erstellung dieser Liste(n) stellt der historische Bedeutungswandel der Sprache ein grundlegendes Problem dar. Wir versuchen diesem Problem zu begegnen, indem wir Anachronismen und begriffliche Überschneidungen mit romantischen Konzepten zu vermeiden versuchen. In einzelnen Fällen wird das nicht möglich sein. Hier können wir lediglich darauf verweisen, dass unser modernes Verständnis von „Kritik” nicht identisch ist mit Friedrich Schlegels Begriff. Das Korpus der Propositionen soll 200 bis 300 nicht überschreiten, die Zahl der illokutionären Verben wird etwa 80 bis 90 erreichen. Mit diesen Termini schließen wir an sprachwissenschaftliche Standards, nämlich die Sprechakttheorie, an, die zwischen illokutionärem Akt und Proposition unterscheidet. Dabei sind nicht alle Aussagen eines Briefes zu annotieren. Die Auswahl ergibt sich aus folgenden Fragen: Sind identifizierte/identifizierbare Akteur*innen, Werke, Periodika, Körperschaften beteiligt? Ist die Aussage mit möglichst generischen Formulierungen zu erfassen? Kann die Aussage Fragen zu unseren Forschungsschwerpunkten beantworten? Wollte man auf diese Einschränkungen verzichten und eine komplette maschinenlesbare Paraphrase von 6.000 teils umfangreichen und thematisch oft äußerst heterogenen Briefen leisten, würde der dafür notwendige Zeitaufwand den eines finanzierbaren Forschungsprojekt überschreiten. Die Aussagenkette würde den Brief quantitativ um ein Mehrfaches übertreffen.
                </p>
                <p>Bei der Erstellung der Begriffssets ist oberstes Gebot die intersubjektive Prüfbarkeit. Während Subjekt und Objekt positive Gegebenheiten sind, da Kopfdaten des Briefs oder Nennungen in den Registern, müssen Proposition und Illokution erst kontextuell abgeleitet werden. Eine Herausforderung, der man bei der Erstellung der Vokabulare begegnet, ist die Vereinheitlichung des zusammengesetzten Prädikats bei komplexen Aussagen, die auf zwei oder mehr Annotationsketten verteilt werden müssen. Dabei müssen die einzelnen Elemente – Illokution und Proposition – generisch und möglichst abstrakt gehalten werden, um das Vokabular zu begrenzen und eine quantitative Auswertung und potentielle Interoperabilität zu ermöglichen.</p>
                <p>Auch die Entscheidung, was als Illokution gelten kann und was nicht, ist nicht immer einfach. Möglichst sollten keine Dopplungen von Begriffen im Propositions- und Illokutionsregister auftauchen wie beispielsweise 
                    <hi rend="italic">senden </hi>als Illokution und in seiner substantivierten Form 
                    <hi rend="italic">Sendung </hi>als Proposition. Andererseits können komplexere Aussagen wie „Buchsendung erbitten”, also das Phänomen sekundärer Prädikation, nur um den Preis gewisser Unschärfen ausgedrückt werden. So muss zuweilen auf Nuancen verzichtet werden, um die Konsistenz der Annotationspraxis zu gewährleisten. Hier dient das kontrollierte Vokabular auch der Organisation von Informationen (ANSI/NISO, 10).
                </p>
                <p>Die intersubjektive Prüfbarkeit soll durch den Anschluss an sprachwissenschaftliche Standards garantiert werden. So werden Illokutionen und Propositionen jeweils Oberbegriffsklassen zugewiesen. Sie sind die Objektivation des 
                    <hi rend="italic">top down</hi>-Elements bei der Annotationspraxis, die eben nicht allein auf einer abstrahierenden Paraphrase einzelner Briefpassagen beruht. Im Falle der Illokutionen ist das die Zuordnung zu Illokutionstypen nach Searle (Searle 1976, 1–23). Er teilt Verben in die Gruppen Assertive, Direktive, Kommissive, Expressive und Deklarative ein. Die Oberbegriffe zu den Propositionen sollen abgeglichen werden mit Erkenntnissen der Romantikforschung, der Briefforschung und dem Wissen über die Zeit um 1800 einschließlich ihrer Alltagskultur. Dies ist mehr noch als bei den Illokutionen ein 
                    <hi rend="italic">top down</hi>-Element, das auf vorgängigen Erkenntnisinteressen und dem Stand der Forschung beruht. Mit diesen in einem Trial-and-Error-Verfahren zu erarbeitenden Begriffsklassen verfolgen wir mehrere Absichten: Wir dokumentieren den Anschluss an vorausgehende wissenschaftliche Überlegungen (wir vermeiden dabei Objektsprache), wir erhöhen den Grad an Disambiguierung in unserem Korpus (oder stellen uns den zwischen den Klassen sicherlich unvermeidlichen Ambiguitäten, wenn etwa Unterbegriffe mehrfach zugeordnet werden können), wir geben Nutzer*innen unserer Editionsplattform als zusätzliche Suchoption Registerelemente an die Hand, erhöhen also die Usability unserer Textsammlung, und fügen schließlich für maschinelle Auswertungen eine zentrale, wenngleich händisch erhobene Datenquelle hinzu. Dieses Angebot soll u.a. die literaturwissenschaftliche Forschung befruchten, aber auch ein Beitrag sein zur Erforschung der Leistung der Kommunikationsform „Brief“ in ihrer Textualität. Nicht zuletzt wird im Projekt selbst ein Wechselspiel von quantitativem und qualitativem Arbeiten erprobt, aus dem neue Erkenntnisse und Arbeitsweisen für die digitalen Geisteswissenschaften hervorgehen können.
                </p>
            </div>
            <div type="div1" rend="DH-Heading1">
                <head>
                    <anchor xml:id="id__6ou6sl2azv0u"/>Implementierung in den Knowledge Graphen
                </head>
                <p>Für die Implementierung in den Knowledge Graphen dient folglich zunächst ein festes Set aus Begriffen als Grundlage, das die Briefaussagen, die im Zusammenhang mit Kommunikationsprozessen und dem daraus folgenden Wissenstransfer stehen, als die Verknüpfung von Registerentitäten durch Illokution und Proposition mit zugehörigen Oberklassen abbildet. Dieses Begriffsset wird bei der Modellierung einer Ontologie der „Korrespondenzen der Frühromantik” berücksichtigt und anschließend in einer RDF-Serialisierung in ein kontrolliertes Vokabular im Sinne des Semantic Webs überführt.</p>
                <p>Eine Ontologie wird als eine formale und explizite Spezifikation einer gemeinsamen Konzeptualisierung von Wissen definiert (Gruber 1993, 199). Ein kontrolliertes Vokabular als eine „Zusammenstellung von Bezeichnern (URIs) mit klar definierter Bedeutung“ (Hitzler u.a. 2008, 48) stellt zunächst Informationen dar, identifiziert diese Informationen darüber hinaus aber auch nochmals eindeutig in einer maschinenlesbaren Form und bildet somit die Voraussetzung für die Beschreibung von semantischen Beziehungen innerhalb einer Ontologie. Hier werden diese Begriffe dann in komplexe, ggf. hierarchische Beziehungen gesetzt.</p>
                <p>Herausfordernd ist in vorliegendem Fall die Transformation der oben beschriebenen Aussagen in Konzepte: Die Aussagen in den Briefe spiegeln deren natürliche Sprache; sie werden in den Vokabularen aus Illokutions- und Propositionsklassen formalisiert und in einen semantischen Zusammenhang gestellt. Diese Arbeit wird schließlich im Knowledge Graphen fortgesetzt, indem diese Aussagen als Konzepte innerhalb einer Ontologie abgebildet werden. Der Begriff ‘Konzept’ wird hier als eine aus der Wahrnehmung abstrahierte Vorstellung, also als eine mentale, wortähnliche Repräsentation von Dingen verstanden und somit eben nicht als ein spezifischer, in einem Brief beschriebener Sachverhalt (Margolis 2022). Von vornherein werden nicht lediglich die Aussagen der Briefe rekonstruiert bzw. formalisiert. Vielmehr wird das übergreifende und somit für weitere semantische Verarbeitung relevante Konzept hinter dieser Aussage bereits in den generischen Elementen des Begriffssets sichtbar. So ist beispielsweise nicht relevant, dass Schlegel in seinem Brief Schleiermacher um seine Kritik an einer bestimmten von ihm übersetzten Textpassage bittet. Relevant sind vielmehr die Begriffe „Kritik“ und „erbitten“ bzw. „Bitte“ (also: Proposition und illokutionäres Verb) im Verhältnis zu Subjekt und Objekt, da durch diese Konzepte sowohl die Selbstreferentialität der Kommunikation (Illokutionen) als auch die relevanten Themen der Kommunikationsprozesse (insbesondere der Wissenstransfer) angesprochen werden. Wie diese Aussagen in das kontrollierte Vokabular übernommen werden – z.B. ob man „Kritik erbitten“ als ein Konzept wertet oder nicht – hat Auswirkungen auf das weitere Datenmodell, also die Ontologie, und ihre Fähigkeit, generische Aussagen der frühromantischen Wissensdomäne abzubilden.</p>
                <p>Um dieser Problematik für das Datenmodell adäquat zu begegnen, wurden zunächst verschiedene Ansätze geprüft, die sich mit der Modellierung geisteswissenschaftlicher Daten, insbesondere Briefdaten, beschäftigen.
                    <hi rend="sup"><ref n="1" target="ftn1"/>
                    </hi> Das Datenmodell der „Korrespondenzen der Frühromantik“ referenziert auf das Cidoc Conceptual Reference Model (CRM) als Upper Ontology. Auch wenn das Cidoc CRM eigentlich als eine Ontologie für die Museumsdomäne entwickelt wurde, folgt die Orientierung daran der Definition einer Ontologie als einer 
                    <hi rend="italic">gemeinsamen</hi> Konzeptualisierung von Wissen, da sich zahlreiche geisteswissenschaftliche Projekte an dem Modell orientieren. Zudem kommt die logische Ausrichtung des Cidoc CRMs auf Ereignisse (
                    <hi rend="italic">event driven architecture</hi>) den Forschungsfragen des Projekts zugute, da so bspw. die Korrespondenzen als Prozesse modelliert werden und somit Flexibilität innerhalb des Modells garantiert wird. 
                    <anchor xml:id="id_docs-internal-guid-ac5f0d80-7fff-6901-1b38-300a8aab34e9"/>
                    <hi rend="color(#000000) background-color(#ffffff)">So wird jede Klasse </hi>
                    <hi rend="color(#000000) background-color(#ffffff)">der</hi>
                    <hi rend="color(#000000) background-color(#ffffff)"> frühromantischen Domänenontologie als Superklasse einer Klasse des Cidoc CRMs übergeordnet oder es werden, falls möglich, die Klassen des Cidoc CRMs direkt nachgenutzt.</hi> Ebenso wird bei den Properties vorgegangen. Darüber hinaus wurden Aspekte der Auszeichnungslogik von 
                    <hi rend="italic">correspdesc</hi> miteinbezogen, da die bereits publizierten Daten der August-Wilhelm-Schlegel-Edition (Strobel 2014–2020) dieser folgen.
                </p>
                <p>Für die Modellierung der Aussagen bedeutet dies nun Folgendes: Innerhalb des Konzeptes Brief (Klasse 
                    <hi rend="italic">Letter</hi> mit Superklasse 
                    <hi rend="italic">E33 Linguistic Object </hi>des Cidoc CRMs) können Personen (Klasse 
                    <hi rend="italic">E21</hi>
                    <hi rend="italic">Person</hi>), Zeitschriften (
                    <hi rend="italic">Periodical</hi> mit Superklasse 
                    <hi rend="italic">E33</hi>), Werke (
                    <hi rend="italic">Work</hi> mit Superklasse 
                    <hi rend="italic">E33</hi>), Institutionen (
                    <hi rend="italic">Institution</hi> mit Superklasse 
                    <hi rend="italic">E74 Group</hi>), Schlagwörter (
                    <hi rend="italic">Theme</hi> mit Superklasse 
                    <hi rend="italic">E55 Type</hi>) und Aussagen (
                    <hi rend="italic">Statement</hi> mit Superklasse 
                    <hi rend="italic">E13 Attribute Assingment</hi>) miteinbezogen sein. Verbunden sind diese Klassen mit 
                    <hi rend="italic">Letter </hi>jeweils mit der Property 
                    <hi rend="italic">P129 is about</hi> des Cidoc CRMs. Das kontrollierte Vokabular wird in den Klassen 
                    <hi rend="italic">Illocution</hi> und 
                    <hi rend="italic">Proposition</hi> abgebildet, beide mit Superklasse 
                    <hi rend="italic">E55 Type</hi>. 
                    <hi rend="italic">Illocution</hi> ist zudem mit der Gruppe der Illoktutionstypen durch die Klasse 
                    <hi rend="italic">Illocutiongroup</hi> verbunden, die ebenfalls die Superklasse 
                    <hi rend="italic">E55 Type </hi>hat. Innerhalb der Klasse 
                    <hi rend="italic">Statement</hi> als Domain werden die Aussagen nun modelliert, indem das Subjekt durch 
                    <hi rend="italic">has_Subject</hi> (Subproperty von 
                    <hi rend="italic">P140 assigned attribute to</hi>) mit 
                    <hi rend="italic">E21 Person</hi> als Range verbunden wird, das Objekt als Range mit den Klassen 
                    <hi rend="italic">E21 Person</hi>, 
                    <hi rend="italic">Periodical</hi>, 
                    <hi rend="italic">Work</hi> und/oder 
                    <hi rend="italic">Institution</hi> mit der Property 
                    <hi rend="italic">has_Object</hi> (Subproptery von 
                    <hi rend="italic">P141</hi>
                    <hi rend="italic">assigned</hi>) sowie das Prädikat mit 
                    <hi rend="italic">has_Predicate</hi> (Subproperty von 
                    <hi rend="italic">P177 assigned property of type</hi>) mit den Klassen 
                    <hi rend="italic">Illocution</hi> und 
                    <hi rend="italic">Proposition </hi>(Abb. 1). Die jeweiligen Einheiten einer Aussage werden somit als gesonderte Klassen betrachtet, die erst innerhalb der Aussage selbst wieder zusammengeführt werden, wobei die Properties die Subjekt-Illokution-Proposition-Objekt-Struktur festlegen. Perspektivisch bedeutet dies, dass bspw. die Proposition „Kritik“ und die Illokution „erbitten“ erst für die Netzwerkanalyse aus zuvor getrennt vorgehaltenen Einheiten der Graphdatenbank zusammengesetzt werden. Hierdurch wird eine flexible Struktur garantiert: Die Komplexität der Konstruktion von Aussagen wird durch das Aufgliedern in ihre einzelnen Bestandteile reduziert, sodass eine Nachnutzung der Daten – unter der Berücksichtigung der Auswahl der Begriffe, die von den angesprochenen Forschungsfragen bestimmt war – auch in anderen Kontexten möglich ist. Es gilt dementsprechend aus den spezifischen und eine konkrete „Sache” betreffenden Aussagen des Quellmaterials generische und allgemeine Konzepte zu entwickeln und diese als Linked Open Data darzustellen, welche dann einerseits für den im Projekt zu entwickelnden Knowledge Graphen bzw. die Ontologie genutzt, andererseits aber auch für andere Forschungsinteressen, welche die Zeit um 1800 oder das Kommunikationsmedium „Brief“ betreffen, 
                    <hi rend="italic">nach</hi>genutzt werden können. Diese Entwicklung generischer und offener Forschungsdaten aus konkretem Quellenmaterial stellt eine Aufgabe dar, denen viele Forschungsprojekte aus dem Bereich der Digital Humanities begegnen, die jedoch nicht minder signifikant ist: Nur so werden Forschungsdaten erzeugt, die auch über den Projektkontext hinaus genutzt werden und folglich die Forschungslandschaft ergänzen können. Zudem können durch den Linked Open Data-Ansatz die projektinternen Forschungsdaten an andere Datenkorpora angeschlossen werden, was einerseits zu einer größeren Sichtbarkeit, andererseits zu vielfältigen Anschlussperspektiven führt, beispielsweise für die Historische Netzwerkforschung, die Geschichtswissenschaften (v.a. zur Kultur-, Sozial- und Ideengeschichte, aber auch zu Alltags- und Emotionsgeschichte), die Genderforschung oder die Judaistik.
                </p>
            </div>
            <div type="div1" rend="DH-Heading1">
                <head>
                    <anchor xml:id="id__sf5m049q9rz8"/>Ausblick
                </head>
                <p>Durch den Aufbau solcher kontrollierter Vokabulare, die Entwicklung des Datenmodells und die Integration in einen Knowledge Graphen eröffnet sich die Möglichkeit tiefergehender Analysen mit Methoden der historisch-geisteswissenschaftlichen Netzwerkforschung, innerhalb derer die Strukturen des Netzwerks der Jenaer (und Berliner) Frühromantik sowie seine Genese und Entwicklung als relationale Phänomene rekonstruiert werden. So wird ein neues Bild der einleitend erwähnten Akteur*innen gezeichnet, werden zentrale Personen, homo- und heterogene Strukturen, Überschreitungen sozialer Barrieren und die Kreuzung sozialer Kreise ausgemacht sowie Dynamiken dieser Strukturen aufgeschlüsselt. Da sich die Netzwerkforschung in Bezug auf die umfassende, auch inhaltliche Erschließung von Korrespondenzen noch in den Anfängen befindet, ergibt sich in der Kombination mit einer umfassenden, hochstrukturierten Datenbasis die Möglichkeit, neue Forschungsansätze in der Synthese literaturwissenschaftlicher und netzwerktheoretischer Arbeitsweisen zu entwickeln und für den Anwendungsfall der Jenaer Frühromantik eingehend zu prüfen. </p>
            </div>
            <div type="div1" rend="DH-Heading1">
                <head>Abbildung</head>
                <p>
                    <figure>
                        <graphic url="Pictures/8f9b31a2fe1c25b0e40d1f35ab3f5eac.png"/>
                        <head>Abb. 1: Ausschnitt aus Datenmodell der „Korrespondezen der Frühromantik"</head>
                    </figure>
                </p>
            </div>
        </body>
        <back>
<div type="notes">
<note xml:id="ftn1" rend="footnote text" n="1">Hier sei auf das CIDOC CRM (Bekiari u.a. 2022), das „Letter Model“, das im Rahmen der COST Action „Reassembling the Republic of Letters“ entwickelt wurde (Jeffries u.a. 2019), das 
                            <hi rend="italic">correspdesc</hi>-Element der TEI Guidelines (TEI Consortium [Hg.] 2021), das Europeana Data Model (Doerr u.a. 2010), die Ontologie „OntoAndalus” (Almeida u.a. 2021) sowie die Ontologie „OntoBelliniLetters“ (Cristofaro u.a. 2022) verwiesen.
                        </note></div>
            <div type="bibliogr">
                <listBibl>
                    <head>Bibliographie</head>
                    <bibl>Almeida, Bruno, and Rute Costa. „OntoAndalus: an ontology of Islamic artefacts for terminological purposes." Semantic Web 12.2 (2021): 295–311.</bibl>
                    <bibl>ANSI/NISO. 2005. 
                        <hi rend="italic">Guidelines for the Construction, Format, and Management of Monolingual Controlled Vocabularies</hi>, 10.
                        <ref target="https://www.niso.org/publications/ansiniso-z3919-2005-r2010"> </ref>
                        <ptr target="https://www.niso.org/publications/ansiniso-z3919-2005-r2010"/> (zugegriffen: 28. Juli 2022).
                    </bibl>
                    <bibl>Bekiari, Chryssoula, George Bruseker, Martin Doerr, Ore Christian-Emil, Stead Stephen, Athanasios Velios, Erin Canning, und Philippe Michon. 2022. 
                        <hi rend="italic">Volume A: Definition of the CIDOC Conceptual Reference Model. Version 7.2.1</hi>. ICOM/CIDOC Documentation Standards Group/CRM Special Interest Group.
                        <ref target="http://www.cidoc-crm.org/sites/default/files/CIDOC%20CRM_v.7.0_%2020-6-2020.pdf">
                            <hi rend="underline"> </hi>
                        </ref>
                        <ptr target="http://www.cidoc-crm.org/sites/default/files/CIDOC%20CRM_v.7.0_%2020-6-2020.pdf"/> (zugegriffen: 28. Juli 2022).
                    </bibl>
                    <bibl>Cristofaro, Salvatore, Pietro Sichera und Daria Spampinato. 2022. “An ontology proposal for a corpus of letters of Vincenzo Bellini: formal properties of physical structure and the case of rotated texts”. International Journal of Metadata, Semantics and Ontologies 15, Nr. 4: 269-279.</bibl>
                    <bibl>Dumont, Stefan, Ingo Börner, Dominik Leipold, Jonas Müller-Laackman und Gerlinde Schneider. 2019. „Corresponde Metadata Interchange Format.“ In 
                        <hi rend="italic">Encoding Correspondence. A Manual for Encoding Letters and Postcards in TEI-XML and DTABf</hi>, hg. von Stefan Dumont, Susanne Haaf und Sabine Seifert. Berlin.
                        <ref target="https://encoding-correspondence.bbaw.de/v1/CMIF.html"> </ref>
                        <ptr target="https://encoding-correspondence.bbaw.de/v1/CMIF.html"/> (zugegriffen: 28. Juli 2022).
                    </bibl>
                    <bibl>Franzosi, Roberto. 2010. 
                        <hi rend="italic">Quantitative narrative analysis. </hi>Los Angeles u.a.: SAGE Publications (=Quantitative Applications in the Social Sciences 162).
                    </bibl>
                    <bibl>Gruber, Thomas. 1993. „A Translation Approach to Portable Ontology Specifications.” 
                        <hi rend="italic">Knowledge Acquisition</hi> 5, Nr. 2: 199–220.
                    </bibl>
                    <bibl>Hitzler, Pascal, Markus Krötzsch, Sebastian Rudolph und York Sure. 2008. 
                        <hi rend="italic">Semantic Web: Grundlagen</hi>. Berlin: eXamen.press.
                    </bibl>
                    <bibl>Jefferies, Neil, Howard Hotson, Christoph Kudella, Miranda Lewis, Thomas Stäcker, und Gertjan Filarski. 2019. „Letter Model“. In 
                        <hi rend="italic">Reassembling the Republic of Letters in the Digital Age. Standards, Systems, Scholarship</hi>, hg. von Howard Hotson und Thomas Wallnig, 171–89. Göttingen: Universitätsverlag Göttingen.
                        <ref target="http://www.univerlag.uni-goettingen.de/handle/3/isbn-978-3-86395-403-1"> </ref>
                        <ptr target="http://www.univerlag.uni-goettingen.de/handle/3/isbn-978-3-86395-403-1"/> (zugegriffen: 28. Juli 2022).
                    </bibl>
                    <bibl>Margolis, Eric und Stephen Laurence, „Concepts“. In 
                        <hi rend="italic">The Stanford Encyclopedia of Philosophy </hi>(Fall 2022 Edition), hg. von Edward N. Zalta und Uri Nodelman, 
                        <ptr target="https://plato.stanford.edu/archives/fall2022/entries/concepts/"/> (zugegriffen: 07. Dezember 2022).
                    </bibl>
                    <bibl>Miles, Alistair und Dan Brickley. 2005. „SKOS Core Vokabular“
                        <ref target="https://www.w3.org/TR/2005/WD-swbp-skos-core-spec-20051102/"> </ref>
                        <ptr target="https://www.w3.org/TR/2005/WD-swbp-skos-core-spec-20051102/"/> (zugegriffen: 28. Juli 2022).
                    </bibl>
                    <bibl>Schanze, Helmut. 2018. 
                        <hi rend="italic">Erfindung der Romantik.</hi> Stuttgart: Metzler.
                    </bibl>
                    <bibl>Searle, John R. 1976. „A classification of illocutionary acts.“ 
                        <hi rend="italic">Language in Society </hi>5, Nr. 1: 1–23.
                    </bibl>
                    <bibl>Sudhahar, Saatviga, Giuseppe A Veltri und Nello Cristianini. 2015. „Automated Analysis of the US Presidential Elections Using Big Data and Network Analysis.“ 
                        <hi rend="italic">Big Data &amp; Society </hi>2, Nr. 1.
                        <ref target="https://doi.org/10.1177/2053951715572916">
                            <hi rend="underline">https://doi.org/10.1177/2053951715572916</hi>
                        </ref> (zugegriffen: 28. Juli 2022).
                    </bibl>
                    <bibl>Strobel, Jochen und Claudia Bamberg (Hg.). 2014-2020. 
                        <hi rend="italic">August Wilhelm Schlegel: Digitale Edition der Korrespondenz.</hi>
                        <ref target="https://august-wilhelm-schlegel.de/"> </ref>
                        <ref target="https://august-wilhelm-schlegel.de/">
                            <hi rend="color(#1155cc)underline">https://august-wilhelm-schlegel.de</hi>
                        </ref> (zugegriffen: 07. Dezember 2022).
                    </bibl>
                    <bibl>TEI Consortium (Hg.) 2021. „2.4.6 Correspondence Description.“ 
                        <hi rend="italic">TEI P5: Guidelines for Electronic Text Encoding and Interchange</hi>. 4.2.1. TEI Consortium.
                        <ref target="https://www.tei-c.org/release/doc/tei-p5-doc/en/html/HD.html#HD44CD"> </ref>
                        <ptr target="https://www.tei-c.org/release/doc/tei-p5-doc/en/html/HD.html#HD44CD"/> (zugegriffen: 28. Juli 2022). 
                    </bibl>
                </listBibl>
            </div>
        </back>
    </text>
</TEI>
