<?xml version="1.0" encoding="UTF-8"?>
<TEI xml:id="VARACHKINA_Hanna_Pipelines_f_r_Natural_Language_Processing_u" xmlns="http://www.tei-c.org/ns/1.0">
    <teiHeader>
        <fileDesc>
            <titleStmt>
                <title type="full">
                    <title type="main">Pipelines für Natural Language Processing und digitale Literaturanalyse in spaCy</title>
                    <title type="sub"/>
                </title>
                <author>
                    <persName>
                        <surname>Varachkina</surname>
                        <forename>Hanna</forename>
                    </persName>
                    <affiliation>Seminar für Deutsche Philologie, Georg-August-Universität Göttingen</affiliation>
                    <email>hanna.varachkina@stud.uni-goettingen.de</email>
                    <idno type="ORCID">0000-0002-5832-3983</idno>
                </author>
                <author>
                    <persName>
                        <surname>Barth</surname>
                        <forename>Florian</forename>
                    </persName>
                    <affiliation>Göttingen Centre for Digital Humanities, Georg-August-Universität Göttingen</affiliation>
                    <email>florian.barth@uni-goettingen.de</email>
                    <idno type="ORCID">0000-0003-3408-7311</idno>
                </author>
                <author>
                    <persName>
                        <surname>Dönicke</surname>
                        <forename>Tillmann</forename>
                    </persName>
                    <affiliation>Göttingen Centre for Digital Humanities, Georg-August-Universität Göttingen</affiliation>
                    <email>tillmann.doenicke@uni-goettingen.de</email>
                    <idno type="ORCID">0000-0001-5844-9167</idno>
                </author>
                <author>
                    <persName>
                        <surname>Biermann</surname>
                        <forename>Johannes</forename>
                    </persName>
                    <affiliation>Niedersächsische Staats- und Universitätsbibliothek Göttingen</affiliation>
                    <email>johannes.biermann@gwdg.de</email>
                </author>
                <author>
                    <persName>
                        <surname>Altmann</surname>
                        <forename>Friederike</forename>
                    </persName>
                    <affiliation>Seminar für Deutsche Philologie, Georg-August-Universität Göttingen</affiliation>
                    <email>friederike.altmann@stud.uni-goettingen.de</email>
                </author>
                <author>
                    <persName>
                        <surname>Neitzke</surname>
                        <forename>Thorben</forename>
                    </persName>
                    <affiliation>Göttingen Centre for Digital Humanities, Georg-August-Universität Göttingen</affiliation>
                    <email>thorben.neitzke@stud.uni-goettingen.de</email>
                </author>
                <author>
                    <persName>
                        <surname>Sporleder</surname>
                        <forename>Caroline</forename>
                    </persName>
                    <affiliation>Göttingen Centre for Digital Humanities, Georg-August-Universität Göttingen</affiliation>
                    <email>caroline.sporleder@cs.uni-goettingen.de</email>
                    <idno type="ORCID">0000-0002-5912-7028</idno>
                </author>
            </titleStmt>
            <editionStmt>
                <edition>
                    <date>2022-12-14T13:47:04.531338324</date>
                </edition>
            </editionStmt>
            <publicationStmt>
                    <publisher>Culture and Computation Lab</publisher>
                    <address>
                        <addrLine>Université du Luxembourg</addrLine>
                        <addrLine>2, Avenue de l'Université</addrLine>
                        <addrLine>L-4365 Esch-sur Alzette</addrLine>
                        <addrLine>Luxembourg</addrLine>
                    </address>
                    <publisher>Luxembourg Centre for Contemporary and Digital History</publisher>
                    <address>
                        <addrLine>Université du Luxembourg</addrLine>
                        <addrLine>2, Avenue de l'Université</addrLine>
                        <addrLine>L-4365 Esch-sur Alzette</addrLine>
                        <addrLine>Luxembourg</addrLine>
                    </address>
                    <publisher>Trier Center for Digital Humanities</publisher>
                    <address>
                        <addrLine>Universität Trier</addrLine>  
                        <addrLine>Universitätsring 15</addrLine>
                        <addrLine>54296 Trier</addrLine>
                        <addrLine>Deutschland</addrLine>
                    </address>
                </publicationStmt>
            <sourceDesc>
                <p>Converted from an OASIS Open Document</p>
            </sourceDesc>
        </fileDesc>
        <encodingDesc>
            <appInfo>
                <application ident="DHCONVALIDATOR" version="1.22">
                    <label>DHConvalidator</label>
                </application>
            </appInfo>
        </encodingDesc>
        <profileDesc>
            <textClass>
                <keywords scheme="ConfTool" n="category">
                    <term>Paper</term>
                </keywords>
                <keywords scheme="ConfTool" n="subcategory">
                    <term>Workshop</term>
                </keywords>
                <keywords scheme="ConfTool" n="keywords">
                    <term>Textanalyse</term>
                    <term>Pipelines</term>
                    <term>Python</term>
                </keywords>
                <keywords scheme="ConfTool" n="topics">
                    <term>Programmierung</term>
                    <term>Inhaltsanalyse</term>
                    <term>Strukturanalyse</term>
                    <term>Literatur</term>
                    <term>Text</term>
                </keywords>
            </textClass>
        </profileDesc>
    </teiHeader>
    <text>
        <body>
            <div type="div1">
                <head>
                    <anchor xml:id="id_docs-internal-guid-958bc1a8-7fff-2c87-825c-0ef7b16a2673"/>Kontext und Bedarf
                </head>
                <p>In diesem halbtägigen Workshop stellen wir ein auf spaCy basierendes Pipeline-System für das Natural Language Processing (NLP) narrativer Texte vor und erproben mit den Teilnehmer*innen dessen praktische Anwendung, besonders im Hinblick auf Untersuchungsgegenstände der digitalen Literaturanalyse.</p>
                <p>Die Analyse von literarischen Texten ist eine besondere Herausforderung für die automatische Sprachverarbeitung, da sie oft komplexe Interaktionen linguistischer Strukturen auf der syntaktischen, semantischen und pragmatischen Ebene betrifft. Für die Interpretation solcher Texte ist es zum Beispiel wichtig, neben traditionellen NLP-Verarbeitungsschritten wie Eigennamenerkennung, Sentiment-Analyse etc., auch komplexere Analysen durchzuführen, um z. B. die Sprechinstanzen im Text zu identifizieren, Bezüge zur realen Welt zu erkennen oder zeitliche Strukturen im Text zu analysieren. Auf der praktischen Ebene bedeutet dies, dass automatische Analysen in der digitalen Literaturwissenschaft in der Regel die (oft komplexe) Kombination mehrerer basaler Sprachverarbeitungswerkzeuge auf Token-, Teilsatz-, Satz- und Passagen-/Diskursebene erfordert. Dies ist in der Praxis nicht immer trivial, z. B. weil Ein- und Ausgabeformate verschiedener Werkzeuge nicht kompatibel sind.</p>
                <p>
                    <hi rend="color(#000000)">Bibliotheken wie spaCy</hi>
                    <hi rend="color(#000000)"> </hi>
                    <hi rend="color(#000000)">stellen sehr umfassende Sammlungen von Sprachverarbeitungswerkzeugen zur Verfügung, können potenzielle Nutzer*innen durch ihre Fülle und Heterogenität aber auch überfordern. Das vorgestellte Pipeline-System </hi>
                    <hi rend="color(#000000)italic">MONAPipe</hi>
                    <hi rend="color(#000000)"> </hi>
                    <hi rend="color(#000000)">(</hi>
                    <hi rend="color(#000000)bold">Dönicke u. a. 2022</hi>
                    <hi rend="color(#000000)">) soll hier Abhilfe schaffen, indem es Werkzeuge für linguistische und literaturwissenschaftliche Analysen komfortabel bündelt und flexibel erweiterbar ist. Der Fokus liegt dabei auf narrativen Texten und auf typischen Anwendungsszenarien der digitalen Literaturanalyse.</hi>
                </p>
                <p>
                    <hi rend="color(#000000)">Der Workshop vermittelt (i) die Grundlagen von spaCy und dessen Kernkomponenten (Tokenisierung, Lemmatisierung, Erkennung von Satz- und Teilsatzgrenzen, Dependency Parsing), (ii) demonstriert, wie MONAPipe an die eigenen Zwecke durch Custom-Komponenten angepasst werden kann, und versetzt</hi>
                    <hi rend="color(#000000)">  </hi>
                    <hi rend="color(#000000)">(iii) die Teilnehmer*innen mit hands-on Praxisbeispielen in die Lage, die in MONAPipe integrierten Komponenten zur Erschließung der linguistischen und narrativen Struktur eines Textes im Rahmen eigener Projekte kompetent auszuwählen, anzuwenden, zu erweitern und die Ergebnisse zu beurteilen. Unter anderem behandeln wir die Erkennung von Named Entities (sowie das Linking zu Normdaten; vgl. </hi>
                    <hi rend="color(#000000)bold">Barth u. a. 2022</hi>
                    <hi rend="color(#000000)">), von Zeitformen (</hi>
                    <hi rend="color(#000000)bold">Dönicke 2020</hi>
                    <hi rend="color(#000000)">), Eventtypen (</hi>
                    <hi rend="color(#000000)bold">Vauth u. a. 2021</hi>
                    <hi rend="color(#000000)">) und Redeformen (direkte, indirekte, erlebte Rede; vgl. </hi>
                    <hi rend="color(#000000)bold">Brunner u. a. 2020</hi>
                    <hi rend="color(#000000)">), Animatheit (</hi>
                    <hi rend="color(#000000)bold">Tuggener u. Klenner 2014</hi>
                    <hi rend="color(#000000)">) sowie Sentiment- (</hi>
                    <hi rend="color(#000000)bold">Remus u. a. 2010</hi>
                    <hi rend="color(#000000)">) und Emotionsanalyse (</hi>
                    <hi rend="color(#000000)bold">Mohammad u. Turney 2013</hi>
                    <hi rend="color(#000000)">). Schließlich erproben wir mit den Teilnehmer*innen, wie die Wechselwirkung einzelner Komponenten von MONAPipe Muster in Erzähltexten aufdecken kann, die zur Modellierung komplexer linguistischer und narrativer Phänomene geeignet sind </hi>
                    <hi rend="color(#000000)bold">(</hi>
                    <hi rend="color(#000000)">z. B. Generalisierungen (</hi>
                    <hi rend="color(#000000)bold">Gödeke u. a. 2022</hi>
                    <hi rend="color(#000000)">)</hi>
                    <hi rend="color(#000000)"> </hi>
                    <hi rend="color(#000000)">oder narrative</hi>
                    <hi rend="color(#000000)"> </hi>
                    <hi rend="color(#000000)">Kommentare</hi>
                    <hi rend="color(#000000)"> </hi>
                    <hi rend="color(#000000)bold">(Weimer u. a. 2022)</hi>
                    <hi rend="color(#000000)">).</hi>
                </p>
            </div>
            <div type="div1">
                <head>Technische Voraussetzungen</head>
                <p>
                    <hi rend="color(#000000)">Wir stellen </hi>
                    <hi rend="color(#000000)italic">Jupyter-Notebooks</hi>
                    <hi rend="color(#000000)"> </hi>
                    <hi rend="color(#000000)">bereit, in denen MONAPipe und alle benötigten Dependencies vorinstalliert sind. Die Teilnehmer*innen benötigen Kenntnisse in Python; Erfahrung im Umgang mit Jupyter-Notebooks und der Unix-Kommandozeile ist hilfreich.</hi>
                </p>
            </div>
            <div type="div1">
                <head>Zielpublikum</head>
                <p>Der Workshop ist als Tutorial geplant und richtet sich an Literaturwissenschaftler*innen, Linguist*innen, DH-Forschende, und andere Personen, die an Textanalyse interessiert sind. Die Teilnehmer*innen bekommen die Möglichkeit, die Funktionalitäten von MONAPipe auszuprobieren und in vorbereiteten Texten eine Reihe von Phänomenen automatisch zu identifizieren. Die Teilnehmerzahl ist auf 30 beschränkt.</p>
                <p>Lernziele und Methodik</p>
                <p>Der Workshop verfolgt mehrere Ziele: (1) Er soll die Teilnehmer*innen mit spaCy und dessen Kernkomponenten vertraut machen und Ihnen praktische Erfahrung in der Nutzung von MONAPipe für typische Textanalysekomponenten auf Token-, Satz-/Teilsatz- und Passagenebene vermitteln. (2) Darüber hinaus erproben die Teilnehmer*innen die Einbindung neuer Komponenten, um damit wie sie MONAPipe für eigene Zwecke anpassen können. Aufbauend auf diesen Grundlagen lernen die Teilnehmer*innen an einem konkreten Beispiel, (3) wie sie MONAPipe konkret für Forschungsprojekte insbesondere in der digitales Literaturanalyse nutzen können. Dies umfasst die Auswahl geeigneter Komponenten für die Forschungsfrage sowie die Reflektion der Ergebnisse. Am Ende des Workshops haben die Teilnehmer*innen zum einen (i) ein besseres theoretisches Verständnis für die verschiedenen Sprachanalyseschritte, können komplexe Analysen durch Kombination mehrerer basaler Werkzeuge durchführen und die Qualität der automatischen Analyse beurteilen; Zum anderen (ii) haben die Teilnehmer*innen praktische Erfahrung im Umgang mit spaCy und verschieden Sprachverarbeitungswerkzeugen erworben  und Problemlösungsstrategien für den Umgang mit NLP-Werkzeugen gelernt.</p>
                <p>Methodisch kombiniert der Workshop Theorie und Praxis, wobei der Praxisanteil überwiegt. Um das Gelernte zu festigen und zu vertiefen, bekommen die Teilnehmer*innen zunächst kurze Arbeitsaufträge (zu den Sprachverarbeitungskomponenten) und später komplexere Aufgaben (zur Analyse narrativer Texte), deren Lösungen im Anschluss diskutiert werden. Der Praxisteil im zweiten Teil des Workshops bietet außerdem die Möglichkeit, MONAPipe für ein eigenes Forschungsproblem anzuwenden und dazu Feedback von den Organisator*innen des Workshops zu bekommen.</p>
                <p>Auf technischer Ebene arbeiten wir mit der interaktiven Programmierumgebung Jupyter-Notebook und stellen vorbereitete und ausführlich dokumentierte Notebooks zur Verfügung, um einen möglichst reibungslosen Ablauf zu ermöglichen und den Teilnehmer*innen zu helfen, sich auf die Workshopinhalte zu konzentrieren. </p>
                <p>Organisation und Ablauf</p>
                <p>Wir planen einen vierstündigen Workshop bestehend aus zwei Blöcken. Der erste Block (1:45 h) beinhaltet aus einem einführenden Vortrag sowie einem Zeitslot zur Einrichtung der Jupyter-Notebooks , wobei die Organisator*innen nach Bedarf Hilfestellung bei der Einrichtung leisten. Anschließend erfolgt eine 45-minütige Session mit vorbereiteten Notebooks, bei der zunächst kürzere textuelle Phänomene auf Token-Ebene (wie Named Entities), Phänomene auf Teilsatz-Ebene (z. B. Zeitformen) sowie Phänomene, die längere Textpassagen umfassen (z. B. Redeformen), behandelt werden.</p>
                <p>Im zweiten Block des Workshops (1:45 h) erstellen die Teilnehmer*innen eine eigene Komponente in spaCy. Anschließend erhalten die Teilnehmer*innen die Möglichkeit durch Lektüre narrative Strukturen in exemplarischen Textpassagen qualitativ zu bestimmen. Anhand der zur Verfügung stehenden spaCy-Komponenten soll evaluiert werden, welche Features sich zur Identifikation komplexer narrativer Strukturen eignen. Alternativ können die Teilnehmer*innen an eigenen Texten und Fragenstellungen arbeiten und hierfür Unterstützung durch die Workshoporganisator*innen erhalten.</p>
                <p>
                    <hi rend="color(#000000)">Alle Teilnehmer*innen erhalten einen Gastaccount bei der GWDG (Gesellschaft für wissenschaftliche Datenverarbeitung mbH Göttingen), um die Jupyter-Notebooks auf den GWDG-Jupyter-HPC-Servern nutzen zu können. Eine vorherige lokale Installation von Python oder zugehörigen Paketen ist nicht notwendig, dies wird im Vorfeld von der GWDG erledigt. Die HPC (High Performance Computing) Umgebung bietet die Möglichkeit, auch rechenaufwendige Pipelines zu testen. Im Rahmen der text- und sprachbasierten Forschungsdateninfrastruktur </hi>
                    <hi rend="color(#000000)italic">Text+</hi>
                    <hi rend="color(#000000)"> </hi>
                    <hi rend="color(#000000)">stellt die SUB Göttingen Schnittstellen bereit, mit denen literarische Texte aus der Digitalen Bibliothek in TextGrid direkt verwendet werden können.</hi>
                </p>
                <table rend="frame" xml:id="Table1">
                    <row>
                        <cell rend="color(#000000)">Phase</cell>
                        <cell rend="color(#000000)">Inhalt(e)</cell>
                        <cell rend="color(#000000)">Zeit in Minuten</cell>
                    </row>
                    <row>
                        <cell rend="color(#000000)">1. Einführung (Vortrag)</cell>
                        <cell rend="color(#000000)">Grundkonzepte der maschinellen Sprachverarbeitung, narrativen Konzepten und der Programmbibliothek spaCy</cell>
                        <cell rend="color(#000000)">20</cell>
                    </row>
                    <row>
                        <cell rend="color(#000000)">2. Einrichtung Jupyter-Notebooks</cell>
                        <cell rend="color(#000000)">Technische Einrichtung und Kurzüberblick zur Funktionsweise von Jupyter-Notebooks</cell>
                        <cell rend="color(#000000)">20</cell>
                    </row>
                    <row>
                        <cell rend="color(#000000)">3. Textuelle Phänomene (Vortrag + hands-on)</cell>
                        <cell rend="color(#000000)">Vorbereitete Jupyter-Notebooks mit Aufgaben zu textuellen Phänomenen mit unterschiedlichen Spans:
                            <list type="unordered">
                                <item>Token-Ebene (Named Entities, Zeitmarker)</item>
                                <item>Teilsatzebene (Zeitformen)</item>
                                <item>Passagen (Redeformen)</item>
                            </list>
                        </cell>
                        <cell rend="color(#000000)">1:05</cell>
                    </row>
                    <row>
                        <cell rend="color(#000000)">Pause</cell>
                        <cell/>
                        <cell rend="color(#000000)">25</cell>
                    </row>
                    <row>
                        <cell rend="color(#000000)">4. Einbindung einer Custom-Komponente (hands-on)</cell>
                        <cell rend="color(#000000)">Teilnehmer*innen integrieren eine eigene spaCy-Custom-Komponente (z. B. Fremdworterkennung)</cell>
                        <cell rend="color(#000000)">45</cell>
                    </row>
                    <row>
                        <cell rend="color(#000000)">5. Narrative Strukturen (hands-on + Diskussion)</cell>
                        <cell rend="color(#000000)">Arbeitsaufgabe: narrative Strukturen in Texten erkennen</cell>
                        <cell rend="color(#000000)">45</cell>
                    </row>
                    <row>
                        <cell rend="color(#000000)">6. Abschluss</cell>
                        <cell/>
                        <cell rend="color(#000000)">5</cell>
                    </row>
                    <head>Tabelle 1</head>
                </table>
            </div>
            <div type="div1">
                <head>
                    <hi rend="color(#000000)">Nach dem Workshop</hi>
                </head>
                <p>
                    <hi rend="color(#000000)">Wir tragen der Nachhaltigkeit der Forschung bei und stellen MONAPipe in einem Git-Repository zur Verfügung. Jupyter-Notebooks, die im Workshop benutzt werden, werden in einem separaten Git-Repository zur Verfügung gestellt.</hi>
                </p>
            </div>
            <div type="div1">
                <head>
                    <hi rend="color(#000000)">Forschungsinteressen der Beitragenden</hi>
                </head>
                <p>
                    <hi rend="color(#000000)bold">Hanna Varachkina</hi>
                    <hi rend="color(#000000)">, M. A., ist wissenschaftliche Mitarbeiterin und Doktorandin am Seminar für Deutsche Philologie der Universität Göttingen. Ihre Forschungsinteressen liegen in computergestützter Textanalyse: Modellierung und Erkennung von Textstrukturen und Diskurs-Phänomenen.</hi>
                </p>
                <p>
                    <hi rend="color(#000000)bold">Florian Barth</hi>
                    <hi rend="color(#000000)">, M. A., ist wissenschaftlicher Mitarbeiter und Doktorand am Göttingen Centre for Digital Humanities und Mitarbeiter der Abteilung Forschung und Entwicklung der SUB Göttingen. Seine Forschungsinteressen liegen im Bereich der computationellen Textanalyse mit besonderem Fokus auf narrativen und fiktionstheoretischen Phänomenen sowie in der konkreten Anwendung dieser Forschung im Bereich der Infrastrukturen für die Digital Humanities.</hi>
                </p>
                <p>
                    <hi rend="color(#000000)bold">Tillmann Dönicke</hi>
                    <hi rend="color(#000000)">, M. Sc., ist wissenschaftlicher Mitarbeiter und Doktorand am Göttingen Centre for Digital Humanities der Universität Göttingen. Seine Forschungsinteressen liegen in der strukturellen Textanalyse, insbesondere im Zusammenhang mit Narration und Fiktion, sowie der automatischen Erkennung narrativer Phänomene.</hi>
                </p>
                <p>
                    <hi rend="color(#000000)bold">Johannes Biermann, </hi>
                    <hi rend="color(#000000)">M. A., ist wissenschaftlicher Mitarbeiter bei der Gesellschaft für wissenschaftliche Datenverarbeitung (GWDG) im Bereich High Performance Computing (HPC). Die GWDG erfüllt u.a. die Funktion eines Rechen- und IT-Kompetenzzentrums für die Universität Göttingen. Im Zuge des Verbund für Nationales Hochleistungsrechnen (NHR-Verbund) ist er Berater für Anwendungen aus dem Bereich Digital Humanities. Sein Forschungsinteresse ist es, DH Fragestellungen auf High-Performance-Computing-Cluster zu adaptieren und dort zu rechnen.</hi>
                </p>
                <p>
                    <lb/>
                    <hi rend="color(#000000)bold">Caroline Sporleder, </hi>
                    <hi rend="color(#000000)">ist Professorin für Digital Humanities am Institut für Informatik der Universität Göttingen und Leiterin des Göttingen Centre for Digital Humanities. Ihre Forschungsinteressen liegen im Bereich der computationellen Semantik und Diskursanalyse, besonders für Anwendungen der Geistes- und Kulturwissenschaften.</hi>
                </p>
            </div>
        </body>
        <back>
            <div type="bibliogr">
                <listBibl>
                    <head>Bibliographie</head>
                    <bibl>
                        <anchor xml:id="id_docs-internal-guid-a874f074-7fff-5922-d6f5-e4e4f365b67f"/>
                        <hi rend="color(#000000)">Barth, Florian, Hanna Varachkina, Tillmann Dönicke, und Luisa Gödeke. 2022. “Levels of Non-Fictionality in Fictional Texts.” In </hi>
                        <hi rend="color(#000000)italic">Proceedings of The Eighteenth Joint ACL - ISO Workshop on Interoperable Semantic Annotation</hi>
                        <hi rend="color(#000000)">. 27-32.</hi>
                    </bibl>
                    <bibl>Brunner, Annelen, Ngoc Duyen Tanja Tu, Lukas Weimer, und Fotis Jannidis. 2020. “To BERT or not to BERT – comparing contextual embeddings in a deep learning architecture for the automatic recognition of four types of speech, thought and writing</bibl>
                    <bibl>
                        <hi rend="color(#000000)">representation.” In </hi>
                        <hi rend="color(#000000)italic">5th SwissText &amp; 16th KONVENS Joint Conference 2020</hi>
                        <hi rend="color(#000000)">.</hi>
                    </bibl>
                    <bibl>
                        <hi rend="color(#000000)">Dönicke, Tillmann. 2020. “Clause-level tense, mood, voice and modality tagging for German.” In </hi>
                        <hi rend="color(#000000)italic">Proceedings of the 19th International Workshop on Treebanks and Linguistic Theories</hi>
                        <hi rend="color(#000000)">, 1–17.</hi>
                    </bibl>
                    <bibl>
                        <hi rend="color(#000000)">Dönicke, Tillmann, Luisa Gödeke, und Hanna Varachkina. 2021.</hi>
                        <ref target="https://aclanthology.org/2021.isa-1.3">
                            <hi rend="color(#000000)">“</hi>
                        </ref>
                        <ref target="https://aclanthology.org/2021.isa-1.3">
                            <hi rend="color(#1155cc)underline">Annotating Quantified Phenomena in Complex Sentence Structures Using the Example of </hi>
                        </ref>
                        <ref target="https://aclanthology.org/2021.isa-1.3">
                            <hi rend="color(#1155cc)underline">Generalising Statements in Literary Texts</hi>
                        </ref>
                        <hi rend="color(#000000)">.” In </hi>
                        <hi rend="color(#000000)italic">Proceedings of the 17th Joint ACL - ISO Workshop on Interoperable Semantic Annotation</hi>
                        <hi rend="color(#000000)">, 20–32.</hi>
                    </bibl>
                    <bibl>
                        <hi rend="color(#000000)">Dönicke, Tillmann, Florian Barth, Hanna Varachkina und andere. 2022. </hi>
                        <hi rend="color(#000000)italic">MONAPipe: Modes of Narration and Attribution Pipeline.</hi>
                        <hi rend="color(#000000)"> </hi>
                        <hi rend="color(#000000)">(Softwarepublikation) URL: </hi>
                        <ptr target="https://gitlab.gwdg.de/mona/pipy-public"/>
                        <hi rend="color(#000000)">.</hi>
                    </bibl>
                    <bibl>
                        <hi rend="color(#000000)">Gödeke, Luisa, Florian Barth, Tillmann Dönicke, Anna Mareike Weimer, Hanna Varachkina, Benjamin Gittel, Anke Holler und Caroline Sporleder. 2022 (zur Publikation angenommen). “Generalisierungen als literarisches Phänomen. Charakterisierung, Annotation und automatische Erkennung.” In </hi>
                        <hi rend="color(#000000)italic">Zeitschrift für digitale Geisteswissenschaften</hi>
                        <hi rend="color(#000000)">.</hi>
                    </bibl>
                    <bibl>
                        <hi rend="color(#000000)">Mohammad, Saif und Peter Turney. 2013. “Crowdsourcing a Word-Emotion Association Lexicon.” In </hi>
                        <hi rend="color(#000000)italic">Computational Intelligence,</hi>
                        <hi rend="color(#000000)"> </hi>
                        <hi rend="color(#000000)">29 (3): 436-465.</hi>
                    </bibl>
                    <bibl>
                        <hi rend="color(#000000)">Remus, Robert, Uwe Quasthoff, und Gerhard Heyer. 2010. “SentiWS - a publicly available German language resource for sentiment analysis.” In </hi>
                        <hi rend="color(#000000)italic">Proceedings of the Seventh International Conference on Language Resources and Evaluation (LREC’10),</hi>
                        <hi rend="color(#000000)"> </hi>
                        <hi rend="color(#000000)">Valletta, Malta. European Language Resources Association (ELRA). 1168-1171.</hi>
                    </bibl>
                    <bibl>
                        <hi rend="color(#000000)">Tuggener, Don und Manfred Klenner. 2014. “A hybrid entity-mention pronoun resolution model for German using Markov logic networks</hi>
                        <hi rend="color(#000000)italic">.</hi>
                        <hi rend="color(#000000)">” </hi>
                        <hi rend="color(#000000)">In </hi>
                        <hi rend="color(#000000)italic">Proceedings of the 12th edition of the KONVENS conference,</hi>
                        <hi rend="color(#000000)"> </hi>
                        <hi rend="color(#000000)">21-31.</hi>
                    </bibl>
                    <bibl>
                        <hi rend="color(#000000)">Vauth, Michael, Hans Ole Hatzel, Evelyn Gius and Chris Biemann. 2021. “Automated Event Annotation in Literary Texts.” In </hi>
                        <hi rend="color(#000000)italic">CHR 2021: Computational Humanities Research Conference</hi>
                        <hi rend="color(#000000)">, November 17–19, 2021, Amsterdam, The Netherlands, 333-345.</hi>
                    </bibl>
                    <bibl>
                        <lb/>
                        <hi rend="color(#000000)">Weimer, Anna Mareike, Florian Barth, Tillmann Dönicke, Luisa Gödeke, Hanna Varachkina, Anke Holler, Caroline Sporleder und Benjamin Gittel. 2022 (zur Publikation angenommen). “The (In-)Consistency of Literary Concepts Operationalising, Annotating and Detecting Literary Comment.” In </hi>
                        <hi rend="color(#000000)italic">Journal of Computational Literary Studies</hi>
                        <hi rend="color(#000000)">.</hi>
                    </bibl>
                </listBibl>
            </div>
        </back>
    </text>
</TEI>
