<?xml version="1.0" encoding="UTF-8"?>
<TEI xml:id="WINDHAGER_Florian_Data_Driven_Storytelling_zu_kulturellen_Ob" xmlns="http://www.tei-c.org/ns/1.0">
    <teiHeader>
        <fileDesc>
            <titleStmt>
                <title>Data Driven Storytelling zu kulturellen Objekten und Biographien</title>
                <author>
                    <persName>
                        <surname>Liem</surname>
                        <forename>Johannes</forename>
                    </persName>
                    <affiliation>Universität für Weiterbildung Krems, Österreich</affiliation>
                    <email>johannes.liem@donau-uni.ac.at</email>
                </author>
                <author>
                    <persName>
                        <surname>Kusnick</surname>
                        <forename>Jakob</forename>
                    </persName>
                    <affiliation>Fluxguide GesmbH, Österreich</affiliation>
                    <email>kusnick@imada.sdu.dk</email>
                </author>
                <author>
                    <persName>
                        <surname>Jänicke</surname>
                        <forename>Steffan</forename>
                    </persName>
                    <affiliation>Fluxguide GesmbH, Österreich</affiliation>
                    <email>stjaenicke@imada.sdu.dk</email>
                </author>
                <author>
                    <persName>
                        <surname>Doppler</surname>
                        <forename>Carina</forename>
                    </persName>
                    <affiliation>University of Southern Denmark, Dänemark</affiliation>
                    <email>carina@fluxguide.com</email>
                </author>
                <author>
                    <persName>
                        <surname>Passecker</surname>
                        <forename>Markus</forename>
                    </persName>
                    <affiliation>University of Southern Denmark, Dänemark</affiliation>
                    <email>markus@fluxguide.com</email>
                </author>
                <author>
                    <persName>
                        <surname>Mayr</surname>
                        <forename>Eva</forename>
                    </persName>
                    <affiliation>Universität für Weiterbildung Krems, Österreich</affiliation>
                    <email>eva.mayr@donau-uni.ac.at</email>
                </author>
                <author>
                    <persName>
                        <surname>Windhager</surname>
                        <forename>Florian</forename>
                    </persName>
                    <affiliation>Universität für Weiterbildung Krems, Österreich</affiliation>
                    <email>florian.windhager@donau-uni.ac.at</email>
                    <idno type="ORCID">0000-0002-5170-2243</idno>
                </author>
            </titleStmt>
            <editionStmt>
                <edition>
                    <date>2022-12-15T15:08:00Z</date>
                </edition>
            </editionStmt>
            <publicationStmt>
                    <publisher>Culture and Computation Lab</publisher>
                    <address>
                        <addrLine>Université du Luxembourg</addrLine>
                        <addrLine>2, Avenue de l'Université</addrLine>
                        <addrLine>L-4365 Esch-sur Alzette</addrLine>
                        <addrLine>Luxembourg</addrLine>
                    </address>
                    <publisher>Luxembourg Centre for Contemporary and Digital History</publisher>
                    <address>
                        <addrLine>Université du Luxembourg</addrLine>
                        <addrLine>2, Avenue de l'Université</addrLine>
                        <addrLine>L-4365 Esch-sur Alzette</addrLine>
                        <addrLine>Luxembourg</addrLine>
                    </address>
                    <publisher>Trier Center for Digital Humanities</publisher>
                    <address>
                        <addrLine>Universität Trier</addrLine>  
                        <addrLine>Universitätsring 15</addrLine>
                        <addrLine>54296 Trier</addrLine>
                        <addrLine>Deutschland</addrLine>
                    </address>
                </publicationStmt>
            <sourceDesc>
                <p>Converted from a Word document</p>
            </sourceDesc>
        </fileDesc>
        <encodingDesc>
            <appInfo>
                <application ident="DHCONVALIDATOR" version="1.22">
                    <label>DHConvalidator</label>
                </application>
            </appInfo>
        </encodingDesc>
        <profileDesc>
            <textClass>
                <keywords scheme="ConfTool" n="category">
                    <term>Paper</term>
                </keywords>
                <keywords scheme="ConfTool" n="subcategory">
                    <term>Workshop</term>
                </keywords>
                <keywords scheme="ConfTool" n="keywords">
                    <term>Kulturelle Sammlungen</term>
                    <term>Biografiedaten</term>
                    <term>Storytelling</term>
                    <term>Visualisierung</term>
                </keywords>
                <keywords scheme="ConfTool" n="topics">
                    <term>Gestaltung</term>
                    <term>Kommunikation</term>
                    <term>Visualisierung</term>
                    <term>Multimodale Kommunikation</term>
                </keywords>
            </textClass>
        </profileDesc>
    </teiHeader>
    <text>
        <body>
            <div type="div1" rend="DH-Heading1">
                <head>Hintergrund</head>
                <p style="text-align: justify;">
                    <hi style="font-size:11pt">Die Omnipräsenz von Geschichten in der menschlichen Kultur - wie auch zahlreiche akademische Reflexionen - machen deutlich: Narrative Strukturierung von Inhalten gehört zu den wesentlichsten Gestalten und Gestaltungsstrategien für die Vermittlung neuer, relevanter oder unterhaltsamer Informationen sowohl in der heutigen Kultur als auch in der breiteren Geschichte (Bolin, 2010; Dykes, 2019). Zahlreiche Hypothesen liefern hierfür mögliche Gründe, (u. a. ein spezieller Modus der narrativen Informationsverarbeitung in der menschlichen Kognition), aber die zentrale Folgerung für modernes Informations- und Kommunikationsdesign ist verhältnismäßig simpel: Gutes Storytelling kann die Aufnahme und das Verständnis von komplexer Information entscheidend verbessern und auch in digitalen Medien zu einer vertieften Auseinandersetzung mit diversen Inhalten führen. Dies hat auch im Feld der Visualisierung dazu geführt, dass datengetriebenes, visuelles Storytelling in den letzten Jahren zu einem allgegenwärtigen Thema in der Erforschung und Entwicklung von Visualisierungen geworden (Segel &amp; Heer, 2010; Riche et al., 2018). Auch in der visuellen Vermittlung von digitalen kulturellen Sammlungen (Windhager et al., 2018) oder von Biografiedaten kommen narrative Methoden immer öfters zum Einsatz (Kusnick et al., 2021).</hi>
                </p>
            </div>
            <div type="div1" rend="DH-Heading1">
                <head>Das InTaVia-Projekt</head>
                <p style="text-align: justify;">
                    <hi style="font-size:11pt" xml:space="preserve">Das InTaVia-Projekt (“In/Tangible European Heritage - Visual Analysis, Curation and Communication, </hi>
                    <ref target="https://intavia.eu/">
                        <hi rend="color(286FA7)" style="font-size:11pt">https://intavia.eu</hi>
                    </ref>
                    <hi style="font-size:11pt">) zieht größere Bestände von materiellem und immateriellem Kulturerbe in eine transnationale Datenbasis zusammen (Windhager, Mayr, Schlögl, &amp; Kaiser, 2022, in Druck). In den letzten Jahrzehnten wurde sowohl die Digitalisierung von materiellen Objektsammlungen vorangetrieben (</hi>
                    <hi rend="color(222222)" style="font-size:11pt">Khan, Shafi, &amp; Ahangar, 2018</hi>
                    <hi style="font-size:11pt">), wie auch die Digitalisierung von biografischem Wissen über Kulturschaffende (ter Braake et al., 2015; 2017). Diese Entwicklungen bieten eine gute Basis für eine digitale Analyse und Kommunikation des Lebens und Werks von Kulturschaffenden (</hi>
                    <hi rend="color(222222)" style="font-size:11pt" xml:space="preserve">Khulusi et al., 2016; </hi>
                    <hi style="font-size:11pt">Schlögl, Windhager, Mayr, &amp; Kaiser, 2019; Windhager et al., 2018), aber fehlende Verknüpfungen, Harmonisierungen und ein Mangel an Werkzeugen erschweren die entsprechende Arbeit - besonders für Praktiker*innen im Bereich der Kulturvermittlung. Mit Blick auf etablierte Nationalbiografien und korrespondierende kulturelle Objektdaten arbeitet das InTaVia-Konsortium an der Entwicklung von Lösungen und harmonisiert zu diesem Zweck nationale Datenbestände (inkl. der Biografieprojekte von Finnland, Niederlande, Österreich und Slowenien). Darauf aufbauend entwickelt es ein prototypisches Informationsportal für die visuelle Analyse und Kommunikation dieser integrierten Kulturdaten. So werden synoptische Ansichten auf historischen Daten zu Leben und Werken aus verschiedenen Perspektiven der Datenvisualisierung (geografisch, relational, kategorial, chronologisch) möglich, sowie die narrative Gestaltung und Vermittlung dieser Information mittels Methoden des individuellen und kollektiven Storytellings.</hi>
                </p>
            </div>
            <div type="div1" rend="DH-Heading1">
                <head>Zielsetzung Workshop</head>
                <p style="text-align: justify;">
                    <hi style="font-size:11pt">Als “Early-Access Workshop” zielt die Veranstaltung auf die Erprobung und Diskussion von prototypischen Methoden des visuellen Storytellings mit Kulturdaten. Teilnehmende werden zur Nutzung und Erprobung der InTaVia-Plattform eingeladen, um dort mit exemplarischen Daten die Möglichkeiten der narrativen visuellen Gestaltung auszuloten und zu diskutieren. Er richtet sich sowohl an Forscher*innen wie auch Praktiker*innen im Bereich des kulturellen Erbes, der Kunst- und Kulturgeschichte, sowie angrenzender Geisteswissenschaften. Eine einführende Diskussion von State-of-the-Art-Methoden aus DH-Perspektive wird dabei verbunden mit einer kurzen Vorstellung der InTaVia-Plattform und ihrer Technologien - mit spezifischen Fokus auf Module der Datenkuratierung und des visuellen Storytellings. Teilnehmende Expert*innen können so Einblicke in aktuelle Entwicklungen der narrativen Visualisierung gewinnen, während die Veranstalter*innen des Workshops mögliche Anregungen und Wünsche für die partizipative Weiterentwicklung der Plattform dokumentieren werden.</hi>
                </p>
                <p style="text-align: justify;">
                    <hi style="font-size:11pt" xml:space="preserve">Bei Interesse wird in diesem Kontext über die Veranstaltung hinaus auch die Entwicklung von gemeinsamen </hi>
                    <hi rend="italic" style="font-size:11pt" xml:space="preserve">Fallstudien </hi>
                    <hi style="font-size:11pt">angeregt. Für Teilnehmer*innen wird in diesem Fall ein persistenter Zugang zur InTaVia-Plattform geschaffen, über den die Auswahl oder der Import von eigenen Daten mit Bezug zu individuellen Forschungs- und Vermittlungsthemen möglich ist. So wird ein extensiver Austausch zu den Möglichkeiten und Grenzen der Plattform möglich. Expert*innen können die Plattform nutzen, um neue Designs und Vermittlungsmethoden für ihre eigenen Daten und Themen zu gewinnen und um diese im Rahmen von gemeinsamen Fallstudien für eigene kommunikative Zwecke zu nutzen. Feedback zu den Möglichkeiten und Grenzen der Plattform wird wiederum dem Konsortium wertvolle Einblicke in die entscheidenden Bedürfnisse von Praktiker*innen liefern.</hi>
                </p>
            </div>
            <div type="div1" rend="DH-Heading1">
                <head>Ablauf Workshop </head>
                <p style="text-align: justify;">
                    <hi rend="bold" style="font-size:11pt" xml:space="preserve">1) Projektvorstellung: </hi>
                    <hi style="font-size:11pt">Die InTaVia-Plattform verknüpft Datensammlungen verschiedenen Typs (i.e. kulturelle Objektsammlungen und biografische Textsammlungen) zu einer integrierten Graphdatenbank (Abbildung 1). In einer kurzen Vorstellung werden die wichtigsten Forschungsfragen des Projekts gemeinsam mit seinen technologischen Zielen und Modulen vorgestellt. Dies inkludiert Information über das Modul zur manuellen Kuratierung dieser Daten (Data Curation Lab) und das Modul zum visuellen Storytelling (Visual Storytelling Suite). </hi>
                </p>
                <figure>
                    <graphic n="1001" width="16.002cm" height="6.298847222222222cm" url="Pictures/dc76943bdd4de29723d2f05743d1cdd8.png" rend="inline"/>
                    <head><p>Abbildung 1: Architektur der InTaVia Plattform</p></head>
                </figure>
                
                <p style="text-align: justify;">
                    <hi rend="bold" style="font-size:11pt">2) Hands-On-Vorstellung des Storytelling-Moduls:</hi>
                    <hi style="font-size:11pt">Eine kurze Vorstellung der integrierten Graphdatenbank (IKG - InTaVia Knowledge Graph) wird zu einem Verständnis des zugrundeliegenden Datenmodells führen. Auf diese Weise werden Teilnehmende mit wichtigen Aspekten der Lebens- und Werkdaten vertraut, deren narrative Vermittlung die InTaVia-Plattform unterstützt. Dies ist von besonderer Relevanz für die Möglichkeit der manuellen Aufbereitung und Zusammenführung von Kulturdaten (sowohl Biografie- wie auch kulturelle Objektdaten), welche in einem eigenen Datenkuratierungs-Modul angesiedelt ist. Anhand einer Auswahl von Arbeitsdaten für den Workshop werden hierbei die Möglichkeiten aufgezeigt, die sich aus einer etwaigen Nutzung der Plattform für eigene Fallstudien ergeben. </hi>
                </p>
                <p style="text-align: justify;">
                    <hi style="font-size:11pt">Kulturelle Objektdaten und Biografiedaten haben eine Vielzahl von Facetten und Dimensionen die für Historiker*innen und Kulturwissenschaftler*innen von Interesse sein können. Zu diesen Dimensionen zählen die geografische Position von biografischen oder künstlerischen Ereignissen, diverse Kategorien von Ereignissen oder kulturellen Entitäten (Objekte oder Personen), Relationen zwischen Personen und/oder Objekten, sowie chronologische Abfolgen und Zusammenhänge. Diese Aspekte können auf verschiedenen Ebenen der Aggregation visualisiert werden - und in der Folge mit Medien, Texten und interaktiven Elementen angereichert und narrativ vermittelt werden (vgl. Abbildung 2). Der Workshop wird zu diesem Zweck das Visualisierungsmodul der InTaVia-Plattform kurz einführen, um den Schwerpunkt auf die praktische Gestaltung von Geschichten mit exemplarischen Objekt- und Akteursdaten zu legen.</hi>
                </p>
                <figure>
                    <graphic n="1002" width="16.002cm" height="3.042708333333333cm" url="Pictures/b945b81616c9db85913abfdcac54704a.png" rend="inline"/>
                    <head><p>
                    <hi rend="color(333333)" style="font-size:11pt">Abbildung 2: Ausschnitte aus einam Storyboard mit geographischer, temporaler und Häufigkeitsvisualisierung (v. links nach rechts)</hi>
                </p></head>
                </figure>
                
                <p style="text-align: justify;">
                    <hi rend="bold" style="font-size:11pt" xml:space="preserve">3) Feedback: </hi>
                    <hi style="font-size:11pt">Während der explorativen Arbeit mit den Modulen der Plattform werden Fragen und Hinweise der Teilnehmer*innen notiert um im Rahmen der weiteren Arbeit am Forschungsprojekt in die nutzer*innen-zentrierte Entwicklung der Plattform einfließen zu können. Dazu werden sowohl die anonymisierten Notizen zu Aktivitäten des ‘lauten Denkens’ von Teilnehmer*innen dienen, wie auch die Rückmeldungen eines kompakten strukturierten Feedbackbogens.</hi>
                </p>
            </div>
            <div type="div1" rend="DH-Heading1">
                <head>Format:
                    <lb/>
                </head>
                <p style="text-align: justify;">
                    <hi style="font-size:11pt">Der Workshop ist als Halbtagesveranstaltung konzipiert mit Fokus auf die Erkundung, Erprobung und Diskussion von Methoden der narrativen Kulturdatenvisualisierung. Seine intendierte Zielgruppe reicht von interessierten Praktiker*innen aller kulturellen Institutionen bis hin zu Historiker*innen und Expert*innen der digitalen Geisteswissenschaften mit Interesse an Storytelling und Wissensvermittlung. Für die Teilnahme gibt es keine Voraussetzungen mit Blick auf inhaltliches oder technisches Vorwissen. Für die praktische Arbeit an den Daten genügt die Mitnahme eines Laptops. Die Gruppengröße ist auf 30 Teilnehmer*innen beschränkt. Für die technische Raumausstattung wird ein Beamer, ein Medienkoffer, sowie Whiteboards oder Pinnwände beantragt. </hi>
                </p>
                <p style="text-align: left; ">
                    <lb/>
                    <lb/>
                    <hi rend="bold">Fördernachweis</hi>: Das Projekt InTaVia (
                    <ref target="https://intavia.eu">
                        <hi rend="color(1155CC)">https://intavia.eu</hi>
                    </ref>) wird von der Europäischen Kommission im Rahmen des H2020 Research and Innovation Programme, Grant Agreement No. 101004825 gefördert.
                </p>
            </div>
        </body>
        <back>
            <div type="bibliogr">
                <listBibl>
<head>Bibliographie</head>
                    <bibl>
                        <hi rend="color(222222)" style="font-size:11pt" xml:space="preserve">Bolin, Hans. 2010. “The re-generation of mythical messages: Rock art and storytelling in northern Fennoscandia”. </hi>
                        <hi rend="italic color(222222)" style="font-size:11pt">Fennoscandia Archaeologica</hi>
                        <hi rend="color(222222)" style="font-size:11pt" xml:space="preserve"> 27: 21-34.</hi>
                    </bibl>
                    <bibl>
                        <hi rend="color(222222)" style="font-size:11pt" xml:space="preserve">Dykes, Brent (2019). </hi>
                        <hi rend="italic color(222222)" style="font-size:11pt">Effective data storytelling: how to drive change with data, narrative and visuals</hi>
                        <hi rend="color(222222)" style="font-size:11pt">. John Wiley &amp; Sons.</hi>
                    </bibl>
                    <bibl>
                        <hi rend="color(222222)" style="font-size:11pt" xml:space="preserve">Khan, Nadim Akhtar, Shafi, S. M., and Ahangar, Humma. 2018. “Digitization of cultural heritage: Global initiatives, opportunities and challenges.” </hi>
                        <hi rend="italic color(222222)" style="font-size:11pt">Journal of Cases on Information Technology (JCIT)</hi>
                        <hi rend="color(222222)" style="font-size:11pt" xml:space="preserve"> 20: 1-16.</hi>
                    </bibl>
                    <bibl>
                        <hi rend="color(222222)" style="font-size:11pt" xml:space="preserve">Khulusi, Richard, Kusnick, Jakob, Focht, Josef, and Jänicke, Stefan. 2019. “An interactive chart of biography”. In </hi>
                        <hi rend="italic color(222222)" style="font-size:11pt">2019 IEEE Pacific Visualization Symposium (PacificVis)</hi>
                        <hi rend="color(222222)" style="font-size:11pt">,  257-266. IEEE.</hi>
                    </bibl>
                    <bibl>
                        <hi style="font-size:11pt">Kusnick, Jakob, Jänicke, Stefan, Doppler, Carina, Seirafi, Kasra, Liem, Johannes, Windhager, Florian, and Mayr, Eva. 2021. “</hi>
                        <ref target="https://ec.europa.eu/research/participants/documents/downloadPublic?documentIds=080166e5e47d9524&amp;appId=PPGMS">
                            <hi rend="italic" style="font-size:11pt">Report on narrative visualization techniques for OPDB data</hi>
                        </ref>
                        <hi style="font-size:11pt" xml:space="preserve">”. Deliverable of the H2020 project InTaVia. </hi>
                        <ref target="https://ec.europa.eu/research/participants/documents/downloadPublic?documentIds=080166e5e47d9524&amp;appId=PPGMS">
                            <hi rend="color(1155CC)" style="font-size:11pt">Online</hi>
                        </ref>
                        <hi style="font-size:11pt"> </hi>
                    </bibl>
                    <bibl>
                        <hi rend="color(222222)" style="font-size:11pt" xml:space="preserve">Riche, Nathalie Henry, Hurter, Christophe, Diakopoulos, Nicolas, &amp; Carpendale, Sheelagh. 2018. </hi>
                        <hi rend="italic color(222222)" style="font-size:11pt">Data-driven storytelling</hi>
                        <hi rend="color(222222)" style="font-size:11pt">. CRC Press.</hi>
                    </bibl>
                    <bibl>
                        <hi style="font-size:11pt" xml:space="preserve">Schlögl, Matthias, Windhager, Florian, Mayr, Eva, und Kaiser, Maximilian. 2019. </hi>
                        <hi rend="italic" style="font-size:11pt" xml:space="preserve">Biographische Informationssysteme (DPBs, Digital Knowledge Databases, Virtual Research Environments) </hi>
                        <hi style="font-size:11pt" xml:space="preserve">[Data set]. Zenodo. </hi>
                        <ref target="https://doi.org/10.5281/zenodo.2593761">
                            <hi rend="color(1155CC)" style="font-size:11pt">10.5281/zenodo.2593761</hi>
                        </ref>
                        <hi style="font-size:11pt"> </hi>
                    </bibl>
                    <bibl>
                        <hi rend="color(222222)" style="font-size:11pt" xml:space="preserve">Segel, Edward, and Heer, Jeffrey. 2010. “Narrative visualization: Telling stories with data”. </hi>
                        <hi rend="italic color(222222)" style="font-size:11pt">IEEE transactions on visualization and computer graphics</hi>
                        <hi rend="color(222222)" style="font-size:11pt" xml:space="preserve"> 16: 1139-1148.</hi>
                    </bibl>
                    <bibl>
                        <hi rend="color(222222)" style="font-size:11pt" xml:space="preserve">ter Braake, Serge, Fokkens, Antske S., Sluijter, Ronald, and Declerck, Thierry. 2015. </hi>
                        <hi rend="italic color(222222)" style="font-size:11pt">Biographical Data in a Digital World 2015: Proceedings of the First Conference on Biographical Data in a Digital World (BD2015)</hi>
                        <hi rend="color(222222)" style="font-size:11pt">. CEUR Workshop Proceedings.</hi>
                        <ref target="http://ceur-ws.org/Vol-1399/">
                            <hi rend="color(1155CC)" style="font-size:11pt">http://ceur-ws.org/Vol-1399/</hi>
                        </ref>
                        <hi rend="color(222222)" style="font-size:11pt"> </hi>
                    </bibl>
                    <bibl>
                        <hi rend="color(222222)" style="font-size:11pt" xml:space="preserve">ter Braake, Serge, Fokkens, Antske, Sluijter, Ronald, Arthur, Paul, and Wandl-Vogt, Eveline. 2018. </hi>
                        <hi rend="italic color(222222)" style="font-size:11pt">Biographical Data in a Digital World 2017: Proceedings of the Second Conference on Biographical Data in a Digital World 2017 (BD2017)</hi>
                        <hi rend="color(222222)" style="font-size:11pt" xml:space="preserve">. CEUR Wokshop Proceedings, </hi>
                        <hi rend="italic color(222222)" style="font-size:11pt">2119</hi>
                        <hi rend="color(222222)" style="font-size:11pt" xml:space="preserve">. </hi>
                        <ref target="http://ceur-ws.org/Vol-2119/">
                            <hi rend="color(1155CC)" style="font-size:11pt">http://ceur-ws.org/Vol-2119/</hi>
                        </ref>
                        <hi rend="color(222222)" style="font-size:11pt"> </hi>
                    </bibl>
                    <bibl>
                        <hi rend="color(222222)" style="font-size:11pt" xml:space="preserve">Windhager, Florian, Federico, Paolo, Schreder, Günther, Glinka, Katrin, Dörk, Marian, Miksch, Silvia, and Mayr, Eva. 2018. “Visualization of cultural heritage collection data: State of the art and future challenges”. </hi>
                        <hi rend="italic color(222222)" style="font-size:11pt">IEEE transactions on visualization and computer graphics</hi>
                        <hi rend="color(222222)" style="font-size:11pt" xml:space="preserve"> 25: 2311-2330.</hi>
                    </bibl>
                    <bibl>
                        <hi style="font-size:11pt" xml:space="preserve">Windhager, Florian, Mayr, Eva, Schlögl, Matthias, und Kaiser, Maximilian. 2022. “Visuelle Analyse und Kuratierung von Biographiedaten”. In </hi>
                        <hi rend="italic" style="font-size:11pt">Digital History. Konzepte, Methoden und Kritiken Digitaler Geschichtswissenschaft</hi>
                        <hi style="font-size:11pt" xml:space="preserve">, ed. K. Döring et al., 137-150. Amsterdam: DeGruyter.  </hi>
                        <ref target="https://doi.org/10.1515/9783110757101-008">
                            <hi rend="color(1155CC)" style="font-size:11pt">10.1515/9783110757101-008</hi>
                        </ref>
                    </bibl>
                </listBibl>
            </div>
        </back>
    </text>
</TEI>
