<?xml version="1.0" encoding="UTF-8"?>
<TEI xml:id="WINDHAGER_Florian_Skalierbare_Blicke_auf_Leben_und_Werk__Vis" xmlns="http://www.tei-c.org/ns/1.0">
    <teiHeader>
        <fileDesc>
            <titleStmt>
                <title>Skalierbare Blicke auf Leben und Werk: Visuelle Analyse und Kuratierung von kulturellen Objekten und Künstler*innen-Biographien</title>
                <author>
                    <persName>
                        <surname>Windhager</surname>
                        <forename>Florian</forename>
                    </persName>
                    <affiliation>Universität für Weiterbildung Krems</affiliation>
                    <email>florian.windhager@donau-uni.ac.at</email>
                    <idno type="ORCID">0000-0002-5170-2243</idno>
                </author>
                <author>
                    <persName>
                        <surname>Liem</surname>
                        <forename>Johannes</forename>
                    </persName>
                    <affiliation>Universität für Weiterbildung Krems</affiliation>
                    <email>johannes.liem@donau-uni.ac.at</email>
                </author>
                <author>
                    <persName>
                        <surname>Mayr</surname>
                        <forename>Eva</forename>
                    </persName>
                    <affiliation>Universität für Weiterbildung Krems</affiliation>
                    <email>eva.mayr@donau-uni.ac.at</email>
                </author>
                <author>
                    <persName>
                        <surname>Schlögl</surname>
                        <forename>Matthias</forename>
                    </persName>
                    <affiliation>Österreichische Akademie der Wissenschaften</affiliation>
                    <email>matthias.schloegl@oeaw.ac.at</email>
                </author>
                <author>
                    <persName>
                        <surname>Ebel</surname>
                        <forename>Carla</forename>
                    </persName>
                    <affiliation>Österreichische Akademie der Wissenschaften</affiliation>
                    <email>carla.ebel@oeaw.ac.at</email>
                </author>
                <author>
                    <persName>
                        <surname>Probst</surname>
                        <forename>Stefan</forename>
                    </persName>
                    <affiliation>Österreichische Akademie der Wissenschaften</affiliation>
                    <email>stefan.probst@oeaw.ac.at</email>
                </author>
                <author>
                    <persName>
                        <surname>Beck</surname>
                        <forename>Samuel</forename>
                    </persName>
                    <affiliation>Universität Stuttgart</affiliation>
                    <email>samuel.beck@vis.uni-stuttgart.de</email>
                </author>
                <author>
                    <persName>
                        <surname>Koch</surname>
                        <forename>Steffen</forename>
                    </persName>
                    <affiliation>Universität Stuttgart</affiliation>
                    <email>steffen.koch@vis.uni-stuttgart.de</email>
                </author>
            </titleStmt>
            <editionStmt>
                <edition>
                    <date>2022-12-15T14:58:00Z</date>
                </edition>
            </editionStmt>
            <publicationStmt>
                    <publisher>Culture and Computation Lab</publisher>
                    <address>
                        <addrLine>Université du Luxembourg</addrLine>
                        <addrLine>2, Avenue de l'Université</addrLine>
                        <addrLine>L-4365 Esch-sur Alzette</addrLine>
                        <addrLine>Luxembourg</addrLine>
                    </address>
                    <publisher>Luxembourg Centre for Contemporary and Digital History</publisher>
                    <address>
                        <addrLine>Université du Luxembourg</addrLine>
                        <addrLine>2, Avenue de l'Université</addrLine>
                        <addrLine>L-4365 Esch-sur Alzette</addrLine>
                        <addrLine>Luxembourg</addrLine>
                    </address>
                    <publisher>Trier Center for Digital Humanities</publisher>
                    <address>
                        <addrLine>Universität Trier</addrLine>  
                        <addrLine>Universitätsring 15</addrLine>
                        <addrLine>54296 Trier</addrLine>
                        <addrLine>Deutschland</addrLine>
                    </address>
                </publicationStmt>
            <sourceDesc>
                <p>Converted from a Word document</p>
            </sourceDesc>
        </fileDesc>
        <encodingDesc>
            <appInfo>
                <application ident="DHCONVALIDATOR" version="1.22">
                    <label>DHConvalidator</label>
                </application>
            </appInfo>
        </encodingDesc>
        <profileDesc>
            <textClass>
                <keywords scheme="ConfTool" n="category">
                    <term>Paper</term>
                </keywords>
                <keywords scheme="ConfTool" n="subcategory">
                    <term>Workshop</term>
                </keywords>
                <keywords scheme="ConfTool" n="keywords">
                    <term>Kulturelle Objekte</term>
                    <term>Biografiedaten</term>
                    <term>Datenkuratierung</term>
                    <term>Visuelle Analyse</term>
                    <term>Fallstudien</term>
                </keywords>
                <keywords scheme="ConfTool" n="topics">
                    <term>Bewertung</term>
                    <term>Einführung</term>
                    <term>Visualisierung</term>
                    <term>Artefakte</term>
                    <term>Werkzeuge</term>
                    <term>Visualisierung</term>
                </keywords>
            </textClass>
        </profileDesc>
    </teiHeader>
    <text>
        <body>
            <div type="div1" rend="DH-Heading1">
                <head>Hintergrund</head>
                <p style="text-align: justify;">
                    <hi style="font-size:11pt">In den letzten Jahrzehnten wurde die Digitalisierung der materiellen Objektsammlungen von zahlreichen Kulturerbe-Institutionen vorangetrieben (</hi>
                    <hi rend="color(222222)" style="font-size:11pt">Khan, Shafi, &amp; Ahangar, 2018; Münster et al., 2019</hi>
                    <hi style="font-size:11pt">). Gleichzeitig wurde immaterielles Kulturerbe – wie biografisches Wissen über KünstlerInnen – digital erfasst und in biografischen Datenbanken verfügbar gemacht (Hyvönen, 2018; ter Braake et al., 2015; 2017). Diese Entwicklungen bieten eine gute Basis für eine digitale Analyse und Kommunikation des Lebens und Werks von Kulturschaffenden (</hi>
                    <hi rend="color(222222)" style="font-size:11pt" xml:space="preserve">Ruecker, Radzikowska, &amp; Sinclair, 2016; Khulusi et al., 2016; </hi>
                    <hi style="font-size:11pt">Schlögl, Windhager, Mayr, &amp; Kaiser, 2019; Windhager et al., 2018), jedoch verhindern mangelnde Verknüpfungen von lokalen Datensammlungen sowie fehlende Werkzeuge oft eine optimale Nutzung durch interessierte Forscher*innen und Praktiker*innen.</hi>
                </p>
            </div>
            <div type="div1" rend="DH-Heading1">
                <head>Die InTaVia-Plattform</head>
                <p style="text-align: justify;">
                    <hi style="font-size:11pt">Das InTaVia-Projekt (</hi>
                    <ref target="https://intavia.eu/">
                        <hi rend="color(286FA7)" style="font-size:11pt">https://intavia.eu</hi>
                    </ref>
                    <hi style="font-size:11pt">) arbeitet an der Reduktion solcher Barrieren und führt erstmalig materielles und immaterielles Kulturerbe mehrerer Länder in eine integrierte Datenbasis zusammen (Windhager, Mayr, Schlögl, &amp; Kaiser, 2022, in Druck). Das Konsortium harmonisiert zu diesem Zweck nationale Kulturdatenbestände (inkl. Finnland, Niederlande, Österreich und Slowenien) und entwickelt ein prototypisches Informationsportal für die visuelle Analyse und Kommunikation dieser integrierten Kulturdaten. So wird eine synoptische Visualisierung und Betrachtung von historischen Daten zu Leben und Werken aus verschiedenen Perspektiven (geografisch, relational, kategorial, chronologisch) und auf verschiedenen Ebenen der Aggregation (von close bis distant reading) möglich.</hi>
                </p>
            </div>
            <div type="div1" rend="DH-Heading1">
                <head>Zielsetzung Workshop</head>
                <p style="text-align: justify;">
                    <hi style="font-size:11pt">Der Workshop ist als “Early-Access Workshop” für die InTaVia-Plattform konzipiert und zielt auf die Erprobung und Diskussion von prototypischen Visualisierungsmethoden, sowie auf den Austausch mit interessierten Forscher*innen in Feldern des digitalen kulturellen Erbes, der digitalen (Kunst-)Geschichte und angrenzender Geisteswissenschaften. Zu diesem Zweck wird eine Diskussion der Thematik aus DH-Perspektive verbunden mit einer Vorstellung der InTaVia-Plattform und ihrer Technologien - mit spezifischen Fokus auf Module der Datenkuratierung und auf Methoden der visuellen Analyse. So können teilnehmende Expert*innen Einblicke in synoptische Methoden der Datenvisualisierung und -kuratierung gewinnen, während die Veranstalter*innen des Workshops mögliche Anregungen und Wünsche für die partizipative Weiterentwicklung der Plattform dokumentieren werden. </hi>
                </p>
                <p style="text-align: justify;">
                    <hi style="font-size:11pt" xml:space="preserve">Bei Interesse soll der Workshop auch der Initiierung von gemeinsamen </hi>
                    <hi rend="italic" style="font-size:11pt" xml:space="preserve">Fallstudien </hi>
                    <hi style="font-size:11pt">dienen. Für teilnehmende Expert*innen wird in diesem Fall im Nachfeld des Workshops ein Zugang zur prototypischen InTaVia-Plattform geschaffen, über den die Auswahl oder der Import von eigenen Daten mit Bezug zu individuellen Forschungsthemen möglich ist. In der Folge ist ein ausführlicherer Austausch zu den sich entwickelnden Möglichkeiten und Grenzen der Plattform angestrebt: Inhaltliche Expert*innen können die Tools der Plattform nutzen, um neue Einsichten in ihre jeweiligen Daten und Themen zu gewinnen und um Visualisierungen im Rahmen von gemeinsamen Fallstudien für eigene analytische oder kommunikative Zwecke zu nutzen. Feedback zu den sich entwickelnden Möglichkeiten und Grenzen der Plattform kann wiederum den Entwickler*innen der Plattform wertvolle Einblicke in die entscheidenden Bedürfnisse von Praktiker*innen liefern.</hi>
                </p>
            </div>
            <div type="div1" rend="DH-Heading1">
                <head>Ablauf Workshop: </head>
                <p style="text-align: justify;">
                    <hi rend="bold" style="font-size:11pt" xml:space="preserve">1) Projektvorstellung: </hi>
                    <hi style="font-size:11pt">Die InTaVia-Plattform verknüpft Datensammlungen verschiedenen Typs (i.e. kulturelle Objektsammlungen und biografische Textsammlungen) zu einer integrierten Graphdatenbank (Abbildung 1). In einer kurzen Vorstellung werden die wichtigsten Forschungsfragen des Projekts gemeinsam mit seinen technologischen Zielen und Modulen vorgestellt. Dies inkludiert Information über das Datenmodell IDM (InTaVia Data Model), das Modul zur manuellen Kuratierung dieser Daten (Data Curation Lab) und das Modul zur visuellen Analyse von ausgewählten Daten und Themen (Visual Analytics Studio). </hi>
                </p>
                <figure>
                    <graphic n="1001" width="16.002cm" height="7.590013888888889cm" url="Pictures/ec522eca09b125fe5cd28801b8e42e02.png" rend="inline"/>
                    <head><p>Abbildung 1: Architektur der InTaVia Plattform</p></head>
                </figure>
                
                <p style="text-align: justify;">
                    <hi rend="bold" style="font-size:11pt">2) Hands-On-Vorstellung von Datenmodell und Kuratierungsmodul:</hi>
                    <hi style="font-size:11pt" xml:space="preserve"> Mit Blick auf die transnationale Graphdatenbank (IKG - InTaVia Knowledge Graph) wird eine kursorische Vorstellung der vier nationalen Biografiedatenprojekte zur Darstellung des integrierten Datenmodells führen. Auf diese Weise werden Teilnehmende mit den Facetten der Lebens- und Werkdaten vertraut, deren Analyse und Aufbereitung die InTaVia-Plattform unterstützt. Dies ist von besonderer Relevanz für die potentielle manuelle Aufbereitung und Zusammenführung von Daten (sowohl Biografie- wie auch kulturelle Objektdaten), welche in einem eigenen Datenkuratierungs-Modul angesiedelt ist. Anhand einer Auswahl von Arbeitsdaten für den Workshop werden hierbei die Möglichkeiten aufgezeigt, die sich aus einer etwaigen Nutzung der Plattform für eigene Fallstudiendaten ergeben.</hi>
                </p>
                <p style="text-align: justify;">
                    <lb/>
                    <hi rend="bold" style="font-size:11pt" xml:space="preserve">3) Hands-On-Vorstellung von Visualisierungswerkzeugen: </hi>
                    <hi style="font-size:11pt">Kulturelle Objektdaten und Biografiedaten haben eine Vielzahl von Facetten und Dimensionen die für Historiker*innen und Kulturwissenschaftler*innen von Interesse sein können. Zu diesen Dimensionen zählen die geografische Position von biografischen oder künstlerischen Ereignissen, diverse Kategorien von Ereignissen oder kulturellen Entitäten (Objekte oder Personen), Relationen zwischen Personen und/oder Objekten sowie chronologische Abfolgen und Zusammenhänge. Diese Aspekte können auf verschiedenen Ebenen der Aggregation - von historischen Individuen bis hin zu diversen Gruppierungen - für verschiedene Fragestellungen von Relevanz sein. Der Workshop wird zu diesem Zweck die Arbeit mit dem multiperspektivischen Visualisierungsmodul der InTaVia-Plattform ins Zentrum stellen und mit den Teilnehmer*innen skalierbare Blicke (inkl. close &amp; distant reading) auf exemplarische Objekt- und Akteursdaten entwickeln (vgl. Abbildung 2).</hi>
                </p>
                <figure>
                    <graphic n="1002" width="16.002cm" height="10.027708333333333cm" url="Pictures/7a1b047d40e473d071b6e8a1b71dd894.png" rend="inline"/>
                    <head><p>Abbildung 2: Überblick über relevante Visualisierungstechniken in InTaVia</p></head>
                </figure>
                
                <p>
                    <hi rend="bold" style="font-size:11pt">4) Feedback:</hi>
                    <hi style="font-size:11pt" xml:space="preserve"> Während der explorativen Arbeit mit den Modulen der Plattform werden Fragen und Hinweise der Teilnehmer*innen notiert, die im Rahmen der weiteren Arbeit am Forschungsprojekt in die nutzer*innen-zentrierte Entwicklung der Plattform einfließen werden. Dazu werden sowohl die anonymisierten Notizen zu Aktivitäten des ‘lauten Denkens’ von Teilnehmer*innen dienen, wie auch die Rückmeldungen im Rahmen einer kurzen abschließenden Feedbackrunde.</hi>
                </p>
            </div>
            <div type="div1" rend="DH-Heading1">
                <head>Zielgruppe und Voraussetzungen</head>
                <p style="text-align: justify;">
                    <hi style="font-size:11pt">Der Workshop ist als Halbtagesveranstaltung geplant mit Fokus auf abwechslungsreiche Inputs zur Praxis, Erprobung und Evaluierung von aktuellen State-of-the-Art-Methoden der kulturellen Sammlungs- und Biografiedatenanalyse. Seine intendierte Zielgruppe reicht von interessierten Historiker*innen und Praktiker*innen bis hin zu Expert*innen der digitalen Geisteswissenschaften mit einem Schwerpunkt der Datenmodellierung, Kuratierung oder Visualisierung. Für die Teilnahme gibt es keine Voraussetzungen mit Blick auf inhaltliches oder technisches Vorwissen. Für die praktische Arbeit an den Daten genügt die Mitnahme eines Laptops. Die Gruppengröße ist auf 30 Teilnehmer*innen beschränkt. Mit Blick auf die technische Raumausstattung wird ein Beamer, ein Medienkoffer, sowie Whiteboards oder Pinnwände beantragt. </hi>
                </p>
                <p style="text-align: left; ">
                    <hi rend="bold">Fördernachweis</hi>: Das Projekt InTaVia (
                    <ref target="https://intavia.eu">
                        <hi rend="color(1155CC)">https://intavia.eu</hi>
                    </ref>) wird von der Europäischen Kommission im Rahmen des H2020 Research and Innovation Programme, Grant Agreement No. 101004825 gefördert.
                </p>
            </div>
        </body>
        <back>
            <div type="bibliogr">
                <listBibl>
                    <head>Bibliographie</head>
                    <bibl>
                        <hi rend="color(222222)" style="font-size:11pt" xml:space="preserve">Hyvönen, Eero, Leskinen, Petri, Tamper, Minna, and Tuominen, Jouni. 2018. “Semantic national biography of Finland.” In </hi>
                        <hi rend="italic color(222222)" style="font-size:11pt">Proceedings of the Digital Humanities in the Nordic Countries 3rd Conference (DHN 2018)</hi>
                        <hi rend="color(222222)" style="font-size:11pt">. CEUR Workshop Proceedings.</hi>
                    </bibl>
                    <bibl>
                        <hi rend="color(222222)" style="font-size:11pt" xml:space="preserve">Khan, Nadim Akhtar, Shafi, S. M., and Ahangar, Humma. 2018. “Digitization of cultural heritage: Global initiatives, opportunities and challenges.” </hi>
                        <hi rend="italic color(222222)" style="font-size:11pt">Journal of Cases on Information Technology (JCIT) 20</hi>
                        <hi rend="color(222222)" style="font-size:11pt">(4): 1-16.</hi>
                    </bibl>
                    <bibl>
                        <hi rend="color(222222)" style="font-size:11pt" xml:space="preserve">Khulusi, Richard, Kusnick, Jakob, Focht, Josef, and Jänicke, Stefan (2019). “An interactive chart of biography”. In </hi>
                        <hi rend="italic color(222222)" style="font-size:11pt">2019 IEEE Pacific Visualization Symposium (PacificVis)</hi>
                        <hi rend="color(222222)" style="font-size:11pt">, 257-266. IEEE.</hi>
                    </bibl>
                    <bibl>
                        <hi rend="color(222222)" style="font-size:11pt" xml:space="preserve">Münster, Sander, Apollonio, F. I., Bell, Peter, Kuroczynski, P., Di Lenardo, I., Rinaudo, F., and Tamborrino, R. 2019. “Digital cultural heritage meets digital humanities”. In </hi>
                        <hi rend="italic color(222222)" style="font-size:11pt">27Th Cipa International Symposium: Documenting The Past For A Better Future</hi>
                        <hi rend="color(222222)" style="font-size:11pt">,  812-820. ISPRS.</hi>
                    </bibl>
                    <bibl>
                        <hi rend="color(222222)" style="font-size:11pt" xml:space="preserve">Ruecker, Stan, Radzikowska, Milena, and Sinclair, Stefan. 2016. </hi>
                        <hi rend="italic color(222222)" style="font-size:11pt">Visual interface design for digital cultural heritage: A guide to rich-prospect browsing</hi>
                        <hi rend="color(222222)" style="font-size:11pt">. Routledge.</hi>
                    </bibl>
                    <bibl>
                        <hi style="font-size:11pt" xml:space="preserve">Schlögl, Matthias, Windhager, Florian, Mayr, Eva, und Kaiser, Maximilian. 2019. </hi>
                        <hi rend="italic" style="font-size:11pt" xml:space="preserve">Biographische Informationssysteme (DPBs, Digital Knowledge Databases, Virtual Research Environments) </hi>
                        <hi style="font-size:11pt" xml:space="preserve">[Data set]. Zenodo. </hi>
                        <ref target="https://doi.org/10.5281/zenodo.2593761">
                            <hi rend="color(1155CC)" style="font-size:11pt">10.5281/zenodo.2593761</hi>
                        </ref>
                        <hi style="font-size:11pt"> </hi>
                    </bibl>
                    <bibl>
                        <hi rend="color(222222)" style="font-size:11pt" xml:space="preserve">ter Braake, Serge, Fokkens, Antske S., Sluijter, Ronald, and Declerck, Thierry. 2015. </hi>
                        <hi rend="italic color(222222)" style="font-size:11pt">Biographical Data in a Digital World 2015: Proceedings of the First Conference on Biographical Data in a Digital World (BD2015)</hi>
                        <hi rend="color(222222)" style="font-size:11pt">. CEUR Workshop Proceedings.</hi>
                        <ref target="http://ceur-ws.org/Vol-1399/">
                            <hi rend="color(1155CC)" style="font-size:11pt">http://ceur-ws.org/Vol-1399/</hi>
                        </ref>
                        <hi rend="color(222222)" style="font-size:11pt"> </hi>
                    </bibl>
                    <bibl>
                        <hi rend="color(222222)" style="font-size:11pt" xml:space="preserve">ter Braake, Serge, Fokkens, Antske, Sluijter, Ronald, Arthur, Paul, and Wandl-Vogt, Eveline. 2018. </hi>
                        <hi rend="italic color(222222)" style="font-size:11pt">Biographical Data in a Digital World 2017: Proceedings of the Second Conference on Biographical Data in a Digital World 2017 (BD2017)</hi>
                        <hi rend="color(222222)" style="font-size:11pt" xml:space="preserve">. CEUR Wokshop Proceedings, </hi>
                        <hi rend="italic color(222222)" style="font-size:11pt">2119</hi>
                        <hi rend="color(222222)" style="font-size:11pt" xml:space="preserve">. </hi>
                        <ref target="http://ceur-ws.org/Vol-2119/">
                            <hi rend="color(1155CC)" style="font-size:11pt">http://ceur-ws.org/Vol-2119/</hi>
                        </ref>
                        <hi rend="color(222222)" style="font-size:11pt"> </hi>
                    </bibl>
                    <bibl>
                        <hi style="font-size:11pt" xml:space="preserve">Windhager, Florian, Mayr, Eva, Schlögl, Matthias, und Kaiser, Maximilian. 2022. “Visuelle Analyse und Kuratierung von Biographiedaten”. In </hi>
                        <hi rend="italic" style="font-size:11pt">Digital History. Konzepte, Methoden und Kritiken Digitaler Geschichtswissenschaft</hi>
                        <hi style="font-size:11pt" xml:space="preserve">, ed. K. Döring et al., 137-150. Amsterdam: DeGruyter. </hi>
                        <ref target="https://doi.org/10.1515/9783110757101-008">
                            <hi rend="color(1155CC)" style="font-size:11pt">10.1515/9783110757101-008</hi>
                        </ref>
                    </bibl>
                </listBibl>
            </div>
        </back>
    </text>
</TEI>
